id,article,name,standard,dy,thread,angle,armature,seria,usit,o_ring,s_key
1,22611-08-04,"06 BSP 1/2"" (0)(Г)",1,6,90,1,1,1,false,false,
2,22611-08-04T,"06 BSP 1/2"" (0)(Г)",1,6,90,1,1,1,false,false,
3,22611-08-04W,"06 BSP 1/2"" (0)(Г)",1,6,90,1,1,1,false,false,
4,22641-08-04,"06 BSP 1/2"" (45)(Г)",1,6,90,2,1,1,false,false,
5,22641-08-04T,"06 BSP 1/2"" (45)(Г)",1,6,90,2,1,1,false,false,
6,22641-08-04W,"06 BSP 1/2"" (45)(Г)",1,6,90,2,1,1,false,false,
7,22691-08-04,"06 BSP 1/2"" (90)(Г)",1,6,90,3,1,1,false,false,
8,22691-08-04T,"06 BSP 1/2"" (90)(Г)",1,6,90,3,1,1,false,false,
9,22691-08-04W,"06 BSP 1/2"" (90)(Г)",1,6,90,3,1,1,false,false,
10,12611-08-04,"06 BSP 1/2"" (Ш)",1,6,90,1,2,1,false,false,
11,12611A-08-04,"06 BSP 1/2"" (Ш) S=27",1,6,90,1,2,1,true,false,27
12,22612-04-04,"06 BSP 1/4"" (0)(Г)",1,6,91,1,1,2,false,false,
13,22611-04-04T,"06 BSP 1/4"" (0)(Г)",1,6,91,1,1,1,false,false,
14,22611-04-04W,"06 BSP 1/4"" (0)(Г)",1,6,91,1,1,1,false,false,
15,22611-04-04,"06 BSP 1/4"" (0)(Г)",1,6,91,1,1,1,false,false,
16,22611-04-04OR,"06 BSP 1/4"" (0)(Г) o-ring",1,6,91,1,1,1,false,true,
17,22641-04-04T,"06 BSP 1/4"" (45)(Г)",1,6,91,2,1,1,false,false,
18,22641-04-04W,"06 BSP 1/4"" (45)(Г)",1,6,91,2,1,1,false,false,
19,22641-04-04,"06 BSP 1/4"" (45)(Г)",1,6,91,2,1,1,false,false,
20,22691-04-04T,"06 BSP 1/4"" (90)(Г)",1,6,91,3,1,1,false,false,
21,22692-04-04,"06 BSP 1/4"" (90)(Г)",1,6,91,3,1,2,false,false,
22,22691-04-04W,"06 BSP 1/4"" (90)(Г)",1,6,91,3,1,1,false,false,
23,22691-04-04,"06 BSP 1/4"" (90)(Г)",1,6,91,3,1,1,false,false,
24,22691-04-04OR,"06 BSP 1/4"" (90)(Г) o-ring",1,6,91,3,1,1,false,true,
25,22691K-04-04OR,"06 BSP 1/4"" (90)(Г) o-ring компакт",1,6,91,3,1,1,false,true,
26,22691K-04-04,"06 BSP 1/4"" (90)(Г) компакт",1,6,91,3,1,1,false,false,
27,22691-04-04T SL,"06 BSP 1/4"" (90)(Г) мал.зам.",1,6,91,3,1,1,false,false,
28,12611-04-04 S14,"06 BSP 1/4"" (Ш) S=14",1,6,91,1,2,1,false,false,14
29,12611-04-04 S17,"06 BSP 1/4"" (Ш) S=17",1,6,91,1,2,1,false,false,17
30,12611A-04-04,"06 BSP 1/4"" (Ш) S=19",1,6,91,1,2,1,true,false,19
31,22611-02-04,06 BSP 1/8'' (0)(Г),1,6,73,1,1,1,false,false,
32,22611-02-04W,"06 BSP 1/8"" (0)(Г)",1,6,73,1,1,1,false,false,
33,22611-02-04T,"06 BSP 1/8"" (0)(Г)",1,6,73,1,1,1,false,false,
34,22641-02-04T,"06 BSP 1/8"" (45)(Г)",1,6,73,2,1,1,false,false,
35,22641-02-04W,"06 BSP 1/8"" (45)(Г)",1,6,73,2,1,1,false,false,
36,22641-02-04,"06 BSP 1/8"" (45)(Г)",1,6,73,2,1,1,false,false,
37,22691-02-04T,"06 BSP 1/8"" (90)(Г)",1,6,73,3,1,1,false,false,
38,22691-02-04W,"06 BSP 1/8"" (90)(Г)",1,6,73,3,1,1,false,false,
39,22691-02-04,"06 BSP 1/8"" (90)(Г)",1,6,73,3,1,1,false,false,
40,12611-02-04,"06 BSP 1/8"" (Ш) S=12",1,6,73,1,2,1,false,false,12
41,12611A-02-04,"06 BSP 1/8"" (Ш) S=14",1,6,73,1,2,1,true,false,14
42,22611-12-04T A,"06 BSP 3/4"" (0)(Г)",1,6,58,1,1,1,false,false,
43,22211-12-04 GAS,"06 BSP 3/4"" (0)(Г) FLAT SEAT газовый",1,6,58,1,1,1,false,false,
44,22611-06-04T,"06 BSP 3/8"" (0)(Г)",1,6,92,1,1,1,false,false,
45,22611-06-04W,"06 BSP 3/8"" (0)(Г)",1,6,92,1,1,1,false,false,
46,22611-06-04,"06 BSP 3/8"" (0)(Г)",1,6,92,1,1,1,false,false,
47,22211-06-04,"06 BSP 3/8"" (0)(Г) FLAT SEAT",1,6,92,1,1,1,false,false,
48,22211-06-04T,"06 BSP 3/8"" (0)(Г) FLAT SEAT",1,6,92,1,1,1,false,false,
49,22641-06-04T,"06 BSP 3/8"" (45)(Г)",1,6,92,2,1,1,false,false,
50,22641-06-04W,"06 BSP 3/8"" (45)(Г)",1,6,92,2,1,1,false,false,
51,22641-06-04,"06 BSP 3/8"" (45)(Г)",1,6,92,2,1,1,false,false,
52,22691-06-04T,"06 BSP 3/8"" (90)(Г)",1,6,92,3,1,1,false,false,
53,22691-06-04W,"06 BSP 3/8"" (90)(Г)",1,6,92,3,1,1,false,false,
54,22691-06-04,"06 BSP 3/8"" (90)(Г)",1,6,92,3,1,1,false,false,
55,12611-06-04,"06 BSP 3/8"" (Ш) S=17",1,6,92,1,2,1,false,false,17
56,12611A-06-04,"06 BSP 3/8"" (Ш) S=22",1,6,92,1,2,1,true,false,22
57,22611-08-05,"08 BSP 1/2"" (0)(Г)",1,8,90,1,1,1,false,false,
58,22611-08-05T,"08 BSP 1/2"" (0)(Г)",1,8,90,1,1,1,false,false,
59,22611-08-05W,"08 BSP 1/2"" (0)(Г)",1,8,90,1,1,1,false,false,
60,22211-08-05T,"08 BSP 1/2"" (0)(Г) FLAT SEAT",1,8,90,1,1,1,false,false,
61,22641-08-05,"08 BSP 1/2"" (45)(Г)",1,8,90,2,1,1,false,false,
62,22641-08-05T,"08 BSP 1/2"" (45)(Г)",1,8,90,2,1,1,false,false,
63,22641-08-05W,"08 BSP 1/2"" (45)(Г)",1,8,90,2,1,1,false,false,
64,22691-08-05,"08 BSP 1/2"" (90)(Г)",1,8,90,3,1,1,false,false,
65,22691-08-05T,"08 BSP 1/2"" (90)(Г)",1,8,90,3,1,1,false,false,
66,22691-08-05W,"08 BSP 1/2"" (90)(Г)",1,8,90,3,1,1,false,false,
67,12611-08-05,"08 BSP 1/2"" (Ш) S=22",1,8,90,1,2,1,false,false,22
68,12611A-08-05 A,"08 BSP 1/2"" (Ш) S=27",1,8,90,1,2,1,true,false,27
69,12611A-08-05,"08 BSP 1/2"" (Ш) S=27",1,8,90,1,2,1,true,false,27
70,22611-04-05W,"08 BSP 1/4"" (0)(Г)",1,8,91,1,1,1,false,false,
71,22611-04-05T,"08 BSP 1/4"" (0)(Г)",1,8,91,1,1,1,false,false,
72,22611-04-05,"08 BSP 1/4"" (0)(Г)",1,8,91,1,1,1,false,false,
73,22641-04-05,"08 BSP 1/4"" (45)(Г)",1,8,91,2,1,1,false,false,
74,22641-04-05T,"08 BSP 1/4"" (45)(Г)",1,8,91,2,1,1,false,false,
75,22641-04-05W,"08 BSP 1/4"" (45)(Г)",1,8,91,2,1,1,false,false,
76,22691-04-05T,"08 BSP 1/4"" (90)(Г)",1,8,91,3,1,1,false,false,
77,22691-04-05W,"08 BSP 1/4"" (90)(Г)",1,8,91,3,1,1,false,false,
78,22691-04-05,"08 BSP 1/4"" (90)(Г)",1,8,91,3,1,1,false,false,
79,12611-04-05,"08 BSP 1/4"" (Ш) S=17",1,8,91,1,2,1,false,false,17
80,12611A-04-05,"08 BSP 1/4"" (Ш) S=19",1,8,91,1,2,1,true,false,19
81,22611-06-05T,"08 BSP 3/8"" (0)(Г)",1,8,92,1,1,1,false,false,
82,22611-06-05W,"08 BSP 3/8"" (0)(Г)",1,8,92,1,1,1,false,false,
83,22611-06-05,"08 BSP 3/8"" (0)(Г)",1,8,92,1,1,1,false,false,
84,22641-06-05T,"08 BSP 3/8"" (45)(Г)",1,8,92,2,1,1,false,false,
85,22641-06-05W,"08 BSP 3/8"" (45)(Г)",1,8,92,2,1,1,false,false,
86,22641-06-05,"08 BSP 3/8"" (45)(Г)",1,8,92,2,1,1,false,false,
87,22691-06-05T,"08 BSP 3/8"" (90)(Г)",1,8,92,3,1,1,false,false,
88,22691-06-05W,"08 BSP 3/8"" (90)(Г)",1,8,92,3,1,1,false,false,
89,22691-06-05,"08 BSP 3/8"" (90)(Г)",1,8,92,3,1,1,false,false,
90,12611-06-05,"08 BSP 3/8"" (Ш) S=17",1,8,92,1,2,1,false,false,17
91,12611A-06-05,"08 BSP 3/8"" (Ш) S=22",1,8,92,1,2,1,true,false,22
92,12611A-06-05 A,"08 BSP 3/8"" (Ш) S=22",1,8,92,1,2,1,true,false,22
93,22611-08-06T,"10 BSP 1/2"" (0)(Г)",1,10,90,1,1,1,false,false,
94,22611-08-06W,"10 BSP 1/2"" (0)(Г)",1,10,90,1,1,1,false,false,
95,22611-08-06,"10 BSP 1/2"" (0)(Г)",1,10,90,1,1,1,false,false,
96,22641-08-06T,"10 BSP 1/2"" (45)(Г)",1,10,90,2,1,1,false,false,
97,22641-08-06W,"10 BSP 1/2"" (45)(Г)",1,10,90,2,1,1,false,false,
98,22641-08-06,"10 BSP 1/2"" (45)(Г)",1,10,90,2,1,1,false,false,
99,22691-08-06T,"10 BSP 1/2"" (90)(Г)",1,10,90,3,1,1,false,false,
100,22692-08-06,"10 BSP 1/2"" (90)(Г)",1,10,90,3,1,2,false,false,
101,22691-08-06W,"10 BSP 1/2"" (90)(Г)",1,10,90,3,1,1,false,false,
102,22691-08-06,"10 BSP 1/2"" (90)(Г)",1,10,90,3,1,1,false,false,
103,12611-08-06,"10 BSP 1/2"" (Ш) S=22",1,10,90,1,2,1,false,false,22
104,12612-08-06,"10 BSP 1/2"" (Ш) S=22",1,10,90,1,2,2,false,false,22
105,12611А-08-06,"10 BSP 1/2"" (Ш) S=27",1,10,90,1,2,1,true,false,27
106,12612А-08-06,"10 BSP 1/2"" (Ш) S=27",1,10,90,1,2,2,true,false,27
107,22611-04-06W,"10 BSP 1/4"" (0)(Г)",1,10,91,1,1,1,false,false,
108,22611-04-06T,"10 BSP 1/4"" (0)(Г)",1,10,91,1,1,1,false,false,
109,22611-04-06,"10 BSP 1/4"" (0)(Г)",1,10,91,1,1,1,false,false,
110,22641-04-06T,"10 BSP 1/4"" (45)(Г)",1,10,91,2,1,1,false,false,
111,22641-04-06W,"10 BSP 1/4"" (45)(Г)",1,10,91,2,1,1,false,false,
112,22641-04-06,"10 BSP 1/4"" (45)(Г)",1,10,91,2,1,1,false,false,
113,22691-04-06T,"10 BSP 1/4"" (90)(Г)",1,10,91,3,1,1,false,false,
114,22691-04-06W,"10 BSP 1/4"" (90)(Г)",1,10,91,3,1,1,false,false,
115,22691-04-06,"10 BSP 1/4"" (90)(Г)",1,10,91,3,1,1,false,false,
116,12611-04-06,"10 BSP 1/4"" (Ш) S=17",1,10,91,1,2,1,false,false,17
117,12611A-04-06,"10 BSP 1/4"" (Ш) S=19",1,10,91,1,2,1,true,false,19
118,22611-02-06,"10 BSP 1/8"" (0)(Г)",1,10,73,1,1,1,false,false,
119,22611-02-06T,"10 BSP 1/8"" (0)(Г)",1,10,73,1,1,1,false,false,
120,22611-02-06W,"10 BSP 1/8"" (0)(Г)",1,10,73,1,1,1,false,false,
121,22641-02-06,"10 BSP 1/8"" (45)(Г)",1,10,73,2,1,1,false,false,
122,22641-02-06T,"10 BSP 1/8"" (45)(Г)",1,10,73,2,1,1,false,false,
123,22641-02-06W,"10 BSP 1/8"" (45)(Г)",1,10,73,2,1,1,false,false,
124,22691-02-06,"10 BSP 1/8"" (90)(Г)",1,10,73,3,1,1,false,false,
125,22691-02-06T,"10 BSP 1/8"" (90)(Г)",1,10,73,3,1,1,false,false,
126,22691-02-06W,"10 BSP 1/8"" (90)(Г)",1,10,73,3,1,1,false,false,
127,12611-02-06,"10 BSP 1/8"" (Ш)",1,10,73,1,2,1,false,false,
128,12611A-02-06,"10 BSP 1/8"" (Ш)",1,10,73,1,2,1,true,false,
129,22611-06-06T,"10 BSP 3/8"" (0)(Г)",1,10,92,1,1,1,false,false,
130,22612-06-06,"10 BSP 3/8"" (0)(Г)",1,10,92,1,1,2,false,false,
131,22611-06-06W,"10 BSP 3/8"" (0)(Г)",1,10,92,1,1,1,false,false,
132,22611-06-06,"10 BSP 3/8"" (0)(Г)",1,10,92,1,1,1,false,false,
133,22211-06-06,"10 BSP 3/8"" (0)(Г) FLAT SEAT ",1,10,92,1,1,1,false,false,
134,22211-06-06T,"10 BSP 3/8"" (0)(Г) FLAT SEAT ",1,10,92,1,1,1,false,false,
135,22611-06-06OR,"10 BSP 3/8"" (0)(Г) o-ring",1,10,92,1,1,1,false,true,
136,22611-06-06OR A,"10 BSP 3/8"" (0)(Г) o-ring",1,10,92,1,1,1,false,false,
137,22611-06-06TOR,"10 BSP 3/8"" (0)(Г) o-ring",1,10,92,1,1,1,false,true,
138,22641-06-06T,"10 BSP 3/8"" (45)(Г)",1,10,92,2,1,1,false,false,
139,22641-06-06W,"10 BSP 3/8"" (45)(Г)",1,10,92,2,1,1,false,false,
140,22641-06-06,"10 BSP 3/8"" (45)(Г)",1,10,92,2,1,1,false,false,
141,22692-06-06,"10 BSP 3/8"" (90)(Г)",1,10,92,3,1,2,false,false,
142,22691-06-06T,"10 BSP 3/8"" (90)(Г)",1,10,92,3,1,1,false,false,
143,22691-06-06W,"10 BSP 3/8"" (90)(Г)",1,10,92,3,1,1,false,false,
144,22691-06-06,"10 BSP 3/8"" (90)(Г)",1,10,92,3,1,1,false,false,
145,22291-06-06,"10 BSP 3/8"" (90)(Г) FLAT SEAT",1,10,92,3,1,1,false,false,
146,22691-06-06OR,"10 BSP 3/8"" (90)(Г) o-ring",1,10,92,3,1,1,false,true,
147,22691K-06-06OR,"10 BSP 3/8"" (90)(Г) o-ring компакт",1,10,92,3,1,1,false,true,
148,22691K-06-06,"10 BSP 3/8"" (90)(Г) компакт",1,10,92,3,1,1,false,false,
149,12611-06-06 S17,"10 BSP 3/8"" (Ш) S=17",1,10,92,1,2,1,false,false,17
150,12612-06-06 S17,"10 BSP 3/8"" (Ш) S=17",1,10,92,1,2,2,false,false,17
151,12611-06-06 S19,"10 BSP 3/8"" (Ш) S=19",1,10,92,1,2,1,false,false,19
152,12611A-06-06,"10 BSP 3/8"" (Ш) S=22",1,10,92,1,2,1,true,false,22
153,12611A-06-06 A,"10 BSP 3/8"" (Ш) S=22",1,10,92,1,2,1,true,false,22
154,22611-08-08T,"12 BSP 1/2"" (0)(Г)",1,12,90,1,1,1,false,false,
155,22612-08-08,"12 BSP 1/2"" (0)(Г)",1,12,90,1,1,2,false,false,
156,22612-08-08T,"12 BSP 1/2"" (0)(Г)",1,12,90,1,1,2,false,false,
157,22611-08-08W,"12 BSP 1/2"" (0)(Г)",1,12,90,1,1,1,false,false,
158,22612-08-08W,"12 BSP 1/2"" (0)(Г)",1,12,90,1,1,2,false,false,
159,22611-08-08,"12 BSP 1/2"" (0)(Г)",1,12,90,1,1,1,false,false,
160,22212-08-08 А,"12 BSP 1/2"" (0)(Г) FLAT",1,12,90,1,1,2,false,false,
161,22211-08-08,"12 BSP 1/2"" (0)(Г) FLAT SEAT ",1,12,90,1,1,1,false,false,
162,22211-08-08T,"12 BSP 1/2"" (0)(Г) FLAT SEAT ",1,12,90,1,1,1,false,false,
163,22212-08-08,"12 BSP 1/2"" (0)(Г) FLAT SEAT ",1,12,90,1,1,2,false,false,
164,22212-08-08T,"12 BSP 1/2"" (0)(Г) FLAT SEAT ",1,12,90,1,1,2,false,false,
165,22211-08-08W,"12 BSP 1/2"" (0)(Г) FLAT SEAT ",1,12,90,1,1,1,false,false,
166,22212-08-08W,"12 BSP 1/2"" (0)(Г) FLAT SEAT ",1,12,90,1,1,2,false,false,
167,22612-08-08OR,"12 BSP 1/2"" (0)(Г) o-ring",1,12,90,1,1,2,false,true,
168,22611-08-08OR,"12 BSP 1/2"" (0)(Г) o-ring",1,12,90,1,1,1,false,true,
169,22611K-08-08,"12 BSP 1/2"" (0)(Г) компакт",1,12,90,1,1,1,false,false,
170,22642-08-08,"12 BSP 1/2"" (45)(Г)",1,12,90,2,1,2,false,false,
171,22642-08-08T,"12 BSP 1/2"" (45)(Г)",1,12,90,2,1,2,false,false,
172,22641-08-08T,"12 BSP 1/2"" (45)(Г)",1,12,90,2,1,1,false,false,
173,22642-08-08W,"12 BSP 1/2"" (45)(Г)",1,12,90,2,1,2,false,false,
174,22641-08-08W,"12 BSP 1/2"" (45)(Г)",1,12,90,2,1,1,false,false,
175,22641-08-08,"12 BSP 1/2"" (45)(Г)",1,12,90,2,1,1,false,false,
176,22691-08-08T,"12 BSP 1/2"" (90)(Г)",1,12,90,3,1,1,false,false,
177,22692-08-08,"12 BSP 1/2"" (90)(Г)",1,12,90,3,1,2,false,false,
178,22692-08-08T,"12 BSP 1/2"" (90)(Г)",1,12,90,3,1,2,false,false,
179,22691-08-08W,"12 BSP 1/2"" (90)(Г)",1,12,90,3,1,1,false,false,
180,22692-08-08W,"12 BSP 1/2"" (90)(Г)",1,12,90,3,1,2,false,false,
181,22691-08-08,"12 BSP 1/2"" (90)(Г)",1,12,90,3,1,1,false,false,
182,22291-08-08,"12 BSP 1/2"" (90)(Г) FLAT SEAT ",1,12,90,3,1,1,false,false,
183,22291-08-08T,"12 BSP 1/2"" (90)(Г) FLAT SEAT ",1,12,90,3,1,1,false,false,
184,22292-08-08,"12 BSP 1/2"" (90)(Г) FLAT SEAT ",1,12,90,3,1,2,false,false,
185,22292-08-08T,"12 BSP 1/2"" (90)(Г) FLAT SEAT ",1,12,90,3,1,2,false,false,
186,22691-08-08TOR,"12 BSP 1/2"" (90)(Г) o-ring",1,12,90,3,1,1,false,true,
187,22692-08-08OR,"12 BSP 1/2"" (90)(Г) o-ring",1,12,90,3,1,2,false,true,
188,22692-08-08TOR,"12 BSP 1/2"" (90)(Г) o-ring",1,12,90,3,1,2,false,true,
189,22691-08-08OR,"12 BSP 1/2"" (90)(Г) o-ring",1,12,90,3,1,1,false,true,
190,22691K-08-08OR,"12 BSP 1/2"" (90)(Г) o-ring компакт",1,12,90,3,1,1,false,true,
191,22691K-08-08,"12 BSP 1/2"" (90)(Г) компакт",1,12,90,3,1,1,false,false,
192,12612-08-08,"12 BSP 1/2"" (Ш) S=22",1,12,90,1,2,2,false,false,22
193,12611-08-08,"12 BSP 1/2"" (Ш) S=22",1,12,90,1,2,1,false,false,22
194,12611L-08-08 L27,"12 BSP 1/2"" (Ш) S=22 (L=27мм) - удлиненная резьба",1,12,90,1,2,1,false,false,22
195,12612L-08-08 L27,"12 BSP 1/2"" (Ш) S=22 (L=27мм) - удлиненная резьба",1,12,90,1,2,2,false,false,22
196,12612L-08-08 L35,"12 BSP 1/2"" (Ш) S=22 (L=35мм) - удлиненная резьба",1,12,90,1,2,2,false,false,22
197,12611A-08-08,"12 BSP 1/2"" (Ш) S=27",1,12,90,1,2,1,true,false,27
198,12612А-08-08,"12 BSP 1/2"" (Ш) S=27",1,12,90,1,2,2,true,false,27
199,12612LA-08-08 L31,"12 BSP 1/2"" (Ш) S=27 (L=31мм) - удлиненная резьба",1,12,90,1,2,2,true,false,27
200,12611LA-08-08 L31,"12 BSP 1/2"" (Ш) S=27 (L=31мм) - удлиненная резьба",1,12,90,1,2,1,true,false,27
201,12612LA-08-08 L35,"12 BSP 1/2"" (Ш) S=27 (L=35мм) - удлиненная резьба",1,12,90,1,2,2,true,false,27
202,12611LA-08-08 L35,"12 BSP 1/2"" (Ш) S=27 (L=35мм) - удлиненная резьба",1,12,90,1,2,1,true,false,27
203,12612LA-08-08 L35 A,"12 BSP 1/2"" (Ш) S=27 (L=35мм) - удлиненная резьба",1,12,90,1,2,2,true,false,27
204,12611LA-08-08 L35 A,"12 BSP 1/2"" (Ш) S=27 (L=35мм) - удлиненная резьба",1,12,90,1,2,1,true,false,27
205,22611-04-08,"12 BSP 1/4"" (0)(Г)",1,12,91,1,1,1,false,false,
206,22612-04-08,"12 BSP 1/4"" (0)(Г)",1,12,91,1,1,2,false,false,
207,22611-04-08T,"12 BSP 1/4"" (0)(Г)",1,12,91,1,1,1,false,false,
208,22612-04-08T,"12 BSP 1/4"" (0)(Г)",1,12,91,1,1,2,false,false,
209,22611-04-08W,"12 BSP 1/4"" (0)(Г)",1,12,91,1,1,1,false,false,
210,22612-04-08W,"12 BSP 1/4"" (0)(Г)",1,12,91,1,1,2,false,false,
211,22641-04-08,"12 BSP 1/4"" (45)(Г)",1,12,91,2,1,1,false,false,
212,22641-04-08T,"12 BSP 1/4"" (45)(Г)",1,12,91,2,1,1,false,false,
213,22641-04-08W,"12 BSP 1/4"" (45)(Г)",1,12,91,2,1,1,false,false,
214,22642-04-08,"12 BSP 1/4"" (45)(Г)",1,12,91,2,1,2,false,false,
215,22642-04-08T,"12 BSP 1/4"" (45)(Г)",1,12,91,2,1,2,false,false,
216,22642-04-08W,"12 BSP 1/4"" (45)(Г)",1,12,91,2,1,2,false,false,
217,22691-04-08,"12 BSP 1/4"" (90)(Г)",1,12,91,3,1,1,false,false,
218,22691-04-08T,"12 BSP 1/4"" (90)(Г)",1,12,91,3,1,1,false,false,
219,22691-04-08W,"12 BSP 1/4"" (90)(Г)",1,12,91,3,1,1,false,false,
220,22692-04-08,"12 BSP 1/4"" (90)(Г)",1,12,91,3,1,2,false,false,
221,22692-04-08T,"12 BSP 1/4"" (90)(Г)",1,12,91,3,1,2,false,false,
222,22692-04-08W,"12 BSP 1/4"" (90)(Г)",1,12,91,3,1,2,false,false,
223,12611-04-08,"12 BSP 1/4"" (Ш) ",1,12,91,1,2,1,false,false,
224,12611A-04-08,"12 BSP 1/4"" (Ш) ",1,12,91,1,2,1,true,false,
225,12612-04-08,"12 BSP 1/4"" (Ш) ",1,12,91,1,2,2,false,false,
226,12612A-04-08,"12 BSP 1/4"" (Ш) ",1,12,91,1,2,2,true,false,
227,12612-04-08 A,"12 BSP 1/4"" (Ш)",1,12,91,1,2,2,false,false,
228,22611-12-08T,"12 BSP 3/4"" (0)(Г)",1,12,58,1,1,1,false,false,
229,22612-12-08T,"12 BSP 3/4"" (0)(Г)",1,12,58,1,1,2,false,false,
230,22612-12-08,"12 BSP 3/4"" (0)(Г)",1,12,58,1,1,2,false,false,
231,22611-12-08W,"12 BSP 3/4"" (0)(Г)",1,12,58,1,1,1,false,false,
232,22612-12-08W,"12 BSP 3/4"" (0)(Г)",1,12,58,1,1,2,false,false,
233,22611-12-08,"12 BSP 3/4"" (0)(Г)",1,12,58,1,1,1,false,false,
234,22641-12-08,"12 BSP 3/4"" (45)(Г)",1,12,58,2,1,1,false,false,
235,22642-12-08T,"12 BSP 3/4"" (45)(Г)",1,12,58,2,1,2,false,false,
236,22641-12-08W,"12 BSP 3/4"" (45)(Г)",1,12,58,2,1,1,false,false,
237,22642-12-08,"12 BSP 3/4"" (45)(Г)",1,12,58,2,1,2,false,false,
238,22642-12-08W,"12 BSP 3/4"" (45)(Г)",1,12,58,2,1,2,false,false,
239,22641-12-08T,"12 BSP 3/4"" (45)(Г)",1,12,58,2,1,1,false,false,
240,22691-12-08T,"12 BSP 3/4"" (90)(Г)",1,12,58,3,1,1,false,false,
241,22692-12-08,"12 BSP 3/4"" (90)(Г)",1,12,58,3,1,2,false,false,
242,22692-12-08T,"12 BSP 3/4"" (90)(Г)",1,12,58,3,1,2,false,false,
243,22692-12-08W,"12 BSP 3/4"" (90)(Г)",1,12,58,3,1,2,false,false,
244,22691-12-08W,"12 BSP 3/4"" (90)(Г)",1,12,58,3,1,1,false,false,
245,22691-12-08,"12 BSP 3/4"" (90)(Г)",1,12,58,3,1,1,false,false,
246,12611-12-08,"12 BSP 3/4"" (Ш) S=27",1,12,58,1,2,1,false,false,27
247,12612-12-08,"12 BSP 3/4"" (Ш) S=27",1,12,58,1,2,2,false,false,27
248,12611А-12-08,"12 BSP 3/4"" (Ш) S=32",1,12,58,1,2,1,true,false,32
249,12612А-12-08,"12 BSP 3/4"" (Ш) S=32",1,12,58,1,2,2,true,false,32
250,22612-06-08,"12 BSP 3/8"" (0)(Г)",1,12,92,1,1,2,false,false,
251,22612-06-08T,"12 BSP 3/8"" (0)(Г)",1,12,92,1,1,2,false,false,
252,22612-06-08W,"12 BSP 3/8"" (0)(Г)",1,12,92,1,1,2,false,false,
253,22611-06-08T,"12 BSP 3/8"" (0)(Г)",1,12,92,1,1,1,false,false,
254,22611-06-08W,"12 BSP 3/8"" (0)(Г)",1,12,92,1,1,1,false,false,
255,22611-06-08,"12 BSP 3/8"" (0)(Г)",1,12,92,1,1,1,false,false,
256,22642-06-08,"12 BSP 3/8"" (45)(Г)",1,12,92,2,1,2,false,false,
257,22642-06-08T,"12 BSP 3/8"" (45)(Г)",1,12,92,2,1,2,false,false,
258,22642-06-08W,"12 BSP 3/8"" (45)(Г)",1,12,92,2,1,2,false,false,
259,22641-06-08T,"12 BSP 3/8"" (45)(Г)",1,12,92,2,1,1,false,false,
260,22641-06-08W,"12 BSP 3/8"" (45)(Г)",1,12,92,2,1,1,false,false,
261,22641-06-08,"12 BSP 3/8"" (45)(Г)",1,12,92,2,1,1,false,false,
262,22692-06-08,"12 BSP 3/8"" (90)(Г)",1,12,92,3,1,2,false,false,
263,22692-06-08T,"12 BSP 3/8"" (90)(Г)",1,12,92,3,1,2,false,false,
264,22692-06-08W,"12 BSP 3/8"" (90)(Г)",1,12,92,3,1,2,false,false,
265,22691-06-08T,"12 BSP 3/8"" (90)(Г)",1,12,92,3,1,1,false,false,
266,22691-06-08W,"12 BSP 3/8"" (90)(Г)",1,12,92,3,1,1,false,false,
267,22691-06-08,"12 BSP 3/8"" (90)(Г)",1,12,92,3,1,1,false,false,
268,12612-06-08,"12 BSP 3/8"" (Ш) S=19",1,12,92,1,2,2,false,false,19
269,12611-06-08,"12 BSP 3/8"" (Ш) S=19",1,12,92,1,2,1,false,false,19
270,12611A-06-08,"12 BSP 3/8"" (Ш) S=22",1,12,92,1,2,1,true,false,22
271,12612A-06-08,"12 BSP 3/8"" (Ш) S=22",1,12,92,1,2,2,true,false,22
272,12611A-06-08 A,"12 BSP 3/8"" (Ш) S=22",1,12,92,1,2,1,true,false,22
273,22612-10-08,"12 BSP 5/8"" (0)(Г)",1,12,93,1,1,2,false,false,
274,22612-10-08T,"12 BSP 5/8"" (0)(Г)",1,12,93,1,1,2,false,false,
275,22612-10-08W,"12 BSP 5/8"" (0)(Г)",1,12,93,1,1,2,false,false,
276,22611-10-08T,"12 BSP 5/8"" (0)(Г)",1,12,93,1,1,1,false,false,
277,22611-10-08W,"12 BSP 5/8"" (0)(Г)",1,12,93,1,1,1,false,false,
278,22611-10-08,"12 BSP 5/8"" (0)(Г)",1,12,93,1,1,1,false,false,
279,22641-10-08T,"12 BSP 5/8"" (45)(Г)",1,12,93,2,1,1,false,false,
280,22641-10-08W,"12 BSP 5/8"" (45)(Г)",1,12,93,2,1,1,false,false,
281,22642-10-08T,"12 BSP 5/8"" (45)(Г)",1,12,93,2,1,2,false,false,
282,22642-10-08,"12 BSP 5/8"" (45)(Г)",1,12,93,2,1,2,false,false,
283,22642-10-08W,"12 BSP 5/8"" (45)(Г)",1,12,93,2,1,2,false,false,
284,22641-10-08,"12 BSP 5/8"" (45)(Г)",1,12,93,2,1,1,false,false,
285,22692-10-08T,"12 BSP 5/8"" (90)(Г)",1,12,93,3,1,2,false,false,
286,22692-10-08,"12 BSP 5/8"" (90)(Г)",1,12,93,3,1,2,false,false,
287,22692-10-08W,"12 BSP 5/8"" (90)(Г)",1,12,93,3,1,2,false,false,
288,22691-10-08T,"12 BSP 5/8"" (90)(Г)",1,12,93,3,1,1,false,false,
289,22691-10-08W,"12 BSP 5/8"" (90)(Г)",1,12,93,3,1,1,false,false,
290,22691-10-08,"12 BSP 5/8"" (90)(Г)",1,12,93,3,1,1,false,false,
291,12611-10-08 S24,"12 BSP 5/8"" (Ш) S=24",1,12,93,1,2,1,false,false,24
292,12612-10-08 S24,"12 BSP 5/8"" (Ш) S=24",1,12,93,1,2,2,false,false,24
293,12611-10-08 S27,"12 BSP 5/8"" (Ш) S=27",1,12,93,1,2,1,false,false,27
294,12612-10-08 S27,"12 BSP 5/8"" (Ш) S=27",1,12,93,1,2,2,false,false,27
295,12611A-10-08,"12 BSP 5/8"" (Ш) S=30",1,12,93,1,2,1,true,false,30
296,12612A-10-08,"12 BSP 5/8"" (Ш) S=30",1,12,93,1,2,2,true,false,30
297,22611-08-10W,"16 BSP 1/2"" (0)(Г)",1,16,90,1,1,1,false,false,
298,22612-08-10,"16 BSP 1/2"" (0)(Г)",1,16,90,1,1,2,false,false,
299,22611-08-10T,"16 BSP 1/2"" (0)(Г)",1,16,90,1,1,1,false,false,
300,22612-08-10T,"16 BSP 1/2"" (0)(Г)",1,16,90,1,1,2,false,false,
301,22612-08-10W,"16 BSP 1/2"" (0)(Г)",1,16,90,1,1,2,false,false,
302,22611-08-10,"16 BSP 1/2"" (0)(Г)",1,16,90,1,1,1,false,false,
303,22641-08-10,"16 BSP 1/2"" (45)(Г)",1,16,90,2,1,1,false,false,
304,22641-08-10T,"16 BSP 1/2"" (45)(Г)",1,16,90,2,1,1,false,false,
305,22641-08-10W,"16 BSP 1/2"" (45)(Г)",1,16,90,2,1,1,false,false,
306,22642-08-10,"16 BSP 1/2"" (45)(Г)",1,16,90,2,1,2,false,false,
307,22642-08-10T,"16 BSP 1/2"" (45)(Г)",1,16,90,2,1,2,false,false,
308,22642-08-10W,"16 BSP 1/2"" (45)(Г)",1,16,90,2,1,2,false,false,
309,22691-08-10,"16 BSP 1/2"" (90)(Г)",1,16,90,3,1,1,false,false,
310,22692-08-10,"16 BSP 1/2"" (90)(Г)",1,16,90,3,1,2,false,false,
311,22691-08-10T,"16 BSP 1/2"" (90)(Г)",1,16,90,3,1,1,false,false,
312,22691-08-10W,"16 BSP 1/2"" (90)(Г)",1,16,90,3,1,1,false,false,
313,22692-08-10T,"16 BSP 1/2"" (90)(Г)",1,16,90,3,1,2,false,false,
314,22692-08-10W,"16 BSP 1/2"" (90)(Г)",1,16,90,3,1,2,false,false,
315,12612-08-10,"16 BSP 1/2"" (Ш) ",1,16,90,1,2,2,false,false,
316,12611-08-10,"16 BSP 1/2"" (Ш) ",1,16,90,1,2,1,false,false,
317,12612-08-10 A,"16 BSP 1/2"" (Ш)",1,16,90,1,2,2,false,false,
318,12612A-08-10,"16 BSP 1/2"" (Ш) S=27",1,16,90,1,2,2,true,false,27
319,12612A-08-10 A,"16 BSP 1/2"" (Ш) S=27",1,16,90,1,2,2,true,false,27
320,12611A-08-10,"16 BSP 1/2"" (Ш) S=27",1,16,90,1,2,1,true,false,27
321,22612-12-10,"16 BSP 3/4"" (0)(Г)",1,16,58,1,1,2,false,false,
322,22611-12-10T,"16 BSP 3/4"" (0)(Г)",1,16,58,1,1,1,false,false,
323,22612-12-10T,"16 BSP 3/4"" (0)(Г)",1,16,58,1,1,2,false,false,
324,22612-12-10W,"16 BSP 3/4"" (0)(Г)",1,16,58,1,1,2,false,false,
325,22611-12-10W,"16 BSP 3/4"" (0)(Г)",1,16,58,1,1,1,false,false,
326,22611-12-10,"16 BSP 3/4"" (0)(Г)",1,16,58,1,1,1,false,false,
327,22212-12-10T,"16 BSP 3/4"" (0)(Г) FLAT SEAT",1,16,58,1,1,2,false,false,
328,22212-12-10,"16 BSP 3/4"" (0)(Г) FLAT SEAT",1,16,58,1,1,2,false,false,
329,22642-12-10,"16 BSP 3/4"" (45)(Г)",1,16,58,2,1,2,false,false,
330,22641-12-10T,"16 BSP 3/4"" (45)(Г)",1,16,58,2,1,1,false,false,
331,22642-12-10T,"16 BSP 3/4"" (45)(Г)",1,16,58,2,1,2,false,false,
332,22642-12-10W,"16 BSP 3/4"" (45)(Г)",1,16,58,2,1,2,false,false,
333,22641-12-10W,"16 BSP 3/4"" (45)(Г)",1,16,58,2,1,1,false,false,
334,22641-12-10,"16 BSP 3/4"" (45)(Г)",1,16,58,2,1,1,false,false,
335,22692-12-10,"16 BSP 3/4"" (90)(Г)",1,16,58,3,1,2,false,false,
336,22691-12-10,"16 BSP 3/4"" (90)(Г)",1,16,58,3,1,1,false,false,
337,22692-12-10T,"16 BSP 3/4"" (90)(Г)",1,16,58,3,1,2,false,false,
338,22692-12-10W,"16 BSP 3/4"" (90)(Г)",1,16,58,3,1,2,false,false,
339,22691-12-10W,"16 BSP 3/4"" (90)(Г)",1,16,58,3,1,1,false,false,
340,22691-12-10T,"16 BSP 3/4"" (90)(Г)",1,16,58,3,1,1,false,false,
341,22292-12-10,"16 BSP 3/4"" (90)(Г) FLAT SEAT",1,16,58,3,1,2,false,false,
342,12611-12-10,"16 BSP 3/4"" (Ш) S=27",1,16,58,1,2,1,false,false,27
343,12612-12-10,"16 BSP 3/4"" (Ш) S=27",1,16,58,1,2,2,false,false,27
344,12611A-12-10,"16 BSP 3/4"" (Ш) S=32",1,16,58,1,2,1,true,false,32
345,12612A-12-10,"16 BSP 3/4"" (Ш) S=32",1,16,58,1,2,2,true,false,32
346,12612A-12-10 A,"16 BSP 3/4"" (Ш) S=32",1,16,58,1,2,2,true,false,32
347,12611LA-12-10 L35,"16 BSP 3/4"" (Ш) S=32 (L=35мм) - удлиненная резьба",1,16,58,1,2,1,true,false,32
348,12612LA-12-10 L35,"16 BSP 3/4"" (Ш) S=32 (L=35мм) - удлиненная резьба",1,16,58,1,2,2,true,false,32
349,12612LA-12-10 L35 A,"16 BSP 3/4"" (Ш) S=32 (L=35мм) - удлиненная резьба",1,16,58,1,2,2,true,false,32
350,22611-10-10T,"16 BSP 5/8"" (0)(Г)",1,16,93,1,1,1,false,false,
351,22612-10-10,"16 BSP 5/8"" (0)(Г)",1,16,93,1,1,2,false,false,
352,22611-10-10,"16 BSP 5/8"" (0)(Г)",1,16,93,1,1,1,false,false,
353,22612-10-10T,"16 BSP 5/8"" (0)(Г)",1,16,93,1,1,2,false,false,
354,22612-10-10W,"16 BSP 5/8"" (0)(Г)",1,16,93,1,1,2,false,false,
355,22611-10-10W,"16 BSP 5/8"" (0)(Г)",1,16,93,1,1,1,false,false,
356,22612-10-10OR,"16 BSP 5/8"" (0)(Г) o-ring",1,16,93,1,1,2,false,true,
357,22611-10-10OR,"16 BSP 5/8"" (0)(Г) o-ring",1,16,93,1,1,1,false,true,
358,22642-10-10,"16 BSP 5/8"" (45)(Г)",1,16,93,2,1,2,false,false,
359,22642-10-10T,"16 BSP 5/8"" (45)(Г)",1,16,93,2,1,2,false,false,
360,22642-10-10W,"16 BSP 5/8"" (45)(Г)",1,16,93,2,1,2,false,false,
361,22641-10-10T,"16 BSP 5/8"" (45)(Г)",1,16,93,2,1,1,false,false,
362,22641-10-10W,"16 BSP 5/8"" (45)(Г)",1,16,93,2,1,1,false,false,
363,22641-10-10,"16 BSP 5/8"" (45)(Г)",1,16,93,2,1,1,false,false,
364,22692-10-10,"16 BSP 5/8"" (90)(Г)",1,16,93,3,1,2,false,false,
365,22692-10-10W,"16 BSP 5/8"" (90)(Г)",1,16,93,3,1,2,false,false,
366,22692-10-10T,"16 BSP 5/8"" (90)(Г)",1,16,93,3,1,2,false,false,
367,22691-10-10T,"16 BSP 5/8"" (90)(Г)",1,16,93,3,1,1,false,false,
368,22691-10-10W,"16 BSP 5/8"" (90)(Г)",1,16,93,3,1,1,false,false,
369,22691-10-10,"16 BSP 5/8"" (90)(Г)",1,16,93,3,1,1,false,false,
370,22691K-10-10,"16 BSP 5/8"" (90)(Г) компакт",1,16,93,3,1,1,false,false,
371,12612L-10-10 L35,"16 BSP 5/8"" (Ш) (L=35мм) - удлиненная резьба",1,16,93,1,2,2,false,false,
372,12611L-10-10 L35,"16 BSP 5/8"" (Ш) (L=35мм) - удлиненная резьба",1,16,93,1,2,1,false,false,
373,12611-10-10,"16 BSP 5/8"" (Ш) S=24, 27",1,16,93,1,2,1,false,false,"24, 27"
374,12612-10-10,"16 BSP 5/8"" (Ш) S=24, 27",1,16,93,1,2,2,false,false,"24, 27"
375,12612A-10-10,"16 BSP 5/8"" (Ш) S=30",1,16,93,1,2,2,true,false,30
376,12611A-10-10,"16 BSP 5/8"" (Ш) S=30",1,16,93,1,2,1,true,false,30
377,12612LA-10-10 L30,"16 BSP 5/8"" (Ш) S=30 (L=30мм) - удлиненная резьба",1,16,93,1,2,2,true,false,30
378,12611LA-10-10 L35,"16 BSP 5/8"" (Ш) S=30 (L=35мм) - удлиненная резьба",1,16,93,1,2,1,true,false,30
379,12612LA-10-10 L35,"16 BSP 5/8"" (Ш) S=30 (L=35мм) - удлиненная резьба",1,16,93,1,2,2,true,false,30
380,12612LA-10-10 L35 A,"16 BSP 5/8"" (Ш) S=32 (L=35мм) - удлиненная резьба",1,16,93,1,2,2,true,false,32
381,22611-16-12T,"20 BSP 1"" (0)(Г)",1,20,56,1,1,1,false,false,
382,22612-16-12,"20 BSP 1"" (0)(Г)",1,20,56,1,1,2,false,false,
383,22612-16-12T,"20 BSP 1"" (0)(Г)",1,20,56,1,1,2,false,false,
384,22611-16-12W,"20 BSP 1"" (0)(Г)",1,20,56,1,1,1,false,false,
385,22612-16-12W,"20 BSP 1"" (0)(Г)",1,20,56,1,1,2,false,false,
386,22611-16-12,"20 BSP 1"" (0)(Г)",1,20,56,1,1,1,false,false,
387,22642-16-12T,"20 BSP 1"" (45)(Г)",1,20,56,2,1,2,false,false,
388,22642-16-12,"20 BSP 1"" (45)(Г)",1,20,56,2,1,2,false,false,
389,22642-16-12W,"20 BSP 1"" (45)(Г)",1,20,56,2,1,2,false,false,
390,22641-16-12,"20 BSP 1"" (45)(Г)",1,20,56,2,1,1,false,false,
391,22641-16-12W,"20 BSP 1"" (45)(Г)",1,20,56,2,1,1,false,false,
392,22641-16-12T,"20 BSP 1"" (45)(Г)",1,20,56,2,1,1,false,false,
393,22692-16-12T,"20 BSP 1"" (90)(Г)",1,20,56,3,1,2,false,false,
394,22691-16-12,"20 BSP 1"" (90)(Г)",1,20,56,3,1,1,false,false,
395,22691-16-12T,"20 BSP 1"" (90)(Г)",1,20,56,3,1,1,false,false,
396,22692-16-12W,"20 BSP 1"" (90)(Г)",1,20,56,3,1,2,false,false,
397,22691-16-12W,"20 BSP 1"" (90)(Г)",1,20,56,3,1,1,false,false,
398,22692-16-12,"20 BSP 1"" (90)(Г)",1,20,56,3,1,2,false,false,
399,12612-16-12,"20 BSP 1"" (Ш) S=36",1,20,56,1,2,2,false,false,36
400,12611-16-12,"20 BSP 1"" (Ш) S=36",1,20,56,1,2,1,false,false,36
401,12611A-16-12,"20 BSP 1"" (Ш) S=41",1,20,56,1,2,1,true,false,41
402,12612A-16-12,"20 BSP 1"" (Ш) S=41",1,20,56,1,2,2,true,false,41
403,22612-20-12 A,"20 BSP 1.1/4"" (0)(Г)",1,20,60,1,1,2,false,false,
404,22612-08-12,"20 BSP 1/2"" (0)(Г)",1,20,90,1,1,2,false,false,
405,22611-08-12,"20 BSP 1/2"" (0)(Г)",1,20,90,1,1,1,false,false,
406,22612-08-12T,"20 BSP 1/2"" (0)(Г)",1,20,90,1,1,2,false,false,
407,22612-08-12W,"20 BSP 1/2"" (0)(Г)",1,20,90,1,1,2,false,false,
408,22611-08-12T,"20 BSP 1/2"" (0)(Г)",1,20,90,1,1,1,false,false,
409,22611-08-12W,"20 BSP 1/2"" (0)(Г)",1,20,90,1,1,1,false,false,
410,22642-08-12,"20 BSP 1/2"" (45)(Г)",1,20,90,2,1,2,false,false,
411,22642-08-12T,"20 BSP 1/2"" (45)(Г)",1,20,90,2,1,2,false,false,
412,22642-08-12W,"20 BSP 1/2"" (45)(Г)",1,20,90,2,1,2,false,false,
413,22641-08-12,"20 BSP 1/2"" (45)(Г)",1,20,90,2,1,1,false,false,
414,22641-08-12T,"20 BSP 1/2"" (45)(Г)",1,20,90,2,1,1,false,false,
415,22641-08-12W,"20 BSP 1/2"" (45)(Г)",1,20,90,2,1,1,false,false,
416,22692-08-12,"20 BSP 1/2"" (90)(Г)",1,20,90,3,1,2,false,false,
417,22691-08-12,"20 BSP 1/2"" (90)(Г)",1,20,90,3,1,1,false,false,
418,22692-08-12T,"20 BSP 1/2"" (90)(Г)",1,20,90,3,1,2,false,false,
419,22692-08-12W,"20 BSP 1/2"" (90)(Г)",1,20,90,3,1,2,false,false,
420,22691-08-12T,"20 BSP 1/2"" (90)(Г)",1,20,90,3,1,1,false,false,
421,22691-08-12W,"20 BSP 1/2"" (90)(Г)",1,20,90,3,1,1,false,false,
422,12612A-08-12 S27,"20 BSP 1/2"" (Ш) S=27",1,20,90,1,2,2,true,false,27
423,12611A-08-12 S27,"20 BSP 1/2"" (Ш) S=27",1,20,90,1,2,1,true,false,27
424,12612A-08-12 S30,"20 BSP 1/2"" (Ш) S=30",1,20,90,1,2,2,true,false,30
425,12611A-08-12 S30,"20 BSP 1/2"" (Ш) S=30",1,20,90,1,2,1,true,false,30
426,22611-12-12W,"20 BSP 3/4"" (0)(Г)",1,20,58,1,1,1,false,false,
427,22612-12-12T,"20 BSP 3/4"" (0)(Г)",1,20,58,1,1,2,false,false,
428,22612-12-12W,"20 BSP 3/4"" (0)(Г)",1,20,58,1,1,2,false,false,
429,22611-12-12T,"20 BSP 3/4"" (0)(Г)",1,20,58,1,1,1,false,false,
430,22611-12-12,"20 BSP 3/4"" (0)(Г)",1,20,58,1,1,1,false,false,
431,22612-12-12,"20 BSP 3/4"" (0)(Г)",1,20,58,1,1,2,false,false,
432,22212-12-12T,"20 BSP 3/4"" (0)(Г) FLAT SEAT",1,20,58,1,1,2,false,false,
433,22212-12-12,"20 BSP 3/4"" (0)(Г) FLAT SEAT ",1,20,58,1,1,2,false,false,
434,22211-12-12,"20 BSP 3/4"" (0)(Г) FLAT SEAT",1,20,58,1,1,1,false,false,
435,22613-12-12,"20 BSP 3/4"" (0)(Г) Interlock",1,20,58,1,1,3,false,false,
436,22613-12-12 CS,"20 BSP 3/4"" (0)(Г) interlock CS",1,20,58,1,1,3,false,false,
437,22612D-12-12 A,"20 BSP 3/4"" (0)(Г) с контргайкой",1,20,58,1,1,2,false,false,
438,22642-12-12,"20 BSP 3/4"" (45)(Г)",1,20,58,2,1,2,false,false,
439,22642-12-12T,"20 BSP 3/4"" (45)(Г)",1,20,58,2,1,2,false,false,
440,22642-12-12W,"20 BSP 3/4"" (45)(Г)",1,20,58,2,1,2,false,false,
441,22641-12-12T,"20 BSP 3/4"" (45)(Г)",1,20,58,2,1,1,false,false,
442,22641-12-12W,"20 BSP 3/4"" (45)(Г)",1,20,58,2,1,1,false,false,
443,22641-12-12,"20 BSP 3/4"" (45)(Г)",1,20,58,2,1,1,false,false,
444,22691-12-12,"20 BSP 3/4"" (90)(Г)",1,20,58,3,1,1,false,false,
445,22691-12-12T,"20 BSP 3/4"" (90)(Г)",1,20,58,3,1,1,false,false,
446,22691-12-12W,"20 BSP 3/4"" (90)(Г)",1,20,58,3,1,1,false,false,
447,22692-12-12T,"20 BSP 3/4"" (90)(Г)",1,20,58,3,1,2,false,false,
448,22692-12-12W,"20 BSP 3/4"" (90)(Г)",1,20,58,3,1,2,false,false,
449,22692-12-12,"20 BSP 3/4"" (90)(Г)",1,20,58,3,1,2,false,false,
450,22292-12-12,"20 BSP 3/4"" (90)(Г) FLAT SEAT",1,20,58,3,1,2,false,false,
451,22693-12-12,"20 BSP 3/4"" (90)(Г) Interlock",1,20,58,3,1,3,false,false,
452,22692K-12-12,"20 BSP 3/4"" (90)(Г) компакт",1,20,58,3,1,2,false,false,
453,22691K-12-12,"20 BSP 3/4"" (90)(Г) компакт",1,20,58,3,1,1,false,false,
454,12612L-12-12 L35,"20 BSP 3/4"" (Ш) (L=35мм) - удлиненная резьба",1,20,58,1,2,2,false,false,
455,12611L-12-12 L35,"20 BSP 3/4"" (Ш) (L=35мм) - удлиненная резьба",1,20,58,1,2,1,false,false,
456,12612L-12-12 L35 A,"20 BSP 3/4"" (Ш) (L=35мм) - удлиненная резьба",1,20,58,1,2,2,false,false,
457,12612L-12-12 L42,"20 BSP 3/4"" (Ш) (L=42мм) - удлиненная резьба",1,20,58,1,2,2,false,false,
458,12611L-12-12 L42,"20 BSP 3/4"" (Ш) (L=42мм) - удлиненная резьба",1,20,58,1,2,1,false,false,
459,12612-12-12,"20 BSP 3/4"" (Ш) S=27",1,20,58,1,2,2,false,false,27
460,12611-12-12,"20 BSP 3/4"" (Ш) S=27",1,20,58,1,2,1,false,false,27
461,12612A-12-12,"20 BSP 3/4"" (Ш) S=32",1,20,58,1,2,2,true,false,32
462,12611A-12-12,"20 BSP 3/4"" (Ш) S=32",1,20,58,1,2,1,true,false,32
463,12612A-12-12 A,"20 BSP 3/4"" (Ш) S=32",1,20,58,1,2,2,true,false,32
464,12612LA-12-12 L35,"20 BSP 3/4"" (Ш) S=32 (L=35мм) - удлиненная резьба",1,20,58,1,2,2,true,false,32
465,12611LA-12-12 L35,"20 BSP 3/4"" (Ш) S=32 (L=35мм) - удлиненная резьба",1,20,58,1,2,1,true,false,32
466,12612LA-12-12 L35 A,"20 BSP 3/4"" (Ш) S=32 (L=35мм) - удлиненная резьба",1,20,58,1,2,2,true,false,32
467,12611LA-12-12 L35 A,"20 BSP 3/4"" (Ш) S=32 (L=35мм) удлиненная резьба",1,20,58,1,2,1,true,false,32
468,22611-10-12,"20 BSP 5/8"" (0)(Г)",1,20,93,1,1,1,false,false,
469,22612-10-12,"20 BSP 5/8"" (0)(Г)",1,20,93,1,1,2,false,false,
470,22611-10-12T,"20 BSP 5/8"" (0)(Г)",1,20,93,1,1,1,false,false,
471,22611-10-12W,"20 BSP 5/8"" (0)(Г)",1,20,93,1,1,1,false,false,
472,22612-10-12T,"20 BSP 5/8"" (0)(Г)",1,20,93,1,1,2,false,false,
473,22612-10-12W,"20 BSP 5/8"" (0)(Г)",1,20,93,1,1,2,false,false,
474,22641-10-12,"20 BSP 5/8"" (45)(Г)",1,20,93,2,1,1,false,false,
475,22641-10-12T,"20 BSP 5/8"" (45)(Г)",1,20,93,2,1,1,false,false,
476,22641-10-12W,"20 BSP 5/8"" (45)(Г)",1,20,93,2,1,1,false,false,
477,22642-10-12,"20 BSP 5/8"" (45)(Г)",1,20,93,2,1,2,false,false,
478,22642-10-12T,"20 BSP 5/8"" (45)(Г)",1,20,93,2,1,2,false,false,
479,22642-10-12W,"20 BSP 5/8"" (45)(Г)",1,20,93,2,1,2,false,false,
480,22691-10-12,"20 BSP 5/8"" (90)(Г)",1,20,93,3,1,1,false,false,
481,22691-10-12T,"20 BSP 5/8"" (90)(Г)",1,20,93,3,1,1,false,false,
482,22691-10-12W,"20 BSP 5/8"" (90)(Г)",1,20,93,3,1,1,false,false,
483,22692-10-12,"20 BSP 5/8"" (90)(Г)",1,20,93,3,1,2,false,false,
484,22692-10-12T,"20 BSP 5/8"" (90)(Г)",1,20,93,3,1,2,false,false,
485,22692-10-12W,"20 BSP 5/8"" (90)(Г)",1,20,93,3,1,2,false,false,
486,12611A-10-12,"20 BSP 5/8"" (Ш) S=30",1,20,93,1,2,1,true,false,30
487,12612A-10-12,"20 BSP 5/8"" (Ш) S=30",1,20,93,1,2,2,true,false,30
488,22612-16-16W,"25 BSP 1"" (0)(Г)",1,25,56,1,1,2,false,false,
489,22611-16-16,"25 BSP 1"" (0)(Г)",1,25,56,1,1,1,false,false,
490,22611-16-16W,"25 BSP 1"" (0)(Г)",1,25,56,1,1,1,false,false,
491,22612-16-16,"25 BSP 1"" (0)(Г)",1,25,56,1,1,2,false,false,
492,22212-16-16,"25 BSP 1"" (0)(Г) FLAT SEAT",1,25,56,1,1,2,false,false,
493,22613-16-16,"25 BSP 1"" (0)(Г) Interlock",1,25,56,1,1,3,false,false,
494,22613-16-16 CS,"25 BSP 1"" (0)(Г) interlock CS",1,25,56,1,1,3,false,false,
495,22612-16-16WOR,"25 BSP 1"" (0)(Г) o-ring",1,25,56,1,1,2,false,true,
496,22642-16-16,"25 BSP 1"" (45)(Г)",1,25,56,2,1,2,false,false,
497,22642-16-16W,"25 BSP 1"" (45)(Г)",1,25,56,2,1,2,false,false,
498,22641-16-16W,"25 BSP 1"" (45)(Г)",1,25,56,2,1,1,false,false,
499,22641-16-16,"25 BSP 1"" (45)(Г)",1,25,56,2,1,1,false,false,
500,22692-16-16W,"25 BSP 1"" (90)(Г)",1,25,56,3,1,2,false,false,
501,22691-16-16,"25 BSP 1"" (90)(Г)",1,25,56,3,1,1,false,false,
502,22691-16-16W,"25 BSP 1"" (90)(Г)",1,25,56,3,1,1,false,false,
503,22692-16-16,"25 BSP 1"" (90)(Г)",1,25,56,3,1,2,false,false,
504,22693-16-16,"25 BSP 1"" (90)(Г) Interlock",1,25,56,3,1,3,false,false,
505,22693-16-16 CS,"25 BSP 1"" (90)(Г) interlock CS",1,25,56,3,1,3,false,false,
506,22691K-16-16,"25 BSP 1"" (90)(Г) компакт",1,25,56,3,1,1,false,false,
507,22692K-16-16,"25 BSP 1"" (90)(Г) компакт",1,25,56,3,1,2,false,false,
508,12611-16-16,"25 BSP 1"" (Ш) S=36",1,25,56,1,2,1,false,false,36
509,12612-16-16,"25 BSP 1"" (Ш) S=36",1,25,56,1,2,2,false,false,36
510,12612A-16-16,"25 BSP 1"" (Ш) S=41",1,25,56,1,2,2,true,false,41
511,12611A-16-16,"25 BSP 1"" (Ш) S=41",1,25,56,1,2,1,true,false,41
512,12612A-16-16 A,"25 BSP 1"" (Ш) S=41",1,25,56,1,2,2,true,false,41
513,12611LA-16-16 L35,"25 BSP 1"" (Ш) S=41 (L=35мм) - удлиненная резьба",1,25,56,1,2,1,true,false,41
514,12612LA-16-16 L35,"25 BSP 1"" (Ш) S=41 (L=35мм) - удлиненная резьба",1,25,56,1,2,2,true,false,41
515,12612LA-16-16 L35 A,"25 BSP 1"" (Ш) S=41 (L=35мм) - удлиненная резьба",1,25,56,1,2,2,true,false,41
516,12612LA-16-16 L35 A,"25 BSP 1"" (Ш) S=41 (L=35мм) - удлиненная резьба - копия",1,25,56,1,2,2,true,false,41
517,22611-20-16,"25 BSP 1.1/4"" (0)(Г)",1,25,60,1,1,1,false,false,
518,22611-20-16T,"25 BSP 1.1/4"" (0)(Г)",1,25,60,1,1,1,false,false,
519,22612-20-16,"25 BSP 1.1/4"" (0)(Г)",1,25,60,1,1,2,false,false,
520,22611-20-16W,"25 BSP 1.1/4"" (0)(Г)",1,25,60,1,1,1,false,false,
521,22612-20-16W,"25 BSP 1.1/4"" (0)(Г)",1,25,60,1,1,2,false,false,
522,22612-20-16T,"25 BSP 1.1/4"" (0)(Г)",1,25,60,1,1,2,false,false,
523,22613-20-16W,"25 BSP 1.1/4"" (0)(Г) Interlock",1,25,60,1,1,3,false,false,
524,22642-20-16T,"25 BSP 1.1/4"" (45)(Г)",1,25,60,2,1,2,false,false,
525,22642-20-16,"25 BSP 1.1/4"" (45)(Г)",1,25,60,2,1,2,false,false,
526,22642-20-16W,"25 BSP 1.1/4"" (45)(Г)",1,25,60,2,1,2,false,false,
527,22641-20-16,"25 BSP 1.1/4"" (45)(Г)",1,25,60,2,1,1,false,false,
528,22641-20-16W,"25 BSP 1.1/4"" (45)(Г)",1,25,60,2,1,1,false,false,
529,22641-20-16T,"25 BSP 1.1/4"" (45)(Г)",1,25,60,2,1,1,false,false,
530,22692-20-16T,"25 BSP 1.1/4"" (90)(Г)",1,25,60,3,1,2,false,false,
531,22691-20-16,"25 BSP 1.1/4"" (90)(Г)",1,25,60,3,1,1,false,false,
532,22692-20-16,"25 BSP 1.1/4"" (90)(Г)",1,25,60,3,1,2,false,false,
533,22692-20-16W,"25 BSP 1.1/4"" (90)(Г)",1,25,60,3,1,2,false,false,
534,22691-20-16W,"25 BSP 1.1/4"" (90)(Г)",1,25,60,3,1,1,false,false,
535,22691-20-16T,"25 BSP 1.1/4"" (90)(Г)",1,25,60,3,1,1,false,false,
536,12612-20-16,"25 BSP 1.1/4"" (Ш) S=45",1,25,60,1,2,2,false,false,45
537,12611-20-16,"25 BSP 1.1/4"" (Ш) S=45",1,25,60,1,2,1,false,false,45
538,12612A-20-16,"25 BSP 1.1/4"" (Ш) S=50",1,25,60,1,2,2,true,false,50
539,12611A-20-16,"25 BSP 1.1/4"" (Ш) S=50",1,25,60,1,2,1,true,false,50
540,22612-12-16,"25 BSP 3/4"" (0)(Г)",1,25,58,1,1,2,false,false,
541,22612-12-16W,"25 BSP 3/4"" (0)(Г)",1,25,58,1,1,2,false,false,
542,22611-12-16,"25 BSP 3/4"" (0)(Г)",1,25,58,1,1,1,false,false,
543,22611-12-16W,"25 BSP 3/4"" (0)(Г)",1,25,58,1,1,1,false,false,
544,22612-12-16T,"25 BSP 3/4"" (0)(Г)",1,25,58,1,1,2,false,false,
545,22611-12-16T,"25 BSP 3/4"" (0)(Г)",1,25,58,1,1,1,false,false,
546,22642-12-16,"25 BSP 3/4"" (45)(Г)",1,25,58,2,1,2,false,false,
547,22642-12-16W,"25 BSP 3/4"" (45)(Г)",1,25,58,2,1,2,false,false,
548,22641-12-16,"25 BSP 3/4"" (45)(Г)",1,25,58,2,1,1,false,false,
549,22641-12-16W,"25 BSP 3/4"" (45)(Г)",1,25,58,2,1,1,false,false,
550,22642-12-16T,"25 BSP 3/4"" (45)(Г)",1,25,58,2,1,2,false,false,
551,22692-12-16,"25 BSP 3/4"" (90)(Г)",1,25,58,3,1,2,false,false,
552,22692-12-16W,"25 BSP 3/4"" (90)(Г)",1,25,58,3,1,2,false,false,
553,22691-12-16,"25 BSP 3/4"" (90)(Г)",1,25,58,3,1,1,false,false,
554,22692-12-16T,"25 BSP 3/4"" (90)(Г)",1,25,58,3,1,2,false,false,
555,22691-12-16T,"25 BSP 3/4"" (90)(Г)",1,25,58,3,1,1,false,false,
556,22691-12-16W,"25 BSP 3/4"" (90)(Г)",1,25,58,3,1,1,false,false,
557,12611A-12-16,"25 BSP 3/4"" (Ш) S=32",1,25,58,1,2,1,true,false,32
558,12612A-12-16,"25 BSP 3/4"" (Ш) S=32",1,25,58,1,2,2,true,false,32
559,12612A-12-16 A,"25 BSP 3/4"" (Ш) S=36",1,25,58,1,2,2,true,false,36
560,12612A-12-16,"25 BSP 3/4"" (Ш) S=36",1,25,58,1,2,2,true,false,36
561,22611-16-20,"32 BSP 1"" (0)(Г)",1,32,56,1,1,1,false,false,
562,22691-16-20,"32 BSP 1"" (90)(Г)",1,32,56,3,1,1,false,false,
563,22692-16-20,"32 BSP 1"" (90)(Г)",1,32,56,3,1,2,false,false,
564,12611-16-20,"32 BSP 1"" (Ш)",1,32,56,1,2,1,false,false,
565,12611-16-20 A,"32 BSP 1"" (Ш)",1,32,56,1,2,1,false,false,
566,22612-24-20T,"32 BSP 1.1/2"" (0)(Г)",1,32,61,1,1,2,false,false,
567,22611-24-20T,"32 BSP 1.1/2"" (0)(Г)",1,32,61,1,1,1,false,false,
568,22611-24-20,"32 BSP 1.1/2"" (0)(Г)",1,32,61,1,1,1,false,false,
569,22612-24-20W,"32 BSP 1.1/2"" (0)(Г)",1,32,61,1,1,2,false,false,
570,22611-24-20W,"32 BSP 1.1/2"" (0)(Г)",1,32,61,1,1,1,false,false,
571,22612-24-20,"32 BSP 1.1/2"" (0)(Г)",1,32,61,1,1,2,false,false,
572,22641-24-20,"32 BSP 1.1/2"" (45)(Г)",1,32,61,2,1,1,false,false,
573,22642-24-20,"32 BSP 1.1/2"" (45)(Г)",1,32,61,2,1,2,false,false,
574,22641-24-20T,"32 BSP 1.1/2"" (45)(Г)",1,32,61,2,1,1,false,false,
575,22641-24-20W,"32 BSP 1.1/2"" (45)(Г)",1,32,61,2,1,1,false,false,
576,22642-24-20T,"32 BSP 1.1/2"" (45)(Г)",1,32,61,2,1,2,false,false,
577,22642-24-20W,"32 BSP 1.1/2"" (45)(Г)",1,32,61,2,1,2,false,false,
578,22692-24-20T,"32 BSP 1.1/2"" (90)(Г)",1,32,61,3,1,2,false,false,
579,22692-24-20,"32 BSP 1.1/2"" (90)(Г)",1,32,61,3,1,2,false,false,
580,22692-24-20W,"32 BSP 1.1/2"" (90)(Г)",1,32,61,3,1,2,false,false,
581,22691-24-20T,"32 BSP 1.1/2"" (90)(Г)",1,32,61,3,1,1,false,false,
582,22691-24-20W,"32 BSP 1.1/2"" (90)(Г)",1,32,61,3,1,1,false,false,
583,22691-24-20,"32 BSP 1.1/2"" (90)(Г)",1,32,61,3,1,1,false,false,
584,12612-24-20,"32 BSP 1.1/2"" (Ш) S=50",1,32,61,1,2,2,false,false,50
585,12611-24-20,"32 BSP 1.1/2"" (Ш) S=50",1,32,61,1,2,1,false,false,50
586,12612A-24-20,"32 BSP 1.1/2"" (Ш) S=55",1,32,61,1,2,2,true,false,55
587,12611A-24-20,"32 BSP 1.1/2"" (Ш) S=55",1,32,61,1,2,1,true,false,55
588,22612-20-20W,"32 BSP 1.1/4"" (0)(Г)",1,32,60,1,1,2,false,false,
589,22611-20-20,"32 BSP 1.1/4"" (0)(Г)",1,32,60,1,1,1,false,false,
590,22612-20-20T,"32 BSP 1.1/4"" (0)(Г)",1,32,60,1,1,2,false,false,
591,22611-20-20T,"32 BSP 1.1/4"" (0)(Г)",1,32,60,1,1,1,false,false,
592,22611-20-20W,"32 BSP 1.1/4"" (0)(Г)",1,32,60,1,1,1,false,false,
593,22612-20-20,"32 BSP 1.1/4"" (0)(Г)",1,32,60,1,1,2,false,false,
594,22212-20-20 A,"32 BSP 1.1/4"" (0)(Г) FLAT SEAT",1,32,60,1,1,2,false,false,
595,22212-20-20,"32 BSP 1.1/4"" (0)(Г) FLAT SEAT",1,32,60,1,1,2,false,false,
596,22613-20-20,"32 BSP 1.1/4"" (0)(Г) Interlock",1,32,60,1,1,3,false,false,
597,22613-20-20 CS,"32 BSP 1.1/4"" (0)(Г) interlock CS",1,32,60,1,1,3,false,false,
598,22612-20-20OR,"32 BSP 1.1/4"" (0)(Г) o-ring",1,32,60,1,1,2,false,true,
599,22641-20-20W,"32 BSP 1.1/4"" (45)(Г)",1,32,60,2,1,1,false,false,
600,22642-20-20,"32 BSP 1.1/4"" (45)(Г)",1,32,60,2,1,2,false,false,
601,22641-20-20T,"32 BSP 1.1/4"" (45)(Г)",1,32,60,2,1,1,false,false,
602,22642-20-20T,"32 BSP 1.1/4"" (45)(Г)",1,32,60,2,1,2,false,false,
603,22642-20-20W,"32 BSP 1.1/4"" (45)(Г)",1,32,60,2,1,2,false,false,
604,22641-20-20,"32 BSP 1.1/4"" (45)(Г)",1,32,60,2,1,1,false,false,
605,22692-20-20,"32 BSP 1.1/4"" (90)(Г)",1,32,60,3,1,2,false,false,
606,22692-20-20T,"32 BSP 1.1/4"" (90)(Г)",1,32,60,3,1,2,false,false,
607,22692-20-20W,"32 BSP 1.1/4"" (90)(Г)",1,32,60,3,1,2,false,false,
608,22691-20-20T,"32 BSP 1.1/4"" (90)(Г)",1,32,60,3,1,1,false,false,
609,22691-20-20W,"32 BSP 1.1/4"" (90)(Г)",1,32,60,3,1,1,false,false,
610,22691-20-20,"32 BSP 1.1/4"" (90)(Г)",1,32,60,3,1,1,false,false,
611,22292-20-20,"32 BSP 1.1/4"" (90)(Г) FLAT SEAT",1,32,60,3,1,2,false,false,
612,22693-20-20,"32 BSP 1.1/4"" (90)(Г) Interlock",1,32,60,3,1,3,false,false,
613,22693-20-20 CS,"32 BSP 1.1/4"" (90)(Г) interlock CS",1,32,60,3,1,3,false,false,
614,12612-20-20,"32 BSP 1.1/4"" (Ш) S=46",1,32,60,1,2,2,false,false,46
615,12611-20-20,"32 BSP 1.1/4"" (Ш) S=46",1,32,60,1,2,1,false,false,46
616,12611A-20-20,"32 BSP 1.1/4"" (Ш) S=50",1,32,60,1,2,1,true,false,50
617,12612A-20-20,"32 BSP 1.1/4"" (Ш) S=50",1,32,60,1,2,2,true,false,50
618,22612-24-24,"38 BSP 1.1/2"" (0)(Г)",1,38,61,1,1,2,false,false,
619,22612-24-24W,"38 BSP 1.1/2"" (0)(Г)",1,38,61,1,1,2,false,false,
620,22612-24-24T,"38 BSP 1.1/2"" (0)(Г)",1,38,61,1,1,2,false,false,
621,22611-24-24T,"38 BSP 1.1/2"" (0)(Г)",1,38,61,1,1,1,false,false,
622,22611-24-24W,"38 BSP 1.1/2"" (0)(Г)",1,38,61,1,1,1,false,false,
623,22611-24-24,"38 BSP 1.1/2"" (0)(Г)",1,38,61,1,1,1,false,false,
624,22212-24-24 A,"38 BSP 1.1/2"" (0)(Г) FLAT SEAT",1,38,61,1,1,2,false,false,
625,22613-24-24,"38 BSP 1.1/2"" (0)(Г) Interlock",1,38,61,1,1,3,false,false,
626,22642-24-24,"38 BSP 1.1/2"" (45)(Г)",1,38,61,2,1,2,false,false,
627,22642-24-24T,"38 BSP 1.1/2"" (45)(Г)",1,38,61,2,1,2,false,false,
628,22642-24-24W,"38 BSP 1.1/2"" (45)(Г)",1,38,61,2,1,2,false,false,
629,22641-24-24T,"38 BSP 1.1/2"" (45)(Г)",1,38,61,2,1,1,false,false,
630,22641-24-24W,"38 BSP 1.1/2"" (45)(Г)",1,38,61,2,1,1,false,false,
631,22641-24-24,"38 BSP 1.1/2"" (45)(Г)",1,38,61,2,1,1,false,false,
632,22692-24-24,"38 BSP 1.1/2"" (90)(Г)",1,38,61,3,1,2,false,false,
633,22692-24-24T,"38 BSP 1.1/2"" (90)(Г)",1,38,61,3,1,2,false,false,
634,22692-24-24W,"38 BSP 1.1/2"" (90)(Г)",1,38,61,3,1,2,false,false,
635,22691-24-24T,"38 BSP 1.1/2"" (90)(Г)",1,38,61,3,1,1,false,false,
636,22691-24-24W,"38 BSP 1.1/2"" (90)(Г)",1,38,61,3,1,1,false,false,
637,22691-24-24,"38 BSP 1.1/2"" (90)(Г)",1,38,61,3,1,1,false,false,
638,12612-24-24,"38 BSP 1.1/2"" (Ш) S=50",1,38,61,1,2,2,false,false,50
639,12611-24-24,"38 BSP 1.1/2"" (Ш) S=50",1,38,61,1,2,1,false,false,50
640,12611A-24-24,"38 BSP 1.1/2"" (Ш) S=55",1,38,61,1,2,1,true,false,55
641,12612A-24-24,"38 BSP 1.1/2"" (Ш) S=55",1,38,61,1,2,2,true,false,55
642,22612-32-24,"38 BSP 2"" (0)(Г)",1,38,62,1,1,2,false,false,
643,22612-32-24T,"38 BSP 2"" (0)(Г)",1,38,62,1,1,2,false,false,
644,22612-32-24W,"38 BSP 2"" (0)(Г)",1,38,62,1,1,2,false,false,
645,22611-32-24,"38 BSP 2"" (0)(Г)",1,38,62,1,1,1,false,false,
646,22611-32-24T,"38 BSP 2"" (0)(Г)",1,38,62,1,1,1,false,false,
647,22611-32-24W,"38 BSP 2"" (0)(Г)",1,38,62,1,1,1,false,false,
648,22642-32-24,"38 BSP 2"" (45)(Г)",1,38,62,2,1,2,false,false,
649,22642-32-24T,"38 BSP 2"" (45)(Г)",1,38,62,2,1,2,false,false,
650,22642-32-24W,"38 BSP 2"" (45)(Г)",1,38,62,2,1,2,false,false,
651,22641-32-24,"38 BSP 2"" (45)(Г)",1,38,62,2,1,1,false,false,
652,22641-32-24T,"38 BSP 2"" (45)(Г)",1,38,62,2,1,1,false,false,
653,22641-32-24W,"38 BSP 2"" (45)(Г)",1,38,62,2,1,1,false,false,
654,22692-32-24,"38 BSP 2"" (90)(Г)",1,38,62,3,1,2,false,false,
655,22692-32-24T,"38 BSP 2"" (90)(Г)",1,38,62,3,1,2,false,false,
656,22692-32-24W,"38 BSP 2"" (90)(Г)",1,38,62,3,1,2,false,false,
657,22691-32-24,"38 BSP 2"" (90)(Г)",1,38,62,3,1,1,false,false,
658,22691-32-24T,"38 BSP 2"" (90)(Г)",1,38,62,3,1,1,false,false,
659,22691-32-24W,"38 BSP 2"" (90)(Г)",1,38,62,3,1,1,false,false,
660,12612-32-24,"38 BSP 2"" (Ш)",1,38,62,1,2,2,false,false,
661,12611-32-24,"38 BSP 2"" (Ш)",1,38,62,1,2,1,false,false,
662,22612-32-32,"50 BSP 2"" (0)(Г)",1,50,62,1,1,2,false,false,
663,22611-32-32W,"50 BSP 2"" (0)(Г)",1,50,62,1,1,1,false,false,
664,22612-32-32W,"50 BSP 2"" (0)(Г)",1,50,62,1,1,2,false,false,
665,22611-32-32T,"50 BSP 2"" (0)(Г)",1,50,62,1,1,1,false,false,
666,22612-32-32T,"50 BSP 2"" (0)(Г)",1,50,62,1,1,2,false,false,
667,22611-32-32,"50 BSP 2"" (0)(Г)",1,50,62,1,1,1,false,false,
668,22613-32-32,"50 BSP 2"" (0)(Г) Interlock",1,50,62,1,1,3,false,false,
669,22613-32-32 CS,"50 BSP 2"" (0)(Г) interlock CS",1,50,62,1,1,3,false,false,
670,22641-32-32,"50 BSP 2"" (45)(Г)",1,50,62,2,1,1,false,false,
671,22641-32-32T,"50 BSP 2"" (45)(Г)",1,50,62,2,1,1,false,false,
672,22641-32-32W,"50 BSP 2"" (45)(Г)",1,50,62,2,1,1,false,false,
673,22642-32-32T,"50 BSP 2"" (45)(Г)",1,50,62,2,1,2,false,false,
674,22642-32-32,"50 BSP 2"" (45)(Г)",1,50,62,2,1,2,false,false,
675,22642-32-32W,"50 BSP 2"" (45)(Г)",1,50,62,2,1,2,false,false,
676,22691-32-32,"50 BSP 2"" (90)(Г)",1,50,62,3,1,1,false,false,
677,22691-32-32W,"50 BSP 2"" (90)(Г)",1,50,62,3,1,1,false,false,
678,22691-32-32T,"50 BSP 2"" (90)(Г)",1,50,62,3,1,1,false,false,
679,22692-32-32T,"50 BSP 2"" (90)(Г)",1,50,62,3,1,2,false,false,
680,22692-32-32W,"50 BSP 2"" (90)(Г)",1,50,62,3,1,2,false,false,
681,22692-32-32,"50 BSP 2"" (90)(Г)",1,50,62,3,1,2,false,false,
682,22693-32-32,"50 BSP 2"" (90)(Г) Interlock",1,50,62,3,1,3,false,false,
683,22693-32-32 CS,"50 BSP 2"" (90)(Г) interlock CS",1,50,62,3,1,3,false,false,
684,12612-32-32,"50 BSP 2"" (Ш) S=65",1,50,62,1,2,2,false,false,65
685,12611-32-32,"50 BSP 2"" (Ш) S=65",1,50,62,1,2,1,false,false,65
686,12611A-32-32,"50 BSP 2"" (Ш) S=70",1,50,62,1,2,1,true,false,70
687,12612A-32-32,"50 BSP 2"" (Ш) S=70",1,50,62,1,2,2,true,false,70
688,13011-02-04SP,"06 BSPT 1/8"" (Ш-к)",2,6,73,1,3,1,false,false,
689,13011-04-04SP,"06 BSPT 1/4"" (Ш-к)",2,6,61,1,3,1,false,false,
690,13011-04-04SP S17,"06 BSPT 1/4"" (Ш-к) S=17",2,6,61,1,3,1,false,false,17
691,13011-04-05SP,"08 BSPT 1/4"" (Ш-к)",2,8,61,1,3,1,false,false,
692,13011-04-06SP,"10 BSPT 1/4"" (Ш-к)",2,10,61,1,3,1,false,false,
693,13011-06-04SP,"06 BSPT 3/8"" (Ш-к)",2,6,92,1,3,1,false,false,
694,13011-06-04SPF,"06 BSPT 3/8"" (Ш-к) плоский ниппель",2,6,92,1,3,1,false,false,
695,13011-06-05SP,"08 BSPT 3/8"" (Ш-к)",2,8,92,1,3,1,false,false,
696,13011-06-06SP,"10 BSPT 3/8"" (Ш-к)",2,10,92,1,3,1,false,false,
697,13011-06-06SP S22,"10 BSPT 3/8"" (Ш-к) S=22",2,10,92,1,3,1,false,false,22
698,13011-06-08SP,"12 BSPT 3/8"" (Ш-к)",2,12,92,1,3,1,false,false,
699,13011-08-04SP,"06 BSPT 1/2"" (Ш-к)",2,6,89,1,3,1,false,false,
700,13011-08-06SP,"10 BSPT 1/2"" (Ш-к)",2,10,89,1,3,1,false,false,
701,13011-08-08SP,"12 BSPT 1/2"" (Ш-к)",2,12,89,1,3,1,false,false,
702,13011-12-10SP,"16 BSPT 3/4"" (Ш-к) ",2,16,58,1,3,1,false,false,
703,13011-12-12SP,"20 BSPT 3/4"" (Ш-к)",2,20,58,1,3,1,false,false,
704,13011-16-12SP,"20 BSPT 1"" (Ш-к)",2,20,56,1,3,1,false,false,
705,13011-16-16SP,"25 BSPT 1"" (Ш-к)",2,25,56,1,3,1,false,false,
706,13011-20-16SP,"25 BSPT 1.1/4"" (Ш-к)",2,25,60,1,3,1,false,false,
707,13011-20-20SP,"32 BSPT 1.1/4"" (Ш-к)",2,32,60,1,3,1,false,false,
708,13011-24-24SP,"38 BSPT 1.1/2"" (Ш-к)",2,38,61,1,3,1,false,false,
709,13011-32-32SP,"50 BSPT 2"" (Ш-к)",2,50,62,1,3,1,false,false,
710,13012-06-08SP,"12 BSPT 3/8"" (Ш-к)",2,12,92,1,3,2,false,false,
711,13012-08-06SP,"10 BSPT 1/2"" (Ш-к)",2,10,89,1,3,2,false,false,
712,13012-08-08SP,"12 BSPT 1/2"" (Ш-к)",2,12,89,1,3,2,false,false,
713,13012-12-08SP,"12 BSPT 3/4"" (Ш-к)",2,12,58,1,3,2,false,false,
714,13012-12-08SP A,"12 BSPT 3/4"" (Ш-к)",2,12,58,1,3,2,false,false,
715,13012-12-10SP,"16 BSPT 3/4"" (Ш-к) ",2,16,58,1,3,2,false,false,
716,13012-12-12SP,"20 BSPT 3/4"" (Ш-к)",2,20,58,1,3,2,false,false,
717,13012-16-12SP,"20 BSPT 1"" (Ш-к)",2,20,56,1,3,2,false,false,
718,13012-16-16SP,"25 BSPT 1"" (Ш-к)",2,25,56,1,3,2,false,false,
719,13012-20-16SP,"25 BSPT 1.1/4"" (Ш-к)",2,25,60,1,3,2,false,false,
720,13012-20-20SP,"32 BSPT 1.1/4"" (Ш-к)",2,32,60,1,3,2,false,false,
721,13012-24-20SP,"32 BSPT 1.1/2"" (Ш-к)",2,32,61,1,3,2,false,false,
722,13012-24-24SP,"38 BSPT 1.1/2"" (Ш-к)",2,38,61,1,3,2,false,false,
723,13012-32-32SP,"50 BSPT 2"" (Ш-к)",2,50,62,1,3,2,false,false,
724,10611-16-04D S17,"06 DK 16х1,5 (Ш) S=17",3,6,6,1,2,1,false,false,17
725,10611-16-05D S17,"08 DK 16х1,5 (Ш) S=17",3,8,6,1,2,1,false,false,17
726,10611-16-12D,"20 DK 16х1,5 (Ш)",3,20,6,1,2,1,false,false,
727,10611-18-05,"08 DK 18х1,5 (Ш)",3,8,7,1,2,1,false,false,
728,10611-18-08 S24,"12 DK 18х1,5 (Ш) S=24",3,12,7,1,2,1,false,false,24
729,10611-20-06 S24,"10 DK 20х1,5 (Ш) S=24",3,10,8,1,2,1,false,false,24
730,10611-22-08 S22,"12 DK 22х1,5 (Ш) S=22",3,12,9,1,2,1,false,false,22
731,10611-33-16 S36,25 DK 33х2 (Ш) S=36,3,25,16,1,2,1,false,false,36
732,10611A-10-04,06 DK 10х1 (Ш) S=14,3,6,1,1,2,1,true,false,14
733,10611A-10-04 S17,06 DK 10х1 (Ш) S=17,3,6,1,1,2,1,true,false,17
734,10611A-10-04D,"06 DK 10х1,5 (Ш) S=14",3,6,2,1,2,1,true,false,14
735,10611A-12-04,06 DK 12х1 (Ш) S=17,3,6,21,1,2,1,true,false,17
736,10611A-12-04D,"06 DK 12х1,5 (Ш) S=17",3,6,3,1,2,1,true,false,17
737,10611A-12-04D A,"06 DK 12х1,5 (Ш) S=17",3,6,3,1,2,1,true,false,17
738,10611A-12-05D,"08 DK 12х1,5 (Ш) S=17",3,8,3,1,2,1,true,false,17
739,10611A-14-04D,"06 DK 14х1,5 (Ш) S=19",3,6,4,1,2,1,true,false,19
740,10611A-14-05D,"08 DK 14х1,5 (Ш) S=19",3,8,4,1,2,1,true,false,19
741,10611A-14-06D,"10 DK 14х1,5 (Ш) S=19",3,10,4,1,2,1,true,false,19
742,10611A-16-04D,"06 DK 16х1,5 (Ш) S=22",3,6,6,1,2,1,true,false,22
743,10611A-16-05D,"08 DK 16х1,5 (Ш) S=22",3,8,6,1,2,1,true,false,22
744,10611A-16-05D A,"08 DK 16х1,5 (Ш) S=22",3,8,6,1,2,1,true,false,22
745,10611A-16-06D,"10 DK 16х1,5 (Ш) S=22",3,10,6,1,2,1,true,false,22
746,10611A-16-06D A,"10 DK 16х1,5 (Ш) S=22",3,10,6,1,2,1,true,false,22
747,10611A-16-08D,"12 DK 16х1,5 (Ш) S=22",3,12,6,1,2,1,true,false,22
748,10611A-16-08D A,"12 DK 16х1,5 (Ш) S=22",3,12,6,1,2,1,true,false,22
749,10611A-18-04,"06 DK 18х1,5 (Ш) S=24",3,6,7,1,2,1,true,false,24
750,10611A-18-05,"08 DK 18х1,5 (Ш) S=24",3,8,7,1,2,1,true,false,24
751,10611A-18-06,"10 DK 18х1,5 (Ш) S=24",3,10,7,1,2,1,true,false,24
752,10611A-20-04,"06 DK 20х1,5 (Ш) S=27",3,6,8,1,2,1,true,false,27
753,10611A-20-05,"08 DK 20х1,5 (Ш) S=27",3,8,8,1,2,1,true,false,27
754,10611A-20-06,"10 DK 20х1,5 (Ш) S=27",3,10,8,1,2,1,true,false,27
755,10611A-20-08,"12 DK 20х1,5 (Ш) S=27",3,12,8,1,2,1,true,false,27
756,10611A-20-10,"16 DK 20х1,5 (Ш) S=27",3,16,8,1,2,1,true,false,27
757,10611A-22-04,"06 DK 22х1,5 (Ш) S=27",3,6,9,1,2,1,true,false,27
758,10611A-22-05,"08 DK 22х1,5 (Ш) S=27",3,8,9,1,2,1,true,false,27
759,10611A-22-06,"10 DK 22х1,5 (Ш) S=27",3,10,9,1,2,1,true,false,27
760,10611A-22-08,"12 DK 22х1,5 (Ш) S=27",3,12,9,1,2,1,true,false,27
761,10611A-22-08 A,"12 DK 22х1,5 (Ш) S=27",3,12,9,1,2,1,true,false,27
762,10611A-22-10,"16 DK 22х1,5 (Ш) S=27",3,16,9,1,2,1,true,false,27
763,10611A-24-08,"12 DK 24х1,5 (Ш) S=30",3,12,10,1,2,1,true,false,30
764,10611A-24-10,"16 DK 24х1,5 (Ш) S=30",3,16,10,1,2,1,true,false,30
765,10611A-24-12,"20 DK 24х1,5 (Ш) S=30",3,20,10,1,2,1,true,false,30
766,10611A-26-08D,"12 DK 26х1,5 (Ш) S=32",3,12,11,1,2,1,true,false,32
767,10611A-26-10D,"16 DK 26х1,5 (Ш) S=32",3,16,11,1,2,1,true,false,32
768,10611A-27-08,12 DK 27х2 (Ш) S=32,3,12,27,1,2,1,true,false,32
769,10611A-27-08D,"12 DK 27х1,5 (Ш) S=32",3,12,12,1,2,1,true,false,32
770,10611A-27-10,16 DK 27х2 (Ш) S=32,3,16,27,1,2,1,true,false,32
771,10611A-27-10D,"16 DK 27х1,5 (Ш) S=32",3,16,12,1,2,1,true,false,32
772,10611A-27-12,20 DK 27х2 (Ш) S=32,3,20,27,1,2,1,true,false,32
773,10611A-27-12D,"20 DK 27х1,5 (Ш) S=32",3,20,12,1,2,1,true,false,32
774,10611A-30-10,16 DK 30х2 (Ш) S=36,3,16,14,1,2,1,true,false,36
775,10611A-30-10D,"16 DK 30х1,5 (Ш) S=36",3,16,13,1,2,1,true,false,36
776,10611A-30-12,20 DK 30х2 (Ш) S=36,3,20,14,1,2,1,true,false,36
777,10611A-30-12D,"20 DK 30х1,5 (Ш) S=36",3,20,13,1,2,1,true,false,36
778,10611A-33-12,"20 DK 33х2 (Ш) S=38, 39",3,20,16,1,2,1,true,false,"38, 39"
779,10611A-33-12D,"20 DK 33х1,5 (Ш) S=38, 39",3,20,15,1,2,1,true,false,"38, 39"
780,10611A-33-12D A,"20 DK 33х1,5 (Ш) S=41",3,20,15,1,2,1,true,false,41
781,10611A-33-16,25 DK 33х2 (Ш) S=39,3,25,16,1,2,1,true,false,39
782,10611A-33-16D,"25 DK 33х1,5 (Ш) S=39",3,25,15,1,2,1,true,false,39
783,10611A-33-16D A,"25 DK 33х1,5 (Ш) S=41",3,25,15,1,2,1,true,false,41
784,10611A-36-12,20 DK 36х2 (Ш) S=41,3,20,23,1,2,1,true,false,41
785,10611A-36-12D,"20 DK 36х1,5 (Ш) S=41",3,20,17,1,2,1,true,false,41
786,10611A-36-16,25 DK 36х2 (Ш) S=41,3,25,23,1,2,1,true,false,41
787,10611A-36-16D,"25 DK 36х1,5 (Ш) S=41",3,25,17,1,2,1,true,false,41
788,10611A-39-12D,"20 DK 39х1,5 (Ш) S=46",3,20,18,1,2,1,true,false,46
789,10611A-39-16,25 DK 39х2 (Ш) S=46,3,25,29,1,2,1,true,false,46
790,10611A-39-16D,"25 DK 39х1,5 (Ш) S=46",3,25,18,1,2,1,true,false,46
791,10611A-42-12,20 DK 42х2 (Ш) S=50,3,20,22,1,2,1,true,false,50
792,10611A-42-16,25 DK 42х2 (Ш) S=50,3,25,22,1,2,1,true,false,50
793,10611A-42-16D,"25 DK 42х1,5 (Ш) S=50",3,25,19,1,2,1,true,false,50
794,10611A-42-20,32 DK 42х2 (Ш) S=50,3,32,22,1,2,1,true,false,50
795,10611A-42-20D,"32 DK 42х1,5 (Ш) S=50",3,32,19,1,2,1,true,false,50
796,10611A-45-20,32 DK 45х2 (Ш) S=55,3,32,25,1,2,1,true,false,55
797,10611A-45-20D,"32 DK 45х1,5 (Ш) S=55",3,32,33,1,2,1,true,false,55
798,10611A-48-20,32 DK 48х2 (Ш) S=60,3,32,28,1,2,1,true,false,60
799,10611A-48-20D,"32 DK 48х1,5 (Ш) S=60",3,32,30,1,2,1,true,false,60
800,10611A-52-20,32 DK 52х2 (Ш) S=65,3,32,24,1,2,1,true,false,65
801,10611A-52-20D,"32 DK 52х1,5 (Ш) S=65",3,32,20,1,2,1,true,false,65
802,10611A-52-24,38 DK 52х2 (Ш) S=65,3,38,24,1,2,1,true,false,65
803,10611A-56-24,38 DK 56х2 (Ш) S=70,3,38,31,1,2,1,true,false,70
804,10611A-64-24,38 DK 64х2 (Ш) S=75,3,38,29,1,2,1,true,false,75
805,10611A-64-32,50 DK 64х2 (Ш) S=75,3,50,29,1,2,1,true,false,75
806,10612-18-08 S24,"12 DK 18х1,5 (Ш) S=24",3,12,7,1,2,2,false,false,24
807,10612-22-08 S22,"12 DK 22х1,5 (Ш) S=22",3,12,9,1,2,2,false,false,22
808,10612-27-10D S30,"16 DK 27х1,5 (Ш) S=30",3,16,12,1,2,2,false,false,30
809,10612-30-10D,"16 DK 30х1,5 (Ш) S=32",3,16,13,1,2,2,false,false,32
810,10612-30-12D S32,"20 DK 30х1,5 (Ш) S=32",3,20,13,1,2,2,false,false,32
811,10612-33-12 S36,20 DK 33х2 (Ш) S=36,3,20,16,1,2,2,false,false,36
812,10612-33-12D S36,"20 DK 33х1,5 (Ш) S=36",3,20,15,1,2,2,false,false,36
813,10612-33-16D,"25 DK 33х1,5 (Ш) S=36",3,25,15,1,2,2,false,false,36
814,10612-36-12 S36,20 DK 36х2 (Ш) S=36,3,20,23,1,2,2,false,false,36
815,10612-39-16 S41,25 DK 39х2 (Ш) S=41,3,25,29,1,2,2,false,false,41
816,10612-42-16 S46,25 DK 42х2 (Ш) S=46,3,25,22,1,2,2,false,false,46
817,10612A-14-06D,"10 DK 14х1,5 (Ш) S=19",3,10,4,1,2,2,true,false,19
818,10612A-16-08D,"12 DK 16х1,5 (Ш) S=22",3,12,6,1,2,2,true,false,22
819,10612A-18-08,"12 DK 18х1,5 (Ш) S=27",3,12,7,1,2,2,true,false,27
820,10612A-20-08,"12 DK 20х1,5 (Ш) S=27",3,12,8,1,2,2,true,false,27
821,10612A-20-10,"16 DK 20х1,5 (Ш) S=27",3,16,8,1,2,2,true,false,27
822,10612A-22-06,"10 DK 22х1,5 (Ш) S=27",3,10,9,1,2,2,true,false,27
823,10612A-22-08,"12 DK 22х1,5 (Ш) S=27",3,12,9,1,2,2,true,false,27
824,10612A-22-08 A,"12 DK 22х1,5 (Ш) S=27",3,12,9,1,2,2,true,false,27
825,10612A-22-10,"16 DK 22х1,5 (Ш) S=27",3,16,9,1,2,2,true,false,27
826,10612A-24-08,"12 DK 24х1,5 (Ш) S=30",3,12,10,1,2,2,true,false,30
827,10612A-24-10,"16 DK 24х1,5 (Ш) S=30",3,16,10,1,2,2,true,false,30
828,10612A-24-12,"20 DK 24х1,5 (Ш) S=30",3,20,10,1,2,2,true,false,30
829,10612A-26-08D,"12 DK 26х1,5 (Ш) S=32",3,12,11,1,2,2,true,false,32
830,10612A-26-10D,"16 DK 26х1,5 (Ш) S=32",3,16,11,1,2,2,true,false,32
831,10612A-27-08,12 DK 27х2 (Ш) S=32,3,12,27,1,2,2,true,false,32
832,10612A-27-08D,"12 DK 27х1,5 (Ш) S=32",3,12,12,1,2,2,true,false,32
833,10612A-27-10,16 DK 27х2 (Ш) S=32,3,16,27,1,2,2,true,false,32
834,10612A-27-10 A,16 DK 27х2 (Ш) S=32,3,16,27,1,2,2,true,false,32
835,10612A-27-10D,"16 DK 27х1,5 (Ш) S=32",3,16,12,1,2,2,true,false,32
836,10612A-27-10D A,"16 DK 27х1,5 (Ш) S=32",3,16,12,1,2,2,true,false,32
837,10612A-27-12,20 DK 27х2 (Ш) S=32,3,20,27,1,2,2,true,false,32
838,10612A-27-12D,"20 DK 27х1,5 (Ш) S=32",3,20,12,1,2,2,true,false,32
839,10612A-30-10,16 DK 30х2 (Ш) S=36,3,16,14,1,2,2,true,false,36
840,10612A-30-10 A,16 DK 30х2 (Ш) S=36 ,3,16,14,1,2,2,true,false,36
841,10612A-30-10D,"16 DK 30х1,5 (Ш) S=36",3,16,13,1,2,2,true,false,36
842,10612A-30-12,20 DK 30х2 (Ш) S=36,3,20,14,1,2,2,true,false,36
843,10612A-30-12D,"20 DK 30х1,5 (Ш) S=36",3,20,13,1,2,2,true,false,36
844,10612A-33-10,"16 DK 33х2 (Ш) S=38, 39",3,16,16,1,2,2,true,false,"38, 39"
845,10612A-33-10D,"16 DK 33х1,5 (Ш) S=38, 39",3,16,15,1,2,2,true,false,"38, 39"
846,10612A-33-12,"20 DK 33х2 (Ш) S=38, 39",3,20,16,1,2,2,true,false,"38, 39"
847,10612A-33-12D,"20 DK 33х1,5 (Ш) S=38, 39",3,20,15,1,2,2,true,false,"38, 39"
848,10612A-33-16,25 DK 33х2 (Ш) S=39,3,25,16,1,2,2,true,false,39
849,10612A-33-16D,"25 DK 33х1,5 (Ш) S=39",3,25,15,1,2,2,true,false,39
850,10612A-36-12,20 DK 36х2 (Ш) S=41,3,20,23,1,2,2,true,false,41
851,10612A-36-12D,"20 DK 36х1,5 (Ш) S=41",3,20,17,1,2,2,true,false,41
852,10612A-36-16,25 DK 36х2 (Ш) S=41,3,25,23,1,2,2,true,false,41
853,10612A-36-16D,"25 DK 36х1,5 (Ш) S=41",3,25,17,1,2,2,true,false,41
854,10612A-39-12D,"20 DK 39х1,5 (Ш) S=46",3,20,18,1,2,2,true,false,46
855,10612A-39-16,25 DK 39х2 (Ш) S=46,3,25,29,1,2,2,true,false,46
856,10612A-39-16D,"25 DK 39х1,5 (Ш) S=46",3,25,18,1,2,2,true,false,46
857,10612A-42-12,20 DK 42х2 (Ш) S=50,3,20,22,1,2,2,true,false,50
858,10612A-42-16,25 DK 42х2 (Ш) S=50,3,25,22,1,2,2,true,false,50
859,10612A-42-16D,"25 DK 42х1,5 (Ш) S=50",3,25,19,1,2,2,true,false,50
860,10612A-42-20,32 DK 42х2 (Ш) S=50,3,32,22,1,2,2,true,false,50
861,10612A-42-20D,"32 DK 42х1,5 (Ш) S=50",3,32,19,1,2,2,true,false,50
862,10612A-45-20,32 DK 45х2 (Ш) S=55,3,32,25,1,2,2,true,false,55
863,10612A-45-20D,"32 DK 45х1,5 (Ш) S=55",3,32,33,1,2,2,true,false,55
864,10612A-48-20,32 DK 48х2 (Ш) S=60,3,32,28,1,2,2,true,false,60
865,10612A-48-20D,"32 DK 48х1,5 (Ш) S=60",3,32,30,1,2,2,true,false,60
866,10612A-52-20,32 DK 52х2 (Ш) S=65,3,32,24,1,2,2,true,false,65
867,10612A-52-20D,"32 DK 52х1,5 (Ш) S=65",3,32,20,1,2,2,true,false,65
868,10612A-52-24,38 DK 52х2 (Ш) S=65,3,38,24,1,2,2,true,false,65
869,10612A-56-24,38 DK 56х2 (Ш) S=70,3,38,31,1,2,2,true,false,70
870,10612A-64-24,38 DK 64х2 (Ш) S=75,3,38,29,1,2,2,true,false,75
871,10612A-64-32,50 DK 64х2 (Ш) S=75,3,50,29,1,2,2,true,false,75
872,20111-10-04,06 DK 10х1 (0)(Г),3,6,1,1,1,1,false,false,
873,20111-10-04D,"06 DK 10х1,5 (0)(Г)",3,6,2,1,1,1,false,false,
874,20111-10-04DT,"06 DK 10х1,5 (0)(Г)",3,6,2,1,1,1,false,false,
875,20111-10-04T,06 DK 10х1 (0)(Г),3,6,1,1,1,1,false,false,
876,20111-12-04,06 DK 12х1 (0)(Г),3,6,21,1,1,1,false,false,
877,20111-12-04D,"06 DK 12х1,5 (0)(Г)",3,6,3,1,1,1,false,false,
878,20111-12-04DT,"06 DK 12х1,5 (0)(Г)",3,6,3,1,1,1,false,false,
879,20111-12-04T,06 DK 12х1 (0)(Г),3,6,21,1,1,1,false,false,
880,20111-12-05D,"08 DK 12х1,5 (0)(Г)",3,8,3,1,1,1,false,false,
881,20111-12-05D A,"08 DK 12х1,5 (0)(Г)",3,8,3,1,1,1,false,false,
882,20111-12-05DT,"08 DK 12х1,5 (0)(Г)",3,8,3,1,1,1,false,false,
883,20111-14-04D,"06 DK 14х1,5 (0)(Г)",3,6,4,1,1,1,false,false,
884,20111-14-04DT,"06 DK 14х1,5 (0)(Г)",3,6,4,1,1,1,false,false,
885,20111-14-04DT SL,"06 DK 14х1,5 (0)(Г) мал.зам.",3,6,4,1,1,1,false,false,
886,20111-14-05D,"08 DK 14х1,5 (0)(Г)",3,8,4,1,1,1,false,false,
887,20111-14-05DT,"08 DK 14х1,5 (0)(Г)",3,8,4,1,1,1,false,false,
888,20111-14-06D,"10 DK 14х1,5 (0)(Г)",3,10,4,1,1,1,false,false,
889,20111-14-06DT,"10 DK 14х1,5 (0)(Г)",3,10,4,1,1,1,false,false,
890,20111-16-04D,"06 DK 16х1,5 (0)(Г)",3,6,6,1,1,1,false,false,
891,20111-16-04DT,"06 DK 16х1,5 (0)(Г)",3,6,6,1,1,1,false,false,
892,20111-16-05D,"08 DK 16х1,5 (0)(Г)",3,8,6,1,1,1,false,false,
893,20111-16-05DT,"08 DK 16х1,5 (0)(Г)",3,8,6,1,1,1,false,false,
894,20111-16-06D,"10 DK 16х1,5 (0)(Г)",3,10,6,1,1,1,false,false,
895,20111-16-06DT,"10 DK 16х1,5 (0)(Г)",3,10,6,1,1,1,false,false,
896,20111-16-08D,"12 DK 16х1,5 (0)(Г)",3,12,6,1,1,1,false,false,
897,20111-16-08DT,"12 DK 16х1,5 (0)(Г)",3,12,6,1,1,1,false,false,
898,20111-18-04,"06 DK 18х1,5 (0)(Г)",3,6,7,1,1,1,false,false,
899,20111-18-04T,"06 DK 18х1,5 (0)(Г)",3,6,7,1,1,1,false,false,
900,20111-18-05,"08 DK 18х1,5 (0)(Г)",3,8,7,1,1,1,false,false,
901,20111-18-05T,"08 DK 18х1,5 (0)(Г)",3,8,7,1,1,1,false,false,
902,20111-18-05T SL,"08 DK 18х1,5 (0)(Г) мал.зам.",3,8,7,1,1,1,false,false,
903,20111-18-06,"10 DK 18х1,5 (0)(Г)",3,10,7,1,1,1,false,false,
904,20111-18-06T,"10 DK 18х1,5 (0)(Г)",3,10,7,1,1,1,false,false,
905,20111-18-08,"12 DK 18х1,5 (0)(Г)",3,12,7,1,1,1,false,false,
906,20111-18-08T,"12 DK 18х1,5 (0)(Г)",3,12,7,1,1,1,false,false,
907,20111-20-04,"06 DK 20х1,5 (0)(Г)",3,6,8,1,1,1,false,false,
908,20111-20-04T,"06 DK 20х1,5 (0)(Г)",3,6,8,1,1,1,false,false,
909,20111-20-05,"08 DK 20х1,5 (0)(Г)",3,8,8,1,1,1,false,false,
910,20111-20-05T,"08 DK 20х1,5 (0)(Г)",3,8,8,1,1,1,false,false,
911,20111-20-06,"10 DK 20х1,5 (0)(Г)",3,10,8,1,1,1,false,false,
912,20111-20-06T,"10 DK 20х1,5 (0)(Г)",3,10,8,1,1,1,false,false,
913,20111-20-08 S24,"12 DK 20х1,5 (0)(Г) S=24",3,12,8,1,1,1,false,false,24
914,20111-20-08 S27,"12 DK 20х1,5 (0)(Г) S=27",3,12,8,1,1,1,false,false,27
915,20111-20-08T S24,"12 DK 20х1,5 (0)(Г) S=24",3,12,8,1,1,1,false,false,24
916,20111-20-08T S27,"12 DK 20х1,5 (0)(Г) S=27",3,12,8,1,1,1,false,false,27
917,20111-20-10,"16 DK 20х1,5 (0)(Г)",3,16,8,1,1,1,false,false,
918,20111-20-10T,"16 DK 20х1,5 (0)(Г)",3,16,8,1,1,1,false,false,
919,20111-22-04,"06 DK 22х1,5 (0)(Г)",3,6,9,1,1,1,false,false,
920,20111-22-04T,"06 DK 22х1,5 (0)(Г)",3,6,9,1,1,1,false,false,
921,20111-22-05,"08 DK 22х1,5 (0)(Г)",3,8,9,1,1,1,false,false,
922,20111-22-05T,"08 DK 22х1,5 (0)(Г)",3,8,9,1,1,1,false,false,
923,20111-22-06,"10 DK 22х1,5 (0)(Г)",3,10,9,1,1,1,false,false,
924,20111-22-06T,"10 DK 22х1,5 (0)(Г)",3,10,9,1,1,1,false,false,
925,20111-22-08,"12 DK 22х1,5 (0)(Г)",3,12,9,1,1,1,false,false,
926,20111-22-08T,"12 DK 22х1,5 (0)(Г)",3,12,9,1,1,1,false,false,
927,20111-22-10,"16 DK 22х1,5 (0)(Г)",3,16,9,1,1,1,false,false,
928,20111-22-10T,"16 DK 22х1,5 (0)(Г)",3,16,9,1,1,1,false,false,
929,20111-24-08,"12 DK 24х1,5 (0)(Г)",3,12,10,1,1,1,false,false,
930,20111-24-08T,"12 DK 24х1,5 (0)(Г)",3,12,10,1,1,1,false,false,
931,20111-24-10,"16 DK 24х1,5 (0)(Г)",3,16,10,1,1,1,false,false,
932,20111-24-10T,"16 DK 24х1,5 (0)(Г)",3,16,10,1,1,1,false,false,
933,20111-24-12,"20 DK 24х1,5 (0)(Г)",3,20,10,1,1,1,false,false,
934,20111-24-12T,"20 DK 24х1,5 (0)(Г)",3,20,10,1,1,1,false,false,
935,20111-26-08D,"12 DK 26х1,5 (0)(Г)",3,12,11,1,1,1,false,false,
936,20111-26-08DT,"12 DK 26х1,5 (0)(Г)",3,12,11,1,1,1,false,false,
937,20111-26-10D,"16 DK 26х1,5 (0)(Г)",3,16,11,1,1,1,false,false,
938,20111-26-10DT,"16 DK 26х1,5 (0)(Г)",3,16,11,1,1,1,false,false,
939,20111-27-08,12 DK 27х2 (0)(Г),3,12,27,1,1,1,false,false,
940,20111-27-08D,"12 DK 27х1,5 (0)(Г)",3,12,12,1,1,1,false,false,
941,20111-27-08DT,"12 DK 27х1,5 (0)(Г)",3,12,12,1,1,1,false,false,
942,20111-27-08T,12 DK 27х2 (0)(Г),3,12,27,1,1,1,false,false,
943,20111-27-10,16 DK 27х2 (0)(Г),3,16,27,1,1,1,false,false,
944,20111-27-10D,"16 DK 27х1,5 (0)(Г)",3,16,12,1,1,1,false,false,
945,20111-27-10DT,"16 DK 27х1,5 (0)(Г)",3,16,12,1,1,1,false,false,
946,20111-27-10T,16 DK 27х2 (0)(Г),3,16,27,1,1,1,false,false,
947,20111-27-12,20 DK 27х2 (0)(Г),3,20,27,1,1,1,false,false,
948,20111-27-12D,"20 DK 27х1,5 (0)(Г)",3,20,12,1,1,1,false,false,
949,20111-27-12DT,"20 DK 27х1,5 (0)(Г)",3,20,12,1,1,1,false,false,
950,20111-27-12T,20 DK 27х2 (0)(Г),3,20,27,1,1,1,false,false,
951,20111-30-10,16 DK 30х2 (0)(Г),3,16,14,1,1,1,false,false,
952,20111-30-10D,"16 DK 30х1,5 (0)(Г)",3,16,13,1,1,1,false,false,
953,20111-30-10DT,"16 DK 30х1,5 (0)(Г)",3,16,13,1,1,1,false,false,
954,20111-30-10T,16 DK 30х2 (0)(Г),3,16,14,1,1,1,false,false,
955,20111-30-12,20 DK 30х2 (0)(Г),3,20,14,1,1,1,false,false,
956,20111-30-12D,"20 DK 30х1,5 (0)(Г)",3,20,13,1,1,1,false,false,
957,20111-30-12D 60,"20 DK 30х1,5 (0)(Г) сфера 60 гр.",3,20,13,1,1,1,false,false,
958,20111-30-12DT,"20 DK 30х1,5 (0)(Г)",3,20,13,1,1,1,false,false,
959,20111-30-12T,20 DK 30х2 (0)(Г),3,20,14,1,1,1,false,false,
960,20111-33-10T,16 DK 33х2 (0)(Г),3,16,16,1,1,1,false,false,
961,20111-33-12,20 DK 33х2 (0)(Г),3,20,16,1,1,1,false,false,
962,20111-33-12D,"20 DK 33х1,5 (0)(Г)",3,20,15,1,1,1,false,false,
963,20111-33-12DT,"20 DK 33х1,5 (0)(Г)",3,20,15,1,1,1,false,false,
964,20111-33-12T,20 DK 33х2 (0)(Г),3,20,16,1,1,1,false,false,
965,20111-33-16,25 DK 33х2 (0)(Г),3,25,16,1,1,1,false,false,
966,20111-33-16D,"25 DK 33х1,5 (0)(Г)",3,25,15,1,1,1,false,false,
967,20111-33-16DT,"25 DK 33х1,5 (0)(Г)",3,25,15,1,1,1,false,false,
968,20111-33-16T,25 DK 33х2 (0)(Г),3,25,16,1,1,1,false,false,
969,20111-33-16T A,25 DK 33х2 (0)(Г),3,25,16,1,1,1,false,false,
970,20111-36-12,20 DK 36х2 (0)(Г),3,20,23,1,1,1,false,false,
971,20111-36-12D,"20 DK 36х1,5 (0)(Г)",3,20,17,1,1,1,false,false,
972,20111-36-12DT,"20 DK 36х1,5 (0)(Г)",3,20,17,1,1,1,false,false,
973,20111-36-12T,20 DK 36х2 (0)(Г),3,20,23,1,1,1,false,false,
974,20111-36-16,25 DK 36х2 (0)(Г),3,25,23,1,1,1,false,false,
975,20111-36-16D,"25 DK 36х1,5 (0)(Г)",3,25,17,1,1,1,false,false,
976,20111-36-16DT,"25 DK 36х1,5 (0)(Г)",3,25,17,1,1,1,false,false,
977,20111-36-16T,25 DK 36х2 (0)(Г),3,25,23,1,1,1,false,false,
978,20111-39-12,20 DK 39х2 (0)(Г),3,20,29,1,1,1,false,false,
979,20111-39-12D,"20 DK 39х1,5 (0)(Г)",3,20,18,1,1,1,false,false,
980,20111-39-12DT,"20 DK 39х1,5 (0)(Г)",3,20,18,1,1,1,false,false,
981,20111-39-12T,20 DK 39х2 (0)(Г),3,20,29,1,1,1,false,false,
982,20111-39-16,25 DK 39х2 (0)(Г),3,25,29,1,1,1,false,false,
983,20111-39-16D,"25 DK 39х1,5 (0)(Г)",3,25,18,1,1,1,false,false,
984,20111-39-16DT,"25 DK 39х1,5 (0)(Г)",3,25,18,1,1,1,false,false,
985,20111-39-16T,25 DK 39х2 (0)(Г),3,25,29,1,1,1,false,false,
986,20111-42-12,20 DK 42х2 (0)(Г),3,20,22,1,1,1,false,false,
987,20111-42-12T,20 DK 42х2 (0)(Г),3,20,22,1,1,1,false,false,
988,20111-42-16,25 DK 42х2 (0)(Г),3,25,22,1,1,1,false,false,
989,20111-42-16D,"25 DK 42х1,5 (0)(Г)",3,25,19,1,1,1,false,false,
990,20111-42-16DT,"25 DK 42х1,5 (0)(Г)",3,25,19,1,1,1,false,false,
991,20111-42-16T,25 DK 42х2 (0)(Г),3,25,22,1,1,1,false,false,
992,20111-42-16T 24,25 DK 42х2 (0)(Г) (сфера 24°),3,25,22,1,1,1,false,false,
993,20111-42-16T 37,25 DK 42х2 (0)(Г) (сфера 37°),3,25,22,1,1,1,false,false,
994,20111-42-20,32 DK 42х2 (0)(Г),3,32,22,1,1,1,false,false,
995,20111-42-20D,"32 DK 42х1,5 (0)(Г)",3,32,19,1,1,1,false,false,
996,20111-42-20DT,"32 DK 42х1,5 (0)(Г)",3,32,19,1,1,1,false,false,
997,20111-42-20T,32 DK 42х2 (0)(Г),3,32,22,1,1,1,false,false,
998,20111-45-20,32 DK 45х2 (0)(Г),3,32,25,1,1,1,false,false,
999,20111-45-20D,"32 DK 45х1,5 (0)(Г)",3,32,33,1,1,1,false,false,
1000,20111-45-20DT,"32 DK 45х1,5 (0)(Г)",3,32,33,1,1,1,false,false,
1001,20111-45-20T,32 DK 45х2 (0)(Г),3,32,25,1,1,1,false,false,
1002,20111-48-20,32 DK 48х2 (0)(Г),3,32,28,1,1,1,false,false,
1003,20111-48-20D S55,"32 DK 48х1,5 (0)(Г) S=55",3,32,30,1,1,1,false,false,55
1004,20111-48-20D S60,"32 DK 48х1,5 (0)(Г) S=60",3,32,30,1,1,1,false,false,60
1005,20111-48-20DT S55,"32 DK 48х1,5 (0)(Г) S=55",3,32,30,1,1,1,false,false,55
1006,20111-48-20DT S60,"32 DK 48х1,5 (0)(Г) S=60",3,32,30,1,1,1,false,false,60
1007,20111-48-20DT ST45 S55,"32 DK 48х1,5 (0)(Г) СТ-45 S=55",3,32,30,1,1,1,false,false,55
1008,20111-48-20T,32 DK 48х2 (0)(Г),3,32,28,1,1,1,false,false,
1009,20111-52-20,32 DK 52х2 (0)(Г),3,32,24,1,1,1,false,false,
1010,20111-52-20D,"32 DK 52х1,5 (0)(Г)",3,32,20,1,1,1,false,false,
1011,20111-52-20DT,"32 DK 52х1,5 (0)(Г)",3,32,20,1,1,1,false,false,
1012,20111-52-20T,32 DK 52х2 (0)(Г),3,32,24,1,1,1,false,false,
1013,20111-52-24,38 DK 52х2 (0)(Г),3,38,24,1,1,1,false,false,
1014,20111-52-24T,38 DK 52х2 (0)(Г),3,38,24,1,1,1,false,false,
1015,20111-56-24,38 DK 56х2 (0)(Г),3,38,31,1,1,1,false,false,
1016,20111-56-24T,38 DK 56х2 (0)(Г),3,38,31,1,1,1,false,false,
1017,20111-64-24,38 DK 64х2 (0)(Г),3,38,29,1,1,1,false,false,
1018,20111-64-24T,38 DK 64х2 (0)(Г),3,38,29,1,1,1,false,false,
1019,20111-64-32,50 DK 64х2 (0)(Г),3,50,29,1,1,1,false,false,
1020,20111-64-32T,50 DK 64х2 (0)(Г),3,50,29,1,1,1,false,false,
1021,20111A-39-12,20 DK 39х2 (Ш) S=46,3,20,29,1,2,1,true,false,46
1022,20112-16-08D,"12 DK 16х1,5 (0)(Г)",3,12,6,1,1,2,false,false,
1023,20112-16-08DT,"12 DK 16х1,5 (0)(Г)",3,12,6,1,1,2,false,false,
1024,20112-18-08,"12 DK 18х1,5 (0)(Г)",3,12,7,1,1,2,false,false,
1025,20112-18-08T,"12 DK 18х1,5 (0)(Г)",3,12,7,1,1,2,false,false,
1026,20112-18-10 A,"16 DK 18х1,5 (0)(Г)",3,16,7,1,1,2,false,false,
1027,20112-20-08 S24,"12 DK 20х1,5 (0)(Г) S=24",3,12,8,1,1,2,false,false,24
1028,20112-20-08 S27,"12 DK 20х1,5 (0)(Г) S=27",3,12,8,1,1,2,false,false,27
1029,20112-20-08T S24,"12 DK 20х1,5 (0)(Г) S=24",3,12,8,1,1,2,false,false,24
1030,20112-20-08T S27,"12 DK 20х1,5 (0)(Г) S=27",3,12,8,1,1,2,false,false,27
1031,20112-20-10,"16 DK 20х1,5 (0)(Г)",3,16,8,1,1,2,false,false,
1032,20112-20-10T,"16 DK 20х1,5 (0)(Г)",3,16,8,1,1,2,false,false,
1033,20112-22-08,"12 DK 22х1,5 (0)(Г)",3,12,9,1,1,2,false,false,
1034,20112-22-08T,"12 DK 22х1,5 (0)(Г)",3,12,9,1,1,2,false,false,
1035,20112-22-10,"16 DK 22х1,5 (0)(Г)",3,16,9,1,1,2,false,false,
1036,20112-22-10T,"16 DK 22х1,5 (0)(Г)",3,16,9,1,1,2,false,false,
1037,20112-24-08,"12 DK 24х1,5 (0)(Г)",3,12,10,1,1,2,false,false,
1038,20112-24-08T,"12 DK 24х1,5 (0)(Г)",3,12,10,1,1,2,false,false,
1039,20112-24-10,"16 DK 24х1,5 (0)(Г)",3,16,10,1,1,2,false,false,
1040,20112-24-10T,"16 DK 24х1,5 (0)(Г)",3,16,10,1,1,2,false,false,
1041,20112-24-12,"20 DK 24х1,5 (0)(Г)",3,20,10,1,1,2,false,false,
1042,20112-24-12T,"20 DK 24х1,5 (0)(Г)",3,20,10,1,1,2,false,false,
1043,20112-26-08D,"12 DK 26х1,5 (0)(Г)",3,12,11,1,1,2,false,false,
1044,20112-26-08DT,"12 DK 26х1,5 (0)(Г)",3,12,11,1,1,2,false,false,
1045,20112-26-10D,"16 DK 26х1,5 (0)(Г)",3,16,11,1,1,2,false,false,
1046,20112-26-10DT,"16 DK 26х1,5 (0)(Г)",3,16,11,1,1,2,false,false,
1047,20112-26-10DT SN,"16 DK 26х1,5 (0)(Г) короткая гайка",3,16,11,1,1,2,false,false,
1048,20112-27-08,12 DK 27х2 (0)(Г),3,12,27,1,1,2,false,false,
1049,20112-27-08D,"12 DK 27х1,5 (0)(Г)",3,12,12,1,1,2,false,false,
1050,20112-27-08DT,"12 DK 27х1,5 (0)(Г)",3,12,12,1,1,2,false,false,
1051,20112-27-08T,12 DK 27х2 (0)(Г),3,12,27,1,1,2,false,false,
1052,20112-27-10,16 DK 27х2 (0)(Г),3,16,27,1,1,2,false,false,
1053,20112-27-10D,"16 DK 27х1,5 (0)(Г)",3,16,12,1,1,2,false,false,
1054,20112-27-10DT,"16 DK 27х1,5 (0)(Г)",3,16,12,1,1,2,false,false,
1055,20112-27-10T,16 DK 27х2 (0)(Г),3,16,27,1,1,2,false,false,
1056,20112-27-12,20 DK 27х2 (0)(Г),3,20,27,1,1,2,false,false,
1057,20112-27-12D,"20 DK 27х1,5 (0)(Г)",3,20,12,1,1,2,false,false,
1058,20112-27-12DT,"20 DK 27х1,5 (0)(Г)",3,20,12,1,1,2,false,false,
1059,20112-27-12T,20 DK 27х2 (0)(Г),3,20,27,1,1,2,false,false,
1060,20112-30-10,16 DK 30х2 (0)(Г),3,16,14,1,1,2,false,false,
1061,20112-30-10D,"16 DK 30х1,5 (0)(Г)",3,16,13,1,1,2,false,false,
1062,20112-30-10DT,"16 DK 30х1,5 (0)(Г)",3,16,13,1,1,2,false,false,
1063,20112-30-10T,16 DK 30х2 (0)(Г),3,16,14,1,1,2,false,false,
1064,20112-30-12,20 DK 30х2 (0)(Г),3,20,14,1,1,2,false,false,
1065,20112-30-12D,"20 DK 30х1,5 (0)(Г)",3,20,13,1,1,2,false,false,
1066,20112-30-12DT,"20 DK 30х1,5 (0)(Г)",3,20,13,1,1,2,false,false,
1067,20112-30-12T,20 DK 30х2 (0)(Г),3,20,14,1,1,2,false,false,
1068,20112-30-16D,"25 DK 30х1,5 (0)(Г)",3,25,13,1,1,2,false,false,
1069,20112-33-10DT,"16 DK 33х1,5 (0)(Г)",3,16,15,1,1,2,false,false,
1070,20112-33-10DT A,"16 DK 33х1,5 (0)(Г) ",3,16,15,1,1,2,false,false,
1071,20112-33-10T,16 DK 33х2 (0)(Г),3,16,16,1,1,2,false,false,
1072,20112-33-12,20 DK 33х2 (0)(Г),3,20,16,1,1,2,false,false,
1073,20112-33-12D,"20 DK 33х1,5 (0)(Г)",3,20,15,1,1,2,false,false,
1074,20112-33-12DT,"20 DK 33х1,5 (0)(Г)",3,20,15,1,1,2,false,false,
1075,20112-33-12T,20 DK 33х2 (0)(Г),3,20,16,1,1,2,false,false,
1076,20112-33-16,25 DK 33х2 (0)(Г),3,25,16,1,1,2,false,false,
1077,20112-33-16 A,25 DK 33х2 (0)(Г),3,25,16,1,1,2,false,false,
1078,20112-33-16D,"25 DK 33х1,5 (0)(Г)",3,25,15,1,1,2,false,false,
1079,20112-33-16D A,"25 DK 33х1,5 (0)(Г)",3,25,15,1,1,2,false,false,
1080,20112-33-16DT,"25 DK 33х1,5 (0)(Г)",3,25,15,1,1,2,false,false,
1081,20112-33-16DT A,"25 DK 33х1,5 (0)(Г)",3,25,15,1,1,2,false,false,
1082,20112-33-16T,25 DK 33х2 (0)(Г),3,25,16,1,1,2,false,false,
1083,20112-36-12,20 DK 36х2 (0)(Г),3,20,23,1,1,2,false,false,
1084,20112-36-12D,"20 DK 36х1,5 (0)(Г)",3,20,17,1,1,2,false,false,
1085,20112-36-12DT,"20 DK 36х1,5 (0)(Г)",3,20,17,1,1,2,false,false,
1086,20112-36-12T,20 DK 36х2 (0)(Г),3,20,23,1,1,2,false,false,
1087,20112-36-16,25 DK 36х2 (0)(Г),3,25,23,1,1,2,false,false,
1088,20112-36-16D,"25 DK 36х1,5 (0)(Г)",3,25,17,1,1,2,false,false,
1089,20112-36-16DT,"25 DK 36х1,5 (0)(Г)",3,25,17,1,1,2,false,false,
1090,20112-36-16T,25 DK 36х2 (0)(Г),3,25,23,1,1,2,false,false,
1091,20112-38-16T A,"25 DK 38х1,5 (0)(Г)",3,25,37,1,1,2,false,false,
1092,20112-39-12,20 DK 39х2 (0)(Г),3,20,29,1,1,2,false,false,
1093,20112-39-12D,"20 DK 39х1,5 (0)(Г)",3,20,18,1,1,2,false,false,
1094,20112-39-12DT,"20 DK 39х1,5 (0)(Г)",3,20,18,1,1,2,false,false,
1095,20112-39-12T,20 DK 39х2 (0)(Г),3,20,29,1,1,2,false,false,
1096,20112-39-16,25 DK 39х2 (0)(Г),3,25,29,1,1,2,false,false,
1097,20112-39-16D,"25 DK 39х1,5 (0)(Г)",3,25,18,1,1,2,false,false,
1098,20112-39-16DT,"25 DK 39х1,5 (0)(Г)",3,25,18,1,1,2,false,false,
1099,20112-39-16T,25 DK 39х2 (0)(Г),3,25,29,1,1,2,false,false,
1100,20112-42-12,20 DK 42х2 (0)(Г),3,20,22,1,1,2,false,false,
1101,20112-42-12T,20 DK 42х2 (0)(Г),3,20,22,1,1,2,false,false,
1102,20112-42-16,25 DK 42х2 (0)(Г),3,25,22,1,1,2,false,false,
1103,20112-42-16D,"25 DK 42х1,5 (0)(Г)",3,25,19,1,1,2,false,false,
1104,20112-42-16DT,"25 DK 42х1,5 (0)(Г)",3,25,19,1,1,2,false,false,
1105,20112-42-16T,25 DK 42х2 (0)(Г),3,25,22,1,1,2,false,false,
1106,20112-42-20,32 DK 42х2 (0)(Г),3,32,22,1,1,2,false,false,
1107,20112-42-20D,"32 DK 42х1,5 (0)(Г)",3,32,19,1,1,2,false,false,
1108,20112-42-20DT,"32 DK 42х1,5 (0)(Г)",3,32,19,1,1,2,false,false,
1109,20112-42-20T,32 DK 42х2 (0)(Г),3,32,22,1,1,2,false,false,
1110,20112-45-20,32 DK 45х2 (0)(Г),3,32,25,1,1,2,false,false,
1111,20112-45-20D,"32 DK 45х1,5 (0)(Г)",3,32,33,1,1,2,false,false,
1112,20112-45-20DT,"32 DK 45х1,5 (0)(Г)",3,32,33,1,1,2,false,false,
1113,20112-45-20DT A,"32 DK 45х1,5 (0)(Г)",3,32,33,1,1,2,false,false,
1114,20112-45-20T,32 DK 45х2 (0)(Г),3,32,25,1,1,2,false,false,
1115,20112-48-20,32 DK 48х2 (0)(Г),3,32,28,1,1,2,false,false,
1116,20112-48-20D S55,"32 DK 48х1,5 (0)(Г) S=55",3,32,30,1,1,2,false,false,55
1117,20112-48-20D S60,"32 DK 48х1,5 (0)(Г) S=60",3,32,30,1,1,2,false,false,60
1118,20112-48-20DT S55,"32 DK 48х1,5 (0)(Г) S=55",3,32,30,1,1,2,false,false,55
1119,20112-48-20DT S60,"32 DK 48х1,5 (0)(Г) S=60",3,32,30,1,1,2,false,false,60
1120,20112-48-20T,32 DK 48х2 (0)(Г),3,32,28,1,1,2,false,false,
1121,20112-52-20,32 DK 52х2 (0)(Г),3,32,24,1,1,2,false,false,
1122,20112-52-20D,"32 DK 52х1,5 (0)(Г)",3,32,20,1,1,2,false,false,
1123,20112-52-20DT,"32 DK 52х1,5 (0)(Г)",3,32,20,1,1,2,false,false,
1124,20112-52-20T,32 DK 52х2 (0)(Г),3,32,24,1,1,2,false,false,
1125,20112-52-24,38 DK 52х2 (0)(Г),3,38,24,1,1,2,false,false,
1126,20112-52-24T,38 DK 52х2 (0)(Г),3,38,24,1,1,2,false,false,
1127,20112-56-24,38 DK 56х2 (0)(Г),3,38,31,1,1,2,false,false,
1128,20112-56-24T,38 DK 56х2 (0)(Г),3,38,31,1,1,2,false,false,
1129,20112-64-24,38 DK 64х2 (0)(Г),3,38,29,1,1,2,false,false,
1130,20112-64-24T,38 DK 64х2 (0)(Г),3,38,29,1,1,2,false,false,
1131,20112-64-32,50 DK 64х2 (0)(Г),3,50,29,1,1,2,false,false,
1132,20112-64-32T,50 DK 64х2 (0)(Г),3,50,29,1,1,2,false,false,
1133,20112A-39-12,20 DK 39х2 (Ш) S=46,3,20,29,1,2,2,true,false,46
1134,20113-42-16T,25 DK 42х2 (0)(Г) Interlock,3,25,22,1,1,3,false,false,
1135,20141-10-04,06 DK 10х1 (45)(Г),3,6,1,2,1,1,false,false,
1136,20141-10-04D,"06 DK 10х1,5 (45)(Г)",3,6,2,2,1,1,false,false,
1137,20141-10-04DT,"06 DK 10х1,5 (45)(Г)",3,6,2,2,1,1,false,false,
1138,20141-10-04T,06 DK 10х1 (45)(Г),3,6,1,2,1,1,false,false,
1139,20141-12-04,06 DK 12х1 (45)(Г),3,6,21,2,1,1,false,false,
1140,20141-12-04D,"06 DK 12х1,5 (45)(Г)",3,6,3,2,1,1,false,false,
1141,20141-12-04DT,"06 DK 12х1,5 (45)(Г)",3,6,3,2,1,1,false,false,
1142,20141-12-04T,06 DK 12х1 (45)(Г),3,6,21,2,1,1,false,false,
1143,20141-12-05D,"08 DK 12х1,5 (45)(Г)",3,8,3,2,1,1,false,false,
1144,20141-12-05DT,"08 DK 12х1,5 (45)(Г)",3,8,3,2,1,1,false,false,
1145,20141-14-04D,"06 DK 14х1,5 (45)(Г)",3,6,4,2,1,1,false,false,
1146,20141-14-04DT,"06 DK 14х1,5 (45)(Г)",3,6,4,2,1,1,false,false,
1147,20141-14-05D,"08 DK 14х1,5 (45)(Г)",3,8,4,2,1,1,false,false,
1148,20141-14-05DT,"08 DK 14х1,5 (45)(Г)",3,8,4,2,1,1,false,false,
1149,20141-14-06D,"10 DK 14х1,5 (45)(Г)",3,10,4,2,1,1,false,false,
1150,20141-14-06DT,"10 DK 14х1,5 (45)(Г)",3,10,4,2,1,1,false,false,
1151,20141-16-04D,"06 DK 16х1,5 (45)(Г)",3,6,6,2,1,1,false,false,
1152,20141-16-04DT,"06 DK 16х1,5 (45)(Г)",3,6,6,2,1,1,false,false,
1153,20141-16-05D,"08 DK 16х1,5 (45)(Г)",3,8,6,2,1,1,false,false,
1154,20141-16-05DT,"08 DK 16х1,5 (45)(Г)",3,8,6,2,1,1,false,false,
1155,20141-16-06D,"10 DK 16х1,5 (45)(Г)",3,10,6,2,1,1,false,false,
1156,20141-16-06DT,"10 DK 16х1,5 (45)(Г)",3,10,6,2,1,1,false,false,
1157,20141-16-08D,"12 DK 16х1,5 (45)(Г)",3,12,6,2,1,1,false,false,
1158,20141-16-08DT,"12 DK 16х1,5 (45)(Г)",3,12,6,2,1,1,false,false,
1159,20141-18-04,"06 DK 18х1,5 (45)(Г)",3,6,7,2,1,1,false,false,
1160,20141-18-04T,"06 DK 18х1,5 (45)(Г)",3,6,7,2,1,1,false,false,
1161,20141-18-05,"08 DK 18х1,5 (45)(Г)",3,8,7,2,1,1,false,false,
1162,20141-18-05T,"08 DK 18х1,5 (45)(Г)",3,8,7,2,1,1,false,false,
1163,20141-18-06,"10 DK 18х1,5 (45)(Г)",3,10,7,2,1,1,false,false,
1164,20141-18-06T,"10 DK 18х1,5 (45)(Г)",3,10,7,2,1,1,false,false,
1165,20141-18-06T SL0.5,"10 DK 18х1,5 (45)(Г) мал.замок 0,5",3,10,7,2,1,1,false,false,
1166,20141-18-08,"12 DK 18х1,5 (45)(Г)",3,12,7,2,1,1,false,false,
1167,20141-18-08T,"12 DK 18х1,5 (45)(Г)",3,12,7,2,1,1,false,false,
1168,20141-20-04,"06 DK 20х1,5 (45)(Г)",3,6,8,2,1,1,false,false,
1169,20141-20-04T,"06 DK 20х1,5 (45)(Г)",3,6,8,2,1,1,false,false,
1170,20141-20-05,"08 DK 20х1,5 (45)(Г)",3,8,8,2,1,1,false,false,
1171,20141-20-05T,"08 DK 20х1,5 (45)(Г)",3,8,8,2,1,1,false,false,
1172,20141-20-06,"10 DK 20х1,5 (45)(Г)",3,10,8,2,1,1,false,false,
1173,20141-20-06T,"10 DK 20х1,5 (45)(Г)",3,10,8,2,1,1,false,false,
1174,20141-20-08 S24,"12 DK 20х1,5 (45)(Г) S=24",3,12,8,2,1,1,false,false,24
1175,20141-20-08 S27,"12 DK 20х1,5 (45)(Г) S=27",3,12,8,2,1,1,false,false,27
1176,20141-20-08T S24,"12 DK 20х1,5 (45)(Г) S=24",3,12,8,2,1,1,false,false,24
1177,20141-20-08T S27,"12 DK 20х1,5 (45)(Г) S=27",3,12,8,2,1,1,false,false,27
1178,20141-20-10,"16 DK 20х1,5 (45)(Г)",3,16,8,2,1,1,false,false,
1179,20141-20-10T,"16 DK 20х1,5 (45)(Г)",3,16,8,2,1,1,false,false,
1180,20141-22-04,"06 DK 22х1,5 (45)(Г)",3,6,9,2,1,1,false,false,
1181,20141-22-04T,"06 DK 22х1,5 (45)(Г)",3,6,9,2,1,1,false,false,
1182,20141-22-05,"08 DK 22х1,5 (45)(Г)",3,8,9,2,1,1,false,false,
1183,20141-22-05T,"08 DK 22х1,5 (45)(Г)",3,8,9,2,1,1,false,false,
1184,20141-22-06,"10 DK 22х1,5 (45)(Г)",3,10,9,2,1,1,false,false,
1185,20141-22-06T,"10 DK 22х1,5 (45)(Г)",3,10,9,2,1,1,false,false,
1186,20141-22-06T 24-37,"10 DK 22х1,5 (45)(Г) полусфера 24°-37°",3,10,9,2,1,1,false,false,
1187,20141-22-08,"12 DK 22х1,5 (45)(Г)",3,12,9,2,1,1,false,false,
1188,20141-22-08T,"12 DK 22х1,5 (45)(Г)",3,12,9,2,1,1,false,false,
1189,20141-22-10,"16 DK 22х1,5 (45)(Г)",3,16,9,2,1,1,false,false,
1190,20141-22-10T,"16 DK 22х1,5 (45)(Г)",3,16,9,2,1,1,false,false,
1191,20141-24-08,"12 DK 24х1,5 (45)(Г)",3,12,10,2,1,1,false,false,
1192,20141-24-08T,"12 DK 24х1,5 (45)(Г)",3,12,10,2,1,1,false,false,
1193,20141-24-10,"16 DK 24х1,5 (45)(Г)",3,16,10,2,1,1,false,false,
1194,20141-24-10T,"16 DK 24х1,5 (45)(Г)",3,16,10,2,1,1,false,false,
1195,20141-24-12,"20 DK 24х1,5 (45)(Г)",3,20,10,2,1,1,false,false,
1196,20141-24-12T,"20 DK 24х1,5 (45)(Г)",3,20,10,2,1,1,false,false,
1197,20141-26-08D,"12 DK 26х1,5 (45)(Г)",3,12,11,2,1,1,false,false,
1198,20141-26-08DT,"12 DK 26х1,5 (45)(Г)",3,12,11,2,1,1,false,false,
1199,20141-26-10D,"16 DK 26х1,5 (45)(Г)",3,16,11,2,1,1,false,false,
1200,20141-26-10DT,"16 DK 26х1,5 (45)(Г)",3,16,11,2,1,1,false,false,
1201,20141-27-08,12 DK 27х2 (45)(Г),3,12,27,2,1,1,false,false,
1202,20141-27-08D,"12 DK 27х1,5 (45)(Г)",3,12,12,2,1,1,false,false,
1203,20141-27-08DT,"12 DK 27х1,5 (45)(Г)",3,12,12,2,1,1,false,false,
1204,20141-27-08T,12 DK 27х2 (45)(Г),3,12,27,2,1,1,false,false,
1205,20141-27-10,16 DK 27х2 (45)(Г),3,16,27,2,1,1,false,false,
1206,20141-27-10D,"16 DK 27х1,5 (45)(Г)",3,16,12,2,1,1,false,false,
1207,20141-27-10DT,"16 DK 27х1,5 (45)(Г)",3,16,12,2,1,1,false,false,
1208,20141-27-10T,16 DK 27х2 (45)(Г),3,16,27,2,1,1,false,false,
1209,20141-27-12,20 DK 27х2 (45)(Г),3,20,27,2,1,1,false,false,
1210,20141-27-12D,"20 DK 27х1,5 (45)(Г)",3,20,12,2,1,1,false,false,
1211,20141-27-12DT,"20 DK 27х1,5 (45)(Г)",3,20,12,2,1,1,false,false,
1212,20141-27-12T,20 DK 27х2 (45)(Г),3,20,27,2,1,1,false,false,
1213,20141-30-10,16 DK 30х2 (45)(Г),3,16,14,2,1,1,false,false,
1214,20141-30-10D,"16 DK 30х1,5 (45)(Г)",3,16,13,2,1,1,false,false,
1215,20141-30-10DT,"16 DK 30х1,5 (45)(Г)",3,16,13,2,1,1,false,false,
1216,20141-30-10T,16 DK 30х2 (45)(Г),3,16,14,2,1,1,false,false,
1217,20141-30-12,20 DK 30х2 (45)(Г),3,20,14,2,1,1,false,false,
1218,20141-30-12D,"20 DK 30х1,5 (45)(Г)",3,20,13,2,1,1,false,false,
1219,20141-30-12DT,"20 DK 30х1,5 (45)(Г)",3,20,13,2,1,1,false,false,
1220,20141-30-12T,20 DK 30х2 (45)(Г),3,20,14,2,1,1,false,false,
1221,20141-33-12,20 DK 33х2 (45)(Г),3,20,16,2,1,1,false,false,
1222,20141-33-12D,"20 DK 33х1,5 (45)(Г)",3,20,15,2,1,1,false,false,
1223,20141-33-12DT,"20 DK 33х1,5 (45)(Г)",3,20,15,2,1,1,false,false,
1224,20141-33-12T,20 DK 33х2 (45)(Г),3,20,16,2,1,1,false,false,
1225,20141-33-16,25 DK 33х2 (45)(Г),3,25,16,2,1,1,false,false,
1226,20141-33-16D,"25 DK 33х1,5 (45)(Г)",3,25,15,2,1,1,false,false,
1227,20141-33-16DT,"25 DK 33х1,5 (45)(Г)",3,25,15,2,1,1,false,false,
1228,20141-33-16T,25 DK 33х2 (45)(Г),3,25,16,2,1,1,false,false,
1229,20141-36-12,20 DK 36х2 (45)(Г),3,20,23,2,1,1,false,false,
1230,20141-36-12D,"20 DK 36х1,5 (45)(Г)",3,20,17,2,1,1,false,false,
1231,20141-36-12DT,"20 DK 36х1,5 (45)(Г)",3,20,17,2,1,1,false,false,
1232,20141-36-12T,20 DK 36х2 (45)(Г),3,20,23,2,1,1,false,false,
1233,20141-36-16,25 DK 36х2 (45)(Г),3,25,23,2,1,1,false,false,
1234,20141-36-16D,"25 DK 36х1,5 (45)(Г)",3,25,17,2,1,1,false,false,
1235,20141-36-16DT,"25 DK 36х1,5 (45)(Г)",3,25,17,2,1,1,false,false,
1236,20141-36-16T,25 DK 36х2 (45)(Г),3,25,23,2,1,1,false,false,
1237,20141-39-12,20 DK 39х2 (45)(Г),3,20,29,2,1,1,false,false,
1238,20141-39-12D,"20 DK 39х1,5 (45)(Г)",3,20,18,2,1,1,false,false,
1239,20141-39-12DT,"20 DK 39х1,5 (45)(Г)",3,20,18,2,1,1,false,false,
1240,20141-39-12T,20 DK 39х2 (45)(Г),3,20,29,2,1,1,false,false,
1241,20141-39-16,25 DK 39х2 (45)(Г),3,25,29,2,1,1,false,false,
1242,20141-39-16D,"25 DK 39х1,5 (45)(Г)",3,25,18,2,1,1,false,false,
1243,20141-39-16DT,"25 DK 39х1,5 (45)(Г)",3,25,18,2,1,1,false,false,
1244,20141-39-16T,25 DK 39х2 (45)(Г),3,25,29,2,1,1,false,false,
1245,20141-42-12,20 DK 42х2 (45)(Г),3,20,22,2,1,1,false,false,
1246,20141-42-12T,20 DK 42х2 (45)(Г),3,20,22,2,1,1,false,false,
1247,20141-42-16,25 DK 42х2 (45)(Г),3,25,22,2,1,1,false,false,
1248,20141-42-16D,"25 DK 42х1,5 (45)(Г)",3,25,19,2,1,1,false,false,
1249,20141-42-16DT,"25 DK 42х1,5 (45)(Г)",3,25,19,2,1,1,false,false,
1250,20141-42-16T,25 DK 42х2 (45)(Г),3,25,22,2,1,1,false,false,
1251,20141-42-20,32 DK 42х2 (45)(Г),3,32,22,2,1,1,false,false,
1252,20141-42-20D,"32 DK 42х1,5 (45)(Г)",3,32,19,2,1,1,false,false,
1253,20141-42-20DT,"32 DK 42х1,5 (45)(Г)",3,32,19,2,1,1,false,false,
1254,20141-42-20T,32 DK 42х2 (45)(Г),3,32,22,2,1,1,false,false,
1255,20141-45-20,32 DK 45х2 (45)(Г),3,32,25,2,1,1,false,false,
1256,20141-45-20D,"32 DK 45х1,5 (45)(Г)",3,32,33,2,1,1,false,false,
1257,20141-45-20DT,"32 DK 45х1,5 (45)(Г)",3,32,33,2,1,1,false,false,
1258,20141-45-20T,32 DK 45х2 (45)(Г),3,32,25,2,1,1,false,false,
1259,20141-48-20,32 DK 48х2 (45)(Г),3,32,28,2,1,1,false,false,
1260,20141-48-20D,"32 DK 48х1,5 (45)(Г)",3,32,30,2,1,1,false,false,
1261,20141-48-20DT,"32 DK 48х1,5 (45)(Г)",3,32,30,2,1,1,false,false,
1262,20141-48-20T,32 DK 48х2 (45)(Г),3,32,28,2,1,1,false,false,
1263,20141-52-20,32 DK 52х2 (45)(Г),3,32,24,2,1,1,false,false,
1264,20141-52-20D,"32 DK 52х1,5 (45)(Г)",3,32,20,2,1,1,false,false,
1265,20141-52-20DT,"32 DK 52х1,5 (45)(Г)",3,32,20,2,1,1,false,false,
1266,20141-52-20T,32 DK 52х2 (45)(Г),3,32,24,2,1,1,false,false,
1267,20141-52-24,38 DK 52х2 (45)(Г),3,38,24,2,1,1,false,false,
1268,20141-52-24T,38 DK 52х2 (45)(Г),3,38,24,2,1,1,false,false,
1269,20141-56-24,38 DK 56х2 (45)(Г),3,38,31,2,1,1,false,false,
1270,20141-56-24T,38 DK 56х2 (45)(Г),3,38,31,2,1,1,false,false,
1271,20141-64-24,38 DK 64х2 (45)(Г),3,38,29,2,1,1,false,false,
1272,20141-64-24T,38 DK 64х2 (45)(Г),3,38,29,2,1,1,false,false,
1273,20141-64-32,50 DK 64х2 (45)(Г),3,50,29,2,1,1,false,false,
1274,20141-64-32T,50 DK 64х2 (45)(Г),3,50,29,2,1,1,false,false,
1275,20142-16-08D,"12 DK 16х1,5 (45)(Г)",3,12,6,2,1,2,false,false,
1276,20142-16-08DT,"12 DK 16х1,5 (45)(Г)",3,12,6,2,1,2,false,false,
1277,20142-18-08,"12 DK 18х1,5 (45)(Г)",3,12,7,2,1,2,false,false,
1278,20142-18-08T,"12 DK 18х1,5 (45)(Г)",3,12,7,2,1,2,false,false,
1279,20142-20-08 S24,"12 DK 20х1,5 (45)(Г) S=24",3,12,8,2,1,2,false,false,24
1280,20142-20-08 S27,"12 DK 20х1,5 (45)(Г) S=27",3,12,8,2,1,2,false,false,27
1281,20142-20-08T S24,"12 DK 20х1,5 (45)(Г) S=24",3,12,8,2,1,2,false,false,24
1282,20142-20-08T S27,"12 DK 20х1,5 (45)(Г) S=27",3,12,8,2,1,2,false,false,27
1283,20142-20-10,"16 DK 20х1,5 (45)(Г)",3,16,8,2,1,2,false,false,
1284,20142-20-10T,"16 DK 20х1,5 (45)(Г)",3,16,8,2,1,2,false,false,
1285,20142-22-08,"12 DK 22х1,5 (45)(Г)",3,12,9,2,1,2,false,false,
1286,20142-22-08T,"12 DK 22х1,5 (45)(Г)",3,12,9,2,1,2,false,false,
1287,20142-22-10,"16 DK 22х1,5 (45)(Г)",3,16,9,2,1,2,false,false,
1288,20142-22-10T,"16 DK 22х1,5 (45)(Г)",3,16,9,2,1,2,false,false,
1289,20142-24-08,"12 DK 24х1,5 (45)(Г)",3,12,10,2,1,2,false,false,
1290,20142-24-08T,"12 DK 24х1,5 (45)(Г)",3,12,10,2,1,2,false,false,
1291,20142-24-10,"16 DK 24х1,5 (45)(Г)",3,16,10,2,1,2,false,false,
1292,20142-24-10T,"16 DK 24х1,5 (45)(Г)",3,16,10,2,1,2,false,false,
1293,20142-24-12,"20 DK 24х1,5 (45)(Г)",3,20,10,2,1,2,false,false,
1294,20142-24-12T,"20 DK 24х1,5 (45)(Г)",3,20,10,2,1,2,false,false,
1295,20142-26-08D,"12 DK 26х1,5 (45)(Г)",3,12,11,2,1,2,false,false,
1296,20142-26-08DT,"12 DK 26х1,5 (45)(Г)",3,12,11,2,1,2,false,false,
1297,20142-26-10D,"16 DK 26х1,5 (45)(Г)",3,16,11,2,1,2,false,false,
1298,20142-26-10DT,"16 DK 26х1,5 (45)(Г)",3,16,11,2,1,2,false,false,
1299,20142-27-08,12 DK 27х2 (45)(Г),3,12,27,2,1,2,false,false,
1300,20142-27-08D,"12 DK 27х1,5 (45)(Г)",3,12,12,2,1,2,false,false,
1301,20142-27-08DT,"12 DK 27х1,5 (45)(Г)",3,12,12,2,1,2,false,false,
1302,20142-27-08T,12 DK 27х2 (45)(Г),3,12,27,2,1,2,false,false,
1303,20142-27-10,16 DK 27х2 (45)(Г),3,16,27,2,1,2,false,false,
1304,20142-27-10D,"16 DK 27х1,5 (45)(Г)",3,16,12,2,1,2,false,false,
1305,20142-27-10DT,"16 DK 27х1,5 (45)(Г)",3,16,12,2,1,2,false,false,
1306,20142-27-10T,16 DK 27х2 (45)(Г),3,16,27,2,1,2,false,false,
1307,20142-27-12,20 DK 27х2 (45)(Г),3,20,27,2,1,2,false,false,
1308,20142-27-12D,"20 DK 27х1,5 (45)(Г)",3,20,12,2,1,2,false,false,
1309,20142-27-12DT,"20 DK 27х1,5 (45)(Г)",3,20,12,2,1,2,false,false,
1310,20142-27-12T,20 DK 27х2 (45)(Г),3,20,27,2,1,2,false,false,
1311,20142-30-10,16 DK 30х2 (45)(Г),3,16,14,2,1,2,false,false,
1312,20142-30-10D,"16 DK 30х1,5 (45)(Г)",3,16,13,2,1,2,false,false,
1313,20142-30-10DT,"16 DK 30х1,5 (45)(Г)",3,16,13,2,1,2,false,false,
1314,20142-30-10T,16 DK 30х2 (45)(Г),3,16,14,2,1,2,false,false,
1315,20142-30-12,20 DK 30х2 (45)(Г),3,20,14,2,1,2,false,false,
1316,20142-30-12D,"20 DK 30х1,5 (45)(Г)",3,20,13,2,1,2,false,false,
1317,20142-30-12DT,"20 DK 30х1,5 (45)(Г)",3,20,13,2,1,2,false,false,
1318,20142-30-12T,20 DK 30х2 (45)(Г),3,20,14,2,1,2,false,false,
1319,20142-33-10DT,"16 DK 33х1,5 (45)(Г)",3,16,15,2,1,2,false,false,
1320,20142-33-10T,16 DK 33х2 (45)(Г),3,16,16,2,1,2,false,false,
1321,20142-33-12,20 DK 33х2 (45)(Г),3,20,16,2,1,2,false,false,
1322,20142-33-12D,"20 DK 33х1,5 (45)(Г)",3,20,15,2,1,2,false,false,
1323,20142-33-12DT,"20 DK 33х1,5 (45)(Г)",3,20,15,2,1,2,false,false,
1324,20142-33-12T,20 DK 33х2 (45)(Г),3,20,16,2,1,2,false,false,
1325,20142-33-16,25 DK 33х2 (45)(Г),3,25,16,2,1,2,false,false,
1326,20142-33-16D,"25 DK 33х1,5 (45)(Г)",3,25,15,2,1,2,false,false,
1327,20142-33-16DT,"25 DK 33х1,5 (45)(Г)",3,25,15,2,1,2,false,false,
1328,20142-33-16T,25 DK 33х2 (45)(Г),3,25,16,2,1,2,false,false,
1329,20142-36-12,20 DK 36х2 (45)(Г),3,20,23,2,1,2,false,false,
1330,20142-36-12D,"20 DK 36х1,5 (45)(Г)",3,20,17,2,1,2,false,false,
1331,20142-36-12DT,"20 DK 36х1,5 (45)(Г)",3,20,17,2,1,2,false,false,
1332,20142-36-12T,20 DK 36х2 (45)(Г),3,20,23,2,1,2,false,false,
1333,20142-36-16,25 DK 36х2 (45)(Г),3,25,23,2,1,2,false,false,
1334,20142-36-16D,"25 DK 36х1,5 (45)(Г)",3,25,17,2,1,2,false,false,
1335,20142-36-16DT,"25 DK 36х1,5 (45)(Г)",3,25,17,2,1,2,false,false,
1336,20142-36-16T,25 DK 36х2 (45)(Г),3,25,23,2,1,2,false,false,
1337,20142-39-12,20 DK 39х2 (45)(Г),3,20,29,2,1,2,false,false,
1338,20142-39-12D,"20 DK 39х1,5 (45)(Г)",3,20,18,2,1,2,false,false,
1339,20142-39-12DT,"20 DK 39х1,5 (45)(Г)",3,20,18,2,1,2,false,false,
1340,20142-39-12T,20 DK 39х2 (45)(Г),3,20,29,2,1,2,false,false,
1341,20142-39-16,25 DK 39х2 (45)(Г),3,25,29,2,1,2,false,false,
1342,20142-39-16D,"25 DK 39х1,5 (45)(Г)",3,25,18,2,1,2,false,false,
1343,20142-39-16DT,"25 DK 39х1,5 (45)(Г)",3,25,18,2,1,2,false,false,
1344,20142-39-16T,25 DK 39х2 (45)(Г),3,25,29,2,1,2,false,false,
1345,20142-42-12,20 DK 42х2 (45)(Г),3,20,22,2,1,2,false,false,
1346,20142-42-12T,20 DK 42х2 (45)(Г),3,20,22,2,1,2,false,false,
1347,20142-42-16,25 DK 42х2 (45)(Г),3,25,22,2,1,2,false,false,
1348,20142-42-16D,"25 DK 42х1,5 (45)(Г)",3,25,19,2,1,2,false,false,
1349,20142-42-16DT,"25 DK 42х1,5 (45)(Г)",3,25,19,2,1,2,false,false,
1350,20142-42-16T,25 DK 42х2 (45)(Г),3,25,22,2,1,2,false,false,
1351,20142-42-20,32 DK 42х2 (45)(Г),3,32,22,2,1,2,false,false,
1352,20142-42-20D,"32 DK 42х1,5 (45)(Г)",3,32,19,2,1,2,false,false,
1353,20142-42-20DT,"32 DK 42х1,5 (45)(Г)",3,32,19,2,1,2,false,false,
1354,20142-42-20T,32 DK 42х2 (45)(Г),3,32,22,2,1,2,false,false,
1355,20142-45-20,32 DK 45х2 (45)(Г),3,32,25,2,1,2,false,false,
1356,20142-45-20D,"32 DK 45х1,5 (45)(Г)",3,32,33,2,1,2,false,false,
1357,20142-45-20DT,"32 DK 45х1,5 (45)(Г)",3,32,33,2,1,2,false,false,
1358,20142-45-20T,32 DK 45х2 (45)(Г),3,32,25,2,1,2,false,false,
1359,20142-48-20,32 DK 48х2 (45)(Г),3,32,28,2,1,2,false,false,
1360,20142-48-20D,"32 DK 48х1,5 (45)(Г)",3,32,30,2,1,2,false,false,
1361,20142-48-20DT,"32 DK 48х1,5 (45)(Г)",3,32,30,2,1,2,false,false,
1362,20142-48-20T,32 DK 48х2 (45)(Г),3,32,28,2,1,2,false,false,
1363,20142-52-20,32 DK 52х2 (45)(Г),3,32,24,2,1,2,false,false,
1364,20142-52-20D,"32 DK 52х1,5 (45)(Г)",3,32,20,2,1,2,false,false,
1365,20142-52-20DT,"32 DK 52х1,5 (45)(Г)",3,32,20,2,1,2,false,false,
1366,20142-52-20T,32 DK 52х2 (45)(Г),3,32,24,2,1,2,false,false,
1367,20142-52-24,38 DK 52х2 (45)(Г),3,38,24,2,1,2,false,false,
1368,20142-52-24T,38 DK 52х2 (45)(Г),3,38,24,2,1,2,false,false,
1369,20142-56-24,38 DK 56х2 (45)(Г),3,38,31,2,1,2,false,false,
1370,20142-56-24T,38 DK 56х2 (45)(Г),3,38,31,2,1,2,false,false,
1371,20142-64-24,38 DK 64х2 (45)(Г),3,38,29,2,1,2,false,false,
1372,20142-64-24T,38 DK 64х2 (45)(Г),3,38,29,2,1,2,false,false,
1373,20142-64-32,50 DK 64х2 (45)(Г),3,50,29,2,1,2,false,false,
1374,20142-64-32T,50 DK 64х2 (45)(Г),3,50,29,2,1,2,false,false,
1375,20191-10-04,06 DK 10х1 (90)(Г),3,6,1,3,1,1,false,false,
1376,20191-10-04D,"06 DK 10х1,5 (90)(Г)",3,6,2,3,1,1,false,false,
1377,20191-10-04DT,"06 DK 10х1,5 (90)(Г)",3,6,2,3,1,1,false,false,
1378,20191-10-04T,06 DK 10х1 (90)(Г),3,6,1,3,1,1,false,false,
1379,20191-12-04,06 DK 12х1 (90)(Г),3,6,21,3,1,1,false,false,
1380,20191-12-04D,"06 DK 12х1,5 (90)(Г)",3,6,3,3,1,1,false,false,
1381,20191-12-04DT,"06 DK 12х1,5 (90)(Г)",3,6,3,3,1,1,false,false,
1382,20191-12-04T,06 DK 12х1 (90)(Г),3,6,21,3,1,1,false,false,
1383,20191-12-05D,"08 DK 12х1,5 (90)(Г)",3,8,3,3,1,1,false,false,
1384,20191-12-05DT,"08 DK 12х1,5 (90)(Г)",3,8,3,3,1,1,false,false,
1385,20191-14-04D,"06 DK 14х1,5 (90)(Г)",3,6,4,3,1,1,false,false,
1386,20191-14-04DT,"06 DK 14х1,5 (90)(Г)",3,6,4,3,1,1,false,false,
1387,20191-14-05D,"08 DK 14х1,5 (90)(Г)",3,8,4,3,1,1,false,false,
1388,20191-14-05DT,"08 DK 14х1,5 (90)(Г)",3,8,4,3,1,1,false,false,
1389,20191-14-06D,"10 DK 14х1,5 (90)(Г)",3,10,4,3,1,1,false,false,
1390,20191-14-06DT,"10 DK 14х1,5 (90)(Г)",3,10,4,3,1,1,false,false,
1391,20191-16-04D,"06 DK 16х1,5 (90)(Г)",3,6,6,3,1,1,false,false,
1392,20191-16-04DT,"06 DK 16х1,5 (90)(Г)",3,6,6,3,1,1,false,false,
1393,20191-16-05D,"08 DK 16х1,5 (90)(Г)",3,8,6,3,1,1,false,false,
1394,20191-16-05DT,"08 DK 16х1,5 (90)(Г)",3,8,6,3,1,1,false,false,
1395,20191-16-06D,"10 DK 16х1,5 (90)(Г)",3,10,6,3,1,1,false,false,
1396,20191-16-06DT,"10 DK 16х1,5 (90)(Г)",3,10,6,3,1,1,false,false,
1397,20191-16-08D,"12 DK 16х1,5 (90)(Г)",3,12,6,3,1,1,false,false,
1398,20191-16-08DT,"12 DK 16х1,5 (90)(Г)",3,12,6,3,1,1,false,false,
1399,20191-18-04,"06 DK 18х1,5 (90)(Г)",3,6,7,3,1,1,false,false,
1400,20191-18-04T,"06 DK 18х1,5 (90)(Г)",3,6,7,3,1,1,false,false,
1401,20191-18-05,"08 DK 18х1,5 (90)(Г)",3,8,7,3,1,1,false,false,
1402,20191-18-05T,"08 DK 18х1,5 (90)(Г)",3,8,7,3,1,1,false,false,
1403,20191-18-06,"10 DK 18х1,5 (90)(Г)",3,10,7,3,1,1,false,false,
1404,20191-18-06T,"10 DK 18х1,5 (90)(Г)",3,10,7,3,1,1,false,false,
1405,20191-18-08,"12 DK 18х1,5 (90)(Г)",3,12,7,3,1,1,false,false,
1406,20191-18-08T,"12 DK 18х1,5 (90)(Г)",3,12,7,3,1,1,false,false,
1407,20191-20-04,"06 DK 20х1,5 (90)(Г)",3,6,8,3,1,1,false,false,
1408,20191-20-04T,"06 DK 20х1,5 (90)(Г)",3,6,8,3,1,1,false,false,
1409,20191-20-05,"08 DK 20х1,5 (90)(Г)",3,8,8,3,1,1,false,false,
1410,20191-20-05T,"08 DK 20х1,5 (90)(Г)",3,8,8,3,1,1,false,false,
1411,20191-20-06,"10 DK 20х1,5 (90)(Г)",3,10,8,3,1,1,false,false,
1412,20191-20-06T,"10 DK 20х1,5 (90)(Г)",3,10,8,3,1,1,false,false,
1413,20191-20-08 S24,"12 DK 20х1,5 (90)(Г) S=24",3,12,8,3,1,1,false,false,24
1414,20191-20-08 S27,"12 DK 20х1,5 (90)(Г) S=27",3,12,8,3,1,1,false,false,27
1415,20191-20-08T S24,"12 DK 20х1,5 (90)(Г) S=24",3,12,8,3,1,1,false,false,24
1416,20191-20-08T S27,"12 DK 20х1,5 (90)(Г) S=27",3,12,8,3,1,1,false,false,27
1417,20191-20-10,"16 DK 20х1,5 (90)(Г)",3,16,8,3,1,1,false,false,
1418,20191-20-10T,"16 DK 20х1,5 (90)(Г)",3,16,8,3,1,1,false,false,
1419,20191-22-04,"06 DK 22х1,5 (90)(Г)",3,6,9,3,1,1,false,false,
1420,20191-22-04T,"06 DK 22х1,5 (90)(Г)",3,6,9,3,1,1,false,false,
1421,20191-22-05,"08 DK 22х1,5 (90)(Г)",3,8,9,3,1,1,false,false,
1422,20191-22-05T,"08 DK 22х1,5 (90)(Г)",3,8,9,3,1,1,false,false,
1423,20191-22-06,"10 DK 22х1,5 (90)(Г)",3,10,9,3,1,1,false,false,
1424,20191-22-06T,"10 DK 22х1,5 (90)(Г)",3,10,9,3,1,1,false,false,
1425,20191-22-08,"12 DK 22х1,5 (90)(Г)",3,12,9,3,1,1,false,false,
1426,20191-22-08T,"12 DK 22х1,5 (90)(Г)",3,12,9,3,1,1,false,false,
1427,20191-22-10,"16 DK 22х1,5 (90)(Г)",3,16,9,3,1,1,false,false,
1428,20191-22-10T,"16 DK 22х1,5 (90)(Г)",3,16,9,3,1,1,false,false,
1429,20191-24-08,"12 DK 24х1,5 (90)(Г)",3,12,10,3,1,1,false,false,
1430,20191-24-08T,"12 DK 24х1,5 (90)(Г)",3,12,10,3,1,1,false,false,
1431,20191-24-08T 60,"12 DK 24х1,5 (90)(Г) ниппель-сфера 60гр.",3,12,10,3,1,1,false,false,
1432,20191-24-10,"16 DK 24х1,5 (90)(Г)",3,16,10,3,1,1,false,false,
1433,20191-24-10T,"16 DK 24х1,5 (90)(Г)",3,16,10,3,1,1,false,false,
1434,20191-24-12,"20 DK 24х1,5 (90)(Г)",3,20,10,3,1,1,false,false,
1435,20191-24-12T,"20 DK 24х1,5 (90)(Г)",3,20,10,3,1,1,false,false,
1436,20191-26-08D,"12 DK 26х1,5 (90)(Г)",3,12,11,3,1,1,false,false,
1437,20191-26-08DT,"12 DK 26х1,5 (90)(Г)",3,12,11,3,1,1,false,false,
1438,20191-26-10,16 DK 26х2 (90)(Г),3,16,35,3,1,1,false,false,
1439,20191-26-10D,"16 DK 26х1,5 (90)(Г)",3,16,11,3,1,1,false,false,
1440,20191-26-10DT,"16 DK 26х1,5 (90)(Г)",3,16,11,3,1,1,false,false,
1441,20191-26-10T,16 DK 26х2 (90)(Г),3,16,35,3,1,1,false,false,
1442,20191-27-08,12 DK 27х2 (90)(Г),3,12,27,3,1,1,false,false,
1443,20191-27-08D,"12 DK 27х1,5 (90)(Г)",3,12,12,3,1,1,false,false,
1444,20191-27-08DT,"12 DK 27х1,5 (90)(Г)",3,12,12,3,1,1,false,false,
1445,20191-27-08T,12 DK 27х2 (90)(Г),3,12,27,3,1,1,false,false,
1446,20191-27-10,16 DK 27х2 (90)(Г),3,16,27,3,1,1,false,false,
1447,20191-27-10D,"16 DK 27х1,5 (90)(Г)",3,16,12,3,1,1,false,false,
1448,20191-27-10DT,"16 DK 27х1,5 (90)(Г)",3,16,12,3,1,1,false,false,
1449,20191-27-10T,16 DK 27х2 (90)(Г),3,16,27,3,1,1,false,false,
1450,20191-27-12,20 DK 27х2 (90)(Г),3,20,27,3,1,1,false,false,
1451,20191-27-12D,"20 DK 27х1,5 (90)(Г)",3,20,12,3,1,1,false,false,
1452,20191-27-12DT,"20 DK 27х1,5 (90)(Г)",3,20,12,3,1,1,false,false,
1453,20191-27-12T,20 DK 27х2 (90)(Г),3,20,27,3,1,1,false,false,
1454,20191-30-10,16 DK 30х2 (90)(Г),3,16,14,3,1,1,false,false,
1455,20191-30-10D,"16 DK 30х1,5 (90)(Г)",3,16,13,3,1,1,false,false,
1456,20191-30-10DT,"16 DK 30х1,5 (90)(Г)",3,16,13,3,1,1,false,false,
1457,20191-30-10T,16 DK 30х2 (90)(Г),3,16,14,3,1,1,false,false,
1458,20191-30-12,20 DK 30х2 (90)(Г),3,20,14,3,1,1,false,false,
1459,20191-30-12D,"20 DK 30х1,5 (90)(Г)",3,20,13,3,1,1,false,false,
1460,20191-30-12DT,"20 DK 30х1,5 (90)(Г)",3,20,13,3,1,1,false,false,
1461,20191-30-12T,20 DK 30х2 (90)(Г),3,20,14,3,1,1,false,false,
1462,20191-33-12,20 DK 33х2 (90)(Г),3,20,16,3,1,1,false,false,
1463,20191-33-12D,"20 DK 33х1,5 (90)(Г)",3,20,15,3,1,1,false,false,
1464,20191-33-12DT,"20 DK 33х1,5 (90)(Г)",3,20,15,3,1,1,false,false,
1465,20191-33-12T,20 DK 33х2 (90)(Г),3,20,16,3,1,1,false,false,
1466,20191-33-16,25 DK 33х2 (90)(Г),3,25,16,3,1,1,false,false,
1467,20191-33-16D,"25 DK 33х1,5 (90)(Г)",3,25,15,3,1,1,false,false,
1468,20191-33-16DT,"25 DK 33х1,5 (90)(Г)",3,25,15,3,1,1,false,false,
1469,20191-33-16T,25 DK 33х2 (90)(Г),3,25,16,3,1,1,false,false,
1470,20191-36-12,20 DK 36х2 (90)(Г),3,20,23,3,1,1,false,false,
1471,20191-36-12D,"20 DK 36х1,5 (90)(Г)",3,20,17,3,1,1,false,false,
1472,20191-36-12DT,"20 DK 36х1,5 (90)(Г)",3,20,17,3,1,1,false,false,
1473,20191-36-12T,20 DK 36х2 (90)(Г),3,20,23,3,1,1,false,false,
1474,20191-36-14T,22 DK 36х2 (90)(Г),3,22,23,3,1,1,false,false,
1475,20191-36-16,25 DK 36х2 (90)(Г),3,25,23,3,1,1,false,false,
1476,20191-36-16D,"25 DK 36х1,5 (90)(Г)",3,25,17,3,1,1,false,false,
1477,20191-36-16DT,"25 DK 36х1,5 (90)(Г)",3,25,17,3,1,1,false,false,
1478,20191-36-16T,25 DK 36х2 (90)(Г),3,25,23,3,1,1,false,false,
1479,20191-39-12,20 DK 39х2 (90)(Г),3,20,29,3,1,1,false,false,
1480,20191-39-12D,"20 DK 39х1,5 (90)(Г)",3,20,18,3,1,1,false,false,
1481,20191-39-12DT,"20 DK 39х1,5 (90)(Г)",3,20,18,3,1,1,false,false,
1482,20191-39-12T,20 DK 39х2 (90)(Г),3,20,29,3,1,1,false,false,
1483,20191-39-16,25 DK 39х2 (90)(Г),3,25,29,3,1,1,false,false,
1484,20191-39-16D,"25 DK 39х1,5 (90)(Г)",3,25,18,3,1,1,false,false,
1485,20191-39-16DT,"25 DK 39х1,5 (90)(Г)",3,25,18,3,1,1,false,false,
1486,20191-39-16T,25 DK 39х2 (90)(Г),3,25,29,3,1,1,false,false,
1487,20191-42-12,20 DK 42х2 (90)(Г),3,20,22,3,1,1,false,false,
1488,20191-42-12T,20 DK 42х2 (90)(Г),3,20,22,3,1,1,false,false,
1489,20191-42-16,25 DK 42х2 (90)(Г),3,25,22,3,1,1,false,false,
1490,20191-42-16D,"25 DK 42х1,5 (90)(Г)",3,25,19,3,1,1,false,false,
1491,20191-42-16DT,"25 DK 42х1,5 (90)(Г)",3,25,19,3,1,1,false,false,
1492,20191-42-16T,25 DK 42х2 (90)(Г),3,25,22,3,1,1,false,false,
1493,20191-42-20,32 DK 42х2 (90)(Г),3,32,22,3,1,1,false,false,
1494,20191-42-20D,"32 DK 42х1,5 (90)(Г)",3,32,19,3,1,1,false,false,
1495,20191-42-20DT,"32 DK 42х1,5 (90)(Г)",3,32,19,3,1,1,false,false,
1496,20191-42-20T,32 DK 42х2 (90)(Г),3,32,22,3,1,1,false,false,
1497,20191-45-20,32 DK 45х2 (90)(Г),3,32,25,3,1,1,false,false,
1498,20191-45-20D,"32 DK 45х1,5 (90)(Г)",3,32,33,3,1,1,false,false,
1499,20191-45-20DT,"32 DK 45х1,5 (90)(Г)",3,32,33,3,1,1,false,false,
1500,20191-45-20T,32 DK 45х2 (90)(Г),3,32,25,3,1,1,false,false,
1501,20191-48-20,32 DK 48х2 (90)(Г),3,32,28,3,1,1,false,false,
1502,20191-48-20D,"32 DK 48х1,5 (90)(Г)",3,32,30,3,1,1,false,false,
1503,20191-48-20DT,"32 DK 48х1,5 (90)(Г)",3,32,30,3,1,1,false,false,
1504,20191-48-20T,32 DK 48х2 (90)(Г),3,32,28,3,1,1,false,false,
1505,20191-52-20,32 DK 52х2 (90)(Г),3,32,24,3,1,1,false,false,
1506,20191-52-20D,"32 DK 52х1,5 (90)(Г)",3,32,20,3,1,1,false,false,
1507,20191-52-20DT,"32 DK 52х1,5 (90)(Г)",3,32,20,3,1,1,false,false,
1508,20191-52-20T,32 DK 52х2 (90)(Г),3,32,24,3,1,1,false,false,
1509,20191-52-24,38 DK 52х2 (90)(Г),3,38,24,3,1,1,false,false,
1510,20191-52-24T,38 DK 52х2 (90)(Г),3,38,24,3,1,1,false,false,
1511,20191-56-24,38 DK 56х2 (90)(Г),3,38,31,3,1,1,false,false,
1512,20191-56-24T,38 DK 56х2 (90)(Г),3,38,31,3,1,1,false,false,
1513,20191-64-24,38 DK 64х2 (90)(Г),3,38,29,3,1,1,false,false,
1514,20191-64-24T,38 DK 64х2 (90)(Г),3,38,29,3,1,1,false,false,
1515,20191-64-32,50 DK 64х2 (90)(Г),3,50,29,3,1,1,false,false,
1516,20191-64-32T,50 DK 64х2 (90)(Г),3,50,29,3,1,1,false,false,
1517,20192-16-08D,"12 DK 16х1,5 (90)(Г)",3,12,6,3,1,2,false,false,
1518,20192-16-08DT,"12 DK 16х1,5 (90)(Г)",3,12,6,3,1,2,false,false,
1519,20192-18-08,"12 DK 18х1,5 (90)(Г)",3,12,7,3,1,2,false,false,
1520,20192-18-08T,"12 DK 18х1,5 (90)(Г)",3,12,7,3,1,2,false,false,
1521,20192-18-10 A,"16 DK 18х1,5 (90)(Г)",3,16,7,3,1,2,false,false,
1522,20192-20-08 S24,"12 DK 20х1,5 (90)(Г) S=24",3,12,8,3,1,2,false,false,24
1523,20192-20-08 S27,"12 DK 20х1,5 (90)(Г) S=27",3,12,8,3,1,2,false,false,27
1524,20192-20-08T S24,"12 DK 20х1,5 (90)(Г) S=24",3,12,8,3,1,2,false,false,24
1525,20192-20-08T S27,"12 DK 20х1,5 (90)(Г) S=27",3,12,8,3,1,2,false,false,27
1526,20192-20-10,"16 DK 20х1,5 (90)(Г)",3,16,8,3,1,2,false,false,
1527,20192-20-10T,"16 DK 20х1,5 (90)(Г)",3,16,8,3,1,2,false,false,
1528,20192-22-08,"12 DK 22х1,5 (90)(Г)",3,12,9,3,1,2,false,false,
1529,20192-22-08T,"12 DK 22х1,5 (90)(Г)",3,12,9,3,1,2,false,false,
1530,20192-22-10,"16 DK 22х1,5 (90)(Г)",3,16,9,3,1,2,false,false,
1531,20192-22-10T,"16 DK 22х1,5 (90)(Г)",3,16,9,3,1,2,false,false,
1532,20192-24-08,"12 DK 24х1,5 (90)(Г)",3,12,10,3,1,2,false,false,
1533,20192-24-08T,"12 DK 24х1,5 (90)(Г)",3,12,10,3,1,2,false,false,
1534,20192-24-10,"16 DK 24х1,5 (90)(Г)",3,16,10,3,1,2,false,false,
1535,20192-24-10T,"16 DK 24х1,5 (90)(Г)",3,16,10,3,1,2,false,false,
1536,20192-24-12,"20 DK 24х1,5 (90)(Г)",3,20,10,3,1,2,false,false,
1537,20192-24-12T,"20 DK 24х1,5 (90)(Г)",3,20,10,3,1,2,false,false,
1538,20192-26-08D,"12 DK 26х1,5 (90)(Г)",3,12,11,3,1,2,false,false,
1539,20192-26-08DT,"12 DK 26х1,5 (90)(Г)",3,12,11,3,1,2,false,false,
1540,20192-26-10D,"16 DK 26х1,5 (90)(Г)",3,16,11,3,1,2,false,false,
1541,20192-26-10DT,"16 DK 26х1,5 (90)(Г)",3,16,11,3,1,2,false,false,
1542,20192-27-08,12 DK 27х2 (90)(Г),3,12,27,3,1,2,false,false,
1543,20192-27-08D,"12 DK 27х1,5 (90)(Г)",3,12,12,3,1,2,false,false,
1544,20192-27-08DT,"12 DK 27х1,5 (90)(Г)",3,12,12,3,1,2,false,false,
1545,20192-27-08T,12 DK 27х2 (90)(Г),3,12,27,3,1,2,false,false,
1546,20192-27-10,16 DK 27х2 (90)(Г),3,16,27,3,1,2,false,false,
1547,20192-27-10D,"16 DK 27х1,5 (90)(Г)",3,16,12,3,1,2,false,false,
1548,20192-27-10DT,"16 DK 27х1,5 (90)(Г)",3,16,12,3,1,2,false,false,
1549,20192-27-10T,16 DK 27х2 (90)(Г),3,16,27,3,1,2,false,false,
1550,20192-27-12,20 DK 27х2 (90)(Г),3,20,27,3,1,2,false,false,
1551,20192-27-12D,"20 DK 27х1,5 (90)(Г)",3,20,12,3,1,2,false,false,
1552,20192-27-12DT,"20 DK 27х1,5 (90)(Г)",3,20,12,3,1,2,false,false,
1553,20192-27-12T,20 DK 27х2 (90)(Г),3,20,27,3,1,2,false,false,
1554,20192-30-10,16 DK 30х2 (90)(Г),3,16,14,3,1,2,false,false,
1555,20192-30-10D,"16 DK 30х1,5 (90)(Г)",3,16,13,3,1,2,false,false,
1556,20192-30-10DT,"16 DK 30х1,5 (90)(Г)",3,16,13,3,1,2,false,false,
1557,20192-30-10T,16 DK 30х2 (90)(Г),3,16,14,3,1,2,false,false,
1558,20192-30-12,20 DK 30х2 (90)(Г),3,20,14,3,1,2,false,false,
1559,20192-30-12D,"20 DK 30х1,5 (90)(Г)",3,20,13,3,1,2,false,false,
1560,20192-30-12DT,"20 DK 30х1,5 (90)(Г)",3,20,13,3,1,2,false,false,
1561,20192-30-12T,20 DK 30х2 (90)(Г),3,20,14,3,1,2,false,false,
1562,20192-30-16D,"25 DK 30х1,5 (90)(Г)",3,25,13,3,1,2,false,false,
1563,20192-33-10DT,"16 DK 33х1,5 (90)(Г)",3,16,15,3,1,2,false,false,
1564,20192-33-10T,16 DK 33х2 (90)(Г),3,16,16,3,1,2,false,false,
1565,20192-33-12,20 DK 33х2 (90)(Г),3,20,16,3,1,2,false,false,
1566,20192-33-12D,"20 DK 33х1,5 (90)(Г)",3,20,15,3,1,2,false,false,
1567,20192-33-12DT,"20 DK 33х1,5 (90)(Г)",3,20,15,3,1,2,false,false,
1568,20192-33-12T,20 DK 33х2 (90)(Г),3,20,16,3,1,2,false,false,
1569,20192-33-16,25 DK 33х2 (90)(Г),3,25,16,3,1,2,false,false,
1570,20192-33-16D,"25 DK 33х1,5 (90)(Г)",3,25,15,3,1,2,false,false,
1571,20192-33-16DT,"25 DK 33х1,5 (90)(Г)",3,25,15,3,1,2,false,false,
1572,20192-33-16T,25 DK 33х2 (90)(Г),3,25,16,3,1,2,false,false,
1573,20192-36-12,20 DK 36х2 (90)(Г),3,20,23,3,1,2,false,false,
1574,20192-36-12D,"20 DK 36х1,5 (90)(Г)",3,20,17,3,1,2,false,false,
1575,20192-36-12DT,"20 DK 36х1,5 (90)(Г)",3,20,17,3,1,2,false,false,
1576,20192-36-12T,20 DK 36х2 (90)(Г),3,20,23,3,1,2,false,false,
1577,20192-36-16,25 DK 36х2 (90)(Г),3,25,23,3,1,2,false,false,
1578,20192-36-16D,"25 DK 36х1,5 (90)(Г)",3,25,17,3,1,2,false,false,
1579,20192-36-16DT,"25 DK 36х1,5 (90)(Г)",3,25,17,3,1,2,false,false,
1580,20192-36-16T,25 DK 36х2 (90)(Г),3,25,23,3,1,2,false,false,
1581,20192-39-12,20 DK 39х2 (90)(Г),3,20,29,3,1,2,false,false,
1582,20192-39-12D,"20 DK 39х1,5 (90)(Г)",3,20,18,3,1,2,false,false,
1583,20192-39-12DT,"20 DK 39х1,5 (90)(Г)",3,20,18,3,1,2,false,false,
1584,20192-39-12T,20 DK 39х2 (90)(Г),3,20,29,3,1,2,false,false,
1585,20192-39-16,25 DK 39х2 (90)(Г),3,25,29,3,1,2,false,false,
1586,20192-39-16D,"25 DK 39х1,5 (90)(Г)",3,25,18,3,1,2,false,false,
1587,20192-39-16DT,"25 DK 39х1,5 (90)(Г)",3,25,18,3,1,2,false,false,
1588,20192-39-16T,25 DK 39х2 (90)(Г),3,25,29,3,1,2,false,false,
1589,20192-42-12,20 DK 42х2 (90)(Г),3,20,22,3,1,2,false,false,
1590,20192-42-12T,20 DK 42х2 (90)(Г),3,20,22,3,1,2,false,false,
1591,20192-42-16,25 DK 42х2 (90)(Г),3,25,22,3,1,2,false,false,
1592,20192-42-16D,"25 DK 42х1,5 (90)(Г)",3,25,19,3,1,2,false,false,
1593,20192-42-16DT,"25 DK 42х1,5 (90)(Г)",3,25,19,3,1,2,false,false,
1594,20192-42-16T,25 DK 42х2 (90)(Г),3,25,22,3,1,2,false,false,
1595,20192-42-20,32 DK 42х2 (90)(Г),3,32,22,3,1,2,false,false,
1596,20192-42-20D,"32 DK 42х1,5 (90)(Г)",3,32,19,3,1,2,false,false,
1597,20192-42-20DT,"32 DK 42х1,5 (90)(Г)",3,32,19,3,1,2,false,false,
1598,20192-42-20T,32 DK 42х2 (90)(Г),3,32,22,3,1,2,false,false,
1599,20192-45-20,32 DK 45х2 (90)(Г),3,32,25,3,1,2,false,false,
1600,20192-45-20D,"32 DK 45х1,5 (90)(Г)",3,32,33,3,1,2,false,false,
1601,20192-45-20DT,"32 DK 45х1,5 (90)(Г)",3,32,33,3,1,2,false,false,
1602,20192-45-20T,32 DK 45х2 (90)(Г),3,32,25,3,1,2,false,false,
1603,20192-48-20,32 DK 48х2 (90)(Г),3,32,28,3,1,2,false,false,
1604,20192-48-20D,"32 DK 48х1,5 (90)(Г)",3,32,30,3,1,2,false,false,
1605,20192-48-20DT,"32 DK 48х1,5 (90)(Г)",3,32,30,3,1,2,false,false,
1606,20192-48-20T,32 DK 48х2 (90)(Г),3,32,28,3,1,2,false,false,
1607,20192-52-20,32 DK 52х2 (90)(Г),3,32,24,3,1,2,false,false,
1608,20192-52-20D,"32 DK 52х1,5 (90)(Г)",3,32,20,3,1,2,false,false,
1609,20192-52-20DT,"32 DK 52х1,5 (90)(Г)",3,32,20,3,1,2,false,false,
1610,20192-52-20T,32 DK 52х2 (90)(Г),3,32,24,3,1,2,false,false,
1611,20192-52-24,38 DK 52х2 (90)(Г),3,38,24,3,1,2,false,false,
1612,20192-52-24T,38 DK 52х2 (90)(Г),3,38,24,3,1,2,false,false,
1613,20192-56-24,38 DK 56х2 (90)(Г),3,38,31,3,1,2,false,false,
1614,20192-56-24T,38 DK 56х2 (90)(Г),3,38,31,3,1,2,false,false,
1615,20192-64-24,38 DK 64х2 (90)(Г),3,38,29,3,1,2,false,false,
1616,20192-64-24T,38 DK 64х2 (90)(Г),3,38,29,3,1,2,false,false,
1617,20192-64-32,50 DK 64х2 (90)(Г),3,50,29,3,1,2,false,false,
1618,20192-64-32T,50 DK 64х2 (90)(Г),3,50,29,3,1,2,false,false,
1619,20611-33-12D,"20 DK 33х1,5 (0)(Г) ниппель-конус 60°",3,20,15,1,1,1,false,false,
1620,20692-33-12T,20 DKL 33х2 (90)(Г) конус 60°,3,20,16,3,1,2,false,false,
1621,10711-10-04,06 DKI/komatsu 74гр. 10х1 (Ш),6,6,1,1,2,1,false,false,
1622,10711-10-04D,"06 DKI/komatsu 74гр. 10х1,5 (Ш)",6,6,2,1,2,1,false,false,
1623,10711-12-04,06 DKI/komatsu 74гр. 12х1 (Ш),6,6,21,1,2,1,false,false,
1624,10711-12-04D,"06 DKI/komatsu 74гр. 12х1,5 (Ш)",6,6,3,1,2,1,false,false,
1625,10711-12-05D,"08 DKI/komatsu 74гр. 12х1,5 (Ш)",6,8,3,1,2,1,false,false,
1626,10711-14-04,06 DKI/komatsu 74гр. 14х1 (Ш),6,6,32,1,2,1,false,false,
1627,10711-14-04D,"06 DKI/komatsu 74гр. 14х1,5 (Ш)",6,6,4,1,2,1,false,false,
1628,10711-14-05,08 DKI/komatsu 74гр. 14х1 (Ш),6,8,32,1,2,1,false,false,
1629,10711-14-05D,"08 DKI/komatsu 74гр. 14х1,5 (Ш)",6,8,4,1,2,1,false,false,
1630,10711-14-05D A,"08 DKI/komatsu 74гр. 14х1,5 (Ш)",6,8,4,1,2,1,false,false,
1631,10711-14-06D,"10 DKI/komatsu 74гр. 14х1,5 (Ш)",6,10,4,1,2,1,false,false,
1632,10711-16-04,06 DKI/komatsu 74гр. 16х1 (Ш),6,6,5,1,2,1,false,false,
1633,10711-16-04D,"06 DKI/komatsu 74гр. 16х1,5 (Ш)",6,6,6,1,2,1,false,false,
1634,10711-16-04D A,"06 DKI/komatsu 74гр. 16х1,5 (Ш)",6,6,6,1,2,1,false,false,
1635,10711-16-05,08 DKI/komatsu 74гр. 16х1 (Ш),6,8,5,1,2,1,false,false,
1636,10711-16-05 A,08 DKI/komatsu 74гр. 16х1 (Ш),6,8,5,1,2,1,false,false,
1637,10711-16-05D,"08 DKI/komatsu 74гр. 16х1,5 (Ш)",6,8,6,1,2,1,false,false,
1638,10711-16-06,10 DKI/komatsu 74гр. 16х1 (Ш),6,10,5,1,2,1,false,false,
1639,10711-16-06D,"10 DKI/komatsu 74гр. 16х1,5 (Ш)",6,10,6,1,2,1,false,false,
1640,10711-16-06D A,"10 DKI/komatsu 74гр. 16х1,5 (Ш)",6,10,6,1,2,1,false,false,
1641,10711-18-04,"06 DKI/komatsu 74гр. 18х1,5 (Ш)",6,6,7,1,2,1,false,false,
1642,10711-18-05,"08 DKI/komatsu 74гр. 18х1,5 (Ш)",6,8,7,1,2,1,false,false,
1643,10711-18-05 A,"08 DKI/komatsu 74гр. 18х1,5 (Ш)",6,8,7,1,2,1,false,false,
1644,10711-18-06,"10 DKI/komatsu 74гр. 18х1,5 (Ш)",6,10,7,1,2,1,false,false,
1645,10711-18-08,"12 DKI/komatsu 74гр. 18х1,5 (Ш)",6,12,7,1,2,1,false,false,
1646,10711-20-06,"10 DKI/komatsu 74гр. 20х1,5 (Ш)",6,10,8,1,2,1,false,false,
1647,10711-20-08,"12 DKI/komatsu 74гр. 20х1,5 (Ш)",6,12,8,1,2,1,false,false,
1648,10711-22-06,"10 DKI/komatsu 74гр. 22х1,5 (Ш)",6,10,9,1,2,1,false,false,
1649,10711-22-08,"12 DKI/komatsu 74гр. 22х1,5 (Ш)",6,12,9,1,2,1,false,false,
1650,10711-22-10,"16 DKI/komatsu 74гр. 22х1,5 (Ш)",6,16,9,1,2,1,false,false,
1651,10711-24-08,"12 DKI/komatsu 74гр. 24х1,5 (Ш)",6,12,10,1,2,1,false,false,
1652,10711-24-10,"16 DKI/komatsu 74гр. 24х1,5 (Ш)",6,16,10,1,2,1,false,false,
1653,10711-27-08D,"12 DKI/komatsu 74гр. 27х1,5 (Ш)",6,12,12,1,2,1,false,false,
1654,10711-27-10,16 DKI/komatsu 74гр. 27х2 (Ш),6,16,27,1,2,1,false,false,
1655,10711-27-10D,"16 DKI/komatsu 74гр. 27х1,5 (Ш)",6,16,12,1,2,1,false,false,
1656,10711-27-12D,"20 DKI/komatsu 74гр. 27х1,5 (Ш)",6,20,12,1,2,1,false,false,
1657,10711-30-10D,"16 DKI/komatsu 74гр. 30х1,5 (Ш)",6,16,13,1,2,1,false,false,
1658,10711-30-12,20 DKI/komatsu 74гр. 30х2 (Ш),6,20,14,1,2,1,false,false,
1659,10711-30-12D,"20 DKI/komatsu 74гр. 30х1,5 (Ш)",6,20,13,1,2,1,false,false,
1660,10711-33-10D,"16 DKI/komatsu 74гр. 33х1,5 (Ш)",6,16,15,1,2,1,false,false,
1661,10711-33-12,20 DKI/komatsu 74гр. 33х2 (Ш),6,20,16,1,2,1,false,false,
1662,10711-33-12D,"20 DKI/komatsu 74гр. 33х1,5 (Ш)",6,20,15,1,2,1,false,false,
1663,10711-33-16,25 DKI/komatsu 74гр. 33х2 (Ш),6,25,16,1,2,1,false,false,
1664,10711-33-16D,"25 DKI/komatsu 74гр. 33х1,5 (Ш)",6,25,15,1,2,1,false,false,
1665,10711-36-12,20 DKI/komatsu 74гр. 36х2 (Ш),6,20,23,1,2,1,false,false,
1666,10711-36-12D,"20 DKI/komatsu 74гр. 36х1,5 (Ш)",6,20,17,1,2,1,false,false,
1667,10711-39-16,25 DKI/komatsu 74гр. 39х2 (Ш),6,25,29,1,2,1,false,false,
1668,10711-42-12,20 DKI/komatsu 74гр. 42х2 (Ш),6,20,22,1,2,1,false,false,
1669,10711-42-16,25 DKI/komatsu 74гр. 42х2 (Ш),6,25,22,1,2,1,false,false,
1670,10711-42-20,32 DKI/komatsu 74гр. 42х2 (Ш),6,32,22,1,2,1,false,false,
1671,10711-45-20,32 DKI/komatsu 74гр. 45х2 (Ш),6,32,25,1,2,1,false,false,
1672,10711-52-20,32 DKI/komatsu 74гр. 52х2 (Ш),6,32,24,1,2,1,false,false,
1673,10711-52-24,38 DKI/komatsu 74гр. 52х2 (Ш),6,38,24,1,2,1,false,false,
1674,10712-18-08,"12 DKI/komatsu 74гр. 18х1,5 (Ш)",6,12,7,1,2,2,false,false,
1675,10712-20-08,"12 DKI/komatsu 74гр. 20х1,5 (Ш)",6,12,8,1,2,2,false,false,
1676,10712-22-06 A,"10 DKI/komatsu 74гр. 22х1,5 (Ш)",6,10,9,1,2,2,false,false,
1677,10712-22-08,"12 DKI/komatsu 74гр. 22х1,5 (Ш)",6,12,9,1,2,2,false,false,
1678,10712-22-10,"16 DKI/komatsu 74гр. 22х1,5 (Ш)",6,16,9,1,2,2,false,false,
1679,10712-24-08,"12 DKI/komatsu 74гр. 24х1,5 (Ш)",6,12,10,1,2,2,false,false,
1680,10712-24-10,"16 DKI/komatsu 74гр. 24х1,5 (Ш)",6,16,10,1,2,2,false,false,
1681,10712-27-08D,"12 DKI/komatsu 74гр. 27х1,5 (Ш)",6,12,12,1,2,2,false,false,
1682,10712-27-10,16 DKI/komatsu 74гр. 27х2 (Ш),6,16,27,1,2,2,false,false,
1683,10712-27-10D,"16 DKI/komatsu 74гр. 27х1,5 (Ш)",6,16,12,1,2,2,false,false,
1684,10712-27-12D,"20 DKI/komatsu 74гр. 27х1,5 (Ш)",6,20,12,1,2,2,false,false,
1685,10712-30-10D,"16 DKI/komatsu 74гр. 30х1,5 (Ш)",6,16,13,1,2,2,false,false,
1686,10712-30-10D A,"16 DKI/komatsu 74гр. 30х1,5 (Ш)",6,16,13,1,2,2,false,false,
1687,10712-30-12,20 DKI/komatsu 74гр. 30х2 (Ш),6,20,14,1,2,2,false,false,
1688,10712-30-12D,"20 DKI/komatsu 74гр. 30х1,5 (Ш)",6,20,13,1,2,2,false,false,
1689,10712-33-10D,"16 DKI/komatsu 74гр. 33х1,5 (Ш)",6,16,15,1,2,2,false,false,
1690,10712-33-12,20 DKI/komatsu 74гр. 33х2 (Ш),6,20,16,1,2,2,false,false,
1691,10712-33-12D,"20 DKI/komatsu 74гр. 33х1,5 (Ш)",6,20,15,1,2,2,false,false,
1692,10712-33-16,25 DKI/komatsu 74гр. 33х2 (Ш),6,25,16,1,2,2,false,false,
1693,10712-33-16D,"25 DKI/komatsu 74гр. 33х1,5 (Ш)",6,25,15,1,2,2,false,false,
1694,10712-36-12,20 DKI/komatsu 74гр. 36х2 (Ш),6,20,23,1,2,2,false,false,
1695,10712-36-12D,"20 DKI/komatsu 74гр. 36х1,5 (Ш)",6,20,17,1,2,2,false,false,
1696,10712-39-16,25 DKI/komatsu 74гр. 39х2 (Ш),6,25,29,1,2,2,false,false,
1697,10712-42-12,20 DKI/komatsu 74гр. 42х2 (Ш),6,20,22,1,2,2,false,false,
1698,10712-42-16,25 DKI/komatsu 74гр. 42х2 (Ш),6,25,22,1,2,2,false,false,
1699,10712-42-20,32 DKI/komatsu 74гр. 42х2 (Ш),6,32,22,1,2,2,false,false,
1700,10712-45-20,32 DKI/komatsu 74гр. 45х2 (Ш),6,32,25,1,2,2,false,false,
1701,10712-52-20,32 DKI/komatsu 74гр. 52х2 (Ш),6,32,24,1,2,2,false,false,
1702,10712-52-24,38 DKI/komatsu 74гр. 52х2 (Ш),6,38,24,1,2,2,false,false,
1703,20711-10-04,06 DKI/komatsu 74гр. 10х1 (0)(Г),6,6,1,1,1,1,false,false,
1704,20711-10-04D,"06 DKI/komatsu 74гр. 10х1,5 (0)(Г)",6,6,2,1,1,1,false,false,
1705,20711-10-04T,06 DKI/komatsu 74гр. 10х1 (0)(Г),6,6,1,1,1,1,false,false,
1706,20711-12-04,06 DKI/komatsu 74гр. 12х1 (0)(Г),6,6,21,1,1,1,false,false,
1707,20711-12-04D,"06 DKI/komatsu 74гр. 12х1,5 (0)(Г)",6,6,3,1,1,1,false,false,
1708,20711-12-04DT,"06 DKI/komatsu 74гр. 12х1,5 (0)(Г)",6,6,3,1,1,1,false,false,
1709,20711-12-04T,06 DKI/komatsu 74гр. 12х1 (0)(Г),6,6,21,1,1,1,false,false,
1710,20711-12-05D,"08 DKI/komatsu 74гр. 12х1,5 (0)(Г)",6,8,3,1,1,1,false,false,
1711,20711-14-04,06 DKI/komatsu 74гр. 14х1 (0)(Г),6,6,32,1,1,1,false,false,
1712,20711-14-04D,"06 DKI/komatsu 74гр. 14х1,5 (0)(Г)",6,6,4,1,1,1,false,false,
1713,20711-14-04DT,"06 DKI/komatsu 74гр. 14х1,5 (0)(Г)",6,6,4,1,1,1,false,false,
1714,20711-14-04T,06 DKI/komatsu 74гр. 14х1 (0)(Г),6,6,32,1,1,1,false,false,
1715,20711-14-05,08 DKI/komatsu 74гр. 14х1 (0)(Г) ,6,8,32,1,1,1,false,false,
1716,20711-14-05D,"08 DKI/komatsu 74гр. 14х1,5 (0)(Г)",6,8,4,1,1,1,false,false,
1717,20711-14-05DT,"08 DKI/komatsu 74гр. 14х1,5 (0)(Г)",6,8,4,1,1,1,false,false,
1718,20711-14-06D,"10 DKI/komatsu 74гр. 14х1,5 (0)(Г)",6,10,4,1,1,1,false,false,
1719,20711-14-06DT,"10 DKI/komatsu 74гр. 14х1,5 (0)(Г)",6,10,4,1,1,1,false,false,
1720,20711-16-04,06 DKI/komatsu 74гр. 16х1 (0)(Г),6,6,5,1,1,1,false,false,
1721,20711-16-04D,"06 DKI/komatsu 74гр. 16х1,5 (0)(Г)",6,6,6,1,1,1,false,false,
1722,20711-16-04DT,"06 DKI/komatsu 74гр. 16х1,5 (0)(Г)",6,6,6,1,1,1,false,false,
1723,20711-16-04T,06 DKI/komatsu 74гр. 16х1 (0)(Г),6,6,5,1,1,1,false,false,
1724,20711-16-05,08 DKI/komatsu 74гр. 16х1 (0)(Г),6,8,5,1,1,1,false,false,
1725,20711-16-05D,"08 DKI/komatsu 74гр. 16х1,5 (0)(Г)",6,8,6,1,1,1,false,false,
1726,20711-16-05DT,"08 DKI/komatsu 74гр. 16х1,5 (0)(Г)",6,8,6,1,1,1,false,false,
1727,20711-16-05T,08 DKI/komatsu 74гр. 16х1 (0)(Г),6,8,5,1,1,1,false,false,
1728,20711-16-06,10 DKI/komatsu 74гр. 16х1 (0)(Г),6,10,5,1,1,1,false,false,
1729,20711-16-06D,"10 DKI/komatsu 74гр. 16х1,5 (0)(Г)",6,10,6,1,1,1,false,false,
1730,20711-16-06DT,"10 DKI/komatsu 74гр. 16х1,5 (0)(Г)",6,10,6,1,1,1,false,false,
1731,20711-16-06T,10 DKI/komatsu 74гр. 16х1 (0)(Г),6,10,5,1,1,1,false,false,
1732,20711-18-04,"06 DKI/komatsu 74гр. 18х1,5 (0)(Г)",6,6,7,1,1,1,false,false,
1733,20711-18-04T,"06 DKI/komatsu 74гр. 18х1,5 (0)(Г)",6,6,7,1,1,1,false,false,
1734,20711-18-05,"08 DKI/komatsu 74гр. 18х1,5 (0)(Г)",6,8,7,1,1,1,false,false,
1735,20711-18-05T,"08 DKI/komatsu 74гр. 18х1,5 (0)(Г)",6,8,7,1,1,1,false,false,
1736,20711-18-05T A,"08 DKI/komatsu 74гр. 18х1,5 (0)(Г)",6,8,7,1,1,1,false,false,
1737,20711-18-06,"10 DKI/komatsu 74гр. 18х1,5 (0)(Г)",6,10,7,1,1,1,false,false,
1738,20711-18-06T,"10 DKI/komatsu 74гр. 18х1,5 (0)(Г)",6,10,7,1,1,1,false,false,
1739,20711-18-08,"12 DKI/komatsu 74гр. 18х1,5 (0)(Г)",6,12,7,1,1,1,false,false,
1740,20711-18-08T,"12 DKI/komatsu 74гр. 18х1,5 (0)(Г)",6,12,7,1,1,1,false,false,
1741,20711-20-06,"10 DKI/komatsu 74гр. 20х1,5 (0)(Г)",6,10,8,1,1,1,false,false,
1742,20711-20-06T,"10 DKI/komatsu 74гр. 20х1,5 (0)(Г)",6,10,8,1,1,1,false,false,
1743,20711-20-08,"12 DKI/komatsu 74гр. 20х1,5 (0)(Г)",6,12,8,1,1,1,false,false,
1744,20711-20-08T,"12 DKI/komatsu 74гр. 20х1,5 (0)(Г)",6,12,8,1,1,1,false,false,
1745,20711-22-06,"10 DKI/komatsu 74гр. 22х1,5 (0)(Г)",6,10,9,1,1,1,false,false,
1746,20711-22-06T,"10 DKI/komatsu 74гр. 22х1,5 (0)(Г)",6,10,9,1,1,1,false,false,
1747,20711-22-08,"12 DKI/komatsu 74гр. 22х1,5 (0)(Г)",6,12,9,1,1,1,false,false,
1748,20711-22-08T,"12 DKI/komatsu 74гр. 22х1,5 (0)(Г)",6,12,9,1,1,1,false,false,
1749,20711-22-10,"16 DKI/komatsu 74гр. 22х1,5 (0)(Г)",6,16,9,1,1,1,false,false,
1750,20711-22-10T,"16 DKI/komatsu 74гр. 22х1,5 (0)(Г)",6,16,9,1,1,1,false,false,
1751,20711-24-08,"12 DKI/komatsu 74гр. 24х1,5 (0)(Г)",6,12,10,1,1,1,false,false,
1752,20711-24-08T,"12 DKI/komatsu 74гр. 24х1,5 (0)(Г)",6,12,10,1,1,1,false,false,
1753,20711-24-10,"16 DKI/komatsu 74гр. 24х1,5 (0)(Г)",6,16,10,1,1,1,false,false,
1754,20711-24-10T,"16 DKI/komatsu 74гр. 24х1,5 (0)(Г)",6,16,10,1,1,1,false,false,
1755,20711-27-08D,"12 DKI/komatsu 74гр. 27х1,5 (0)(Г)",6,12,12,1,1,1,false,false,
1756,20711-27-08DT,"12 DKI/komatsu 74гр. 27х1,5 (0)(Г)",6,12,12,1,1,1,false,false,
1757,20711-27-10,16 DKI/komatsu 74гр. 27х2 (0)(Г),6,16,27,1,1,1,false,false,
1758,20711-27-10D,"16 DKI/komatsu 74гр. 27х1,5 (0)(Г)",6,16,12,1,1,1,false,false,
1759,20711-27-10DT,"16 DKI/komatsu 74гр. 27х1,5 (0)(Г)",6,16,12,1,1,1,false,false,
1760,20711-27-10T,16 DKI/komatsu 74гр. 27х2 (0)(Г),6,16,27,1,1,1,false,false,
1761,20711-27-12D,"20 DKI/komatsu 74гр. 27х1,5 (0)(Г)",6,20,12,1,1,1,false,false,
1762,20711-27-12DT,"20 DKI/komatsu 74гр. 27х1,5 (0)(Г)",6,20,12,1,1,1,false,false,
1763,20711-30-10D,"16 DKI/komatsu 74гр. 30х1,5 (0)(Г)",6,16,13,1,1,1,false,false,
1764,20711-30-10DT,"16 DKI/komatsu 74гр. 30х1,5 (0)(Г)",6,16,13,1,1,1,false,false,
1765,20711-30-12,20 DKI/komatsu 74гр. 30х2 (0)(Г),6,20,14,1,1,1,false,false,
1766,20711-30-12D,"20 DKI/komatsu 74гр. 30х1,5 (0)(Г)",6,20,13,1,1,1,false,false,
1767,20711-30-12DT,"20 DKI/komatsu 74гр. 30х1,5 (0)(Г)",6,20,13,1,1,1,false,false,
1768,20711-30-12T,20 DKI/komatsu 74гр. 30х2 (0)(Г),6,20,14,1,1,1,false,false,
1769,20711-33-10D,"16 DKI/komatsu 74гр. 33х1,5 (0)(Г)",6,16,15,1,1,1,false,false,
1770,20711-33-10DT,"16 DKI/komatsu 74гр. 33х1,5 (0)(Г)",6,16,15,1,1,1,false,false,
1771,20711-33-12,20 DKI/komatsu 74гр. 33х2 (0)(Г),6,20,16,1,1,1,false,false,
1772,20711-33-12D,"20 DKI/komatsu 74гр. 33х1,5 (0)(Г)",6,20,15,1,1,1,false,false,
1773,20711-33-12DT,"20 DKI/komatsu 74гр. 33х1,5 (0)(Г)",6,20,15,1,1,1,false,false,
1774,20711-33-12T,20 DKI/komatsu 74гр. 33х2 (0)(Г),6,20,16,1,1,1,false,false,
1775,20711-33-16,25 DKI/komatsu 74гр. 33х2 (0)(Г),6,25,16,1,1,1,false,false,
1776,20711-33-16D,"25 DKI/komatsu 74гр. 33х1,5 (0)(Г)",6,25,15,1,1,1,false,false,
1777,20711-33-16DT,"25 DKI/komatsu 74гр. 33х1,5 (0)(Г)",6,25,15,1,1,1,false,false,
1778,20711-33-16T,25 DKI/komatsu 74гр. 33х2 (0)(Г),6,25,16,1,1,1,false,false,
1779,20711-36-12,20 DKI/komatsu 74гр. 36х2 (0)(Г),6,20,23,1,1,1,false,false,
1780,20711-36-12D,"20 DKI/komatsu 74гр. 36х1,5 (0)(Г)",6,20,17,1,1,1,false,false,
1781,20711-36-12DT,"20 DKI/komatsu 74гр. 36х1,5 (0)(Г)",6,20,17,1,1,1,false,false,
1782,20711-36-12T,20 DKI/komatsu 74гр. 36х2 (0)(Г),6,20,23,1,1,1,false,false,
1783,20711-39-16,25 DKI/komatsu 74гр. 39х2 (0)(Г),6,25,29,1,1,1,false,false,
1784,20711-39-16T,25 DKI/komatsu 74гр. 39х2 (0)(Г),6,25,29,1,1,1,false,false,
1785,20711-42-12,20 DKI/komatsu 74гр. 42х2 (0)(Г),6,20,22,1,1,1,false,false,
1786,20711-42-12T,20 DKI/komatsu 74гр. 42х2 (0)(Г),6,20,22,1,1,1,false,false,
1787,20711-42-16,25 DKI/komatsu 74гр. 42х2 (0)(Г),6,25,22,1,1,1,false,false,
1788,20711-42-16T,25 DKI/komatsu 74гр. 42х2 (0)(Г),6,25,22,1,1,1,false,false,
1789,20711-42-20,32 DKI/komatsu 74гр. 42х2 (0)(Г),6,32,22,1,1,1,false,false,
1790,20711-42-20T,32 DKI/komatsu 74гр. 42х2 (0)(Г),6,32,22,1,1,1,false,false,
1791,20711-45-20,32 DKI/komatsu 74гр. 45х2 (0)(Г),6,32,25,1,1,1,false,false,
1792,20711-45-20T,32 DKI/komatsu 74гр. 45х2 (0)(Г),6,32,25,1,1,1,false,false,
1793,20711-52-20,32 DKI/komatsu 74гр. 52х2 (0)(Г),6,32,24,1,1,1,false,false,
1794,20711-52-20T,32 DKI/komatsu 74гр. 52х2 (0)(Г),6,32,24,1,1,1,false,false,
1795,20711-52-24,38 DKI/komatsu 74гр. 52х2 (0)(Г),6,38,24,1,1,1,false,false,
1796,20711-52-24T,38 DKI/komatsu 74гр. 52х2 (0)(Г),6,38,24,1,1,1,false,false,
1797,20712-18-08,"12 DKI/komatsu 74гр. 18х1,5 (0)(Г)",6,12,7,1,1,2,false,false,
1798,20712-18-08T,"12 DKI/komatsu 74гр. 18х1,5 (0)(Г)",6,12,7,1,1,2,false,false,
1799,20712-20-08,"12 DKI/komatsu 74гр. 20х1,5 (0)(Г)",6,12,8,1,1,2,false,false,
1800,20712-20-08T,"12 DKI/komatsu 74гр. 20х1,5 (0)(Г)",6,12,8,1,1,2,false,false,
1801,20712-22-08,"12 DKI/komatsu 74гр. 22х1,5 (0)(Г)",6,12,9,1,1,2,false,false,
1802,20712-22-08T,"12 DKI/komatsu 74гр. 22х1,5 (0)(Г)",6,12,9,1,1,2,false,false,
1803,20712-22-10,"16 DKI/komatsu 74гр. 22х1,5 (0)(Г)",6,16,9,1,1,2,false,false,
1804,20712-22-10T,"16 DKI/komatsu 74гр. 22х1,5 (0)(Г)",6,16,9,1,1,2,false,false,
1805,20712-24-08,"12 DKI/komatsu 74гр. 24х1,5 (0)(Г)",6,12,10,1,1,2,false,false,
1806,20712-24-08T,"12 DKI/komatsu 74гр. 24х1,5 (0)(Г)",6,12,10,1,1,2,false,false,
1807,20712-24-08T A,"12 DKI/komatsu 74гр. 24х1,5 (0)(Г)",6,12,10,1,1,2,false,false,
1808,20712-24-10,"16 DKI/komatsu 74гр. 24х1,5 (0)(Г)",6,16,10,1,1,2,false,false,
1809,20712-24-10T,"16 DKI/komatsu 74гр. 24х1,5 (0)(Г)",6,16,10,1,1,2,false,false,
1810,20712-27-08D,"12 DKI/komatsu 74гр. 27х1,5 (0)(Г)",6,12,12,1,1,2,false,false,
1811,20712-27-08DT,"12 DKI/komatsu 74гр. 27х1,5 (0)(Г)",6,12,12,1,1,2,false,false,
1812,20712-27-08DT A,"12 DKI/komatsu 74гр. 27х1,5 (0)(Г)",6,12,12,1,1,2,false,false,
1813,20712-27-10,16 DKI/komatsu 74гр. 27х2 (0)(Г),6,16,27,1,1,2,false,false,
1814,20712-27-10D,"16 DKI/komatsu 74гр. 27х1,5 (0)(Г)",6,16,12,1,1,2,false,false,
1815,20712-27-10DT,"16 DKI/komatsu 74гр. 27х1,5 (0)(Г)",6,16,12,1,1,2,false,false,
1816,20712-27-10T,16 DKI/komatsu 74гр. 27х2 (0)(Г),6,16,27,1,1,2,false,false,
1817,20712-27-12D,"20 DKI/komatsu 74гр. 27х1,5 (0)(Г)",6,20,12,1,1,2,false,false,
1818,20712-27-12DT,"20 DKI/komatsu 74гр. 27х1,5 (0)(Г)",6,20,12,1,1,2,false,false,
1819,20712-30-10D,"16 DKI/komatsu 74гр. 30х1,5 (0)(Г)",6,16,13,1,1,2,false,false,
1820,20712-30-10DT,"16 DKI/komatsu 74гр. 30х1,5 (0)(Г)",6,16,13,1,1,2,false,false,
1821,20712-30-12,20 DKI/komatsu 74гр. 30х2 (0)(Г),6,20,14,1,1,2,false,false,
1822,20712-30-12D,"20 DKI/komatsu 74гр. 30х1,5 (0)(Г)",6,20,13,1,1,2,false,false,
1823,20712-30-12DT,"20 DKI/komatsu 74гр. 30х1,5 (0)(Г)",6,20,13,1,1,2,false,false,
1824,20712-30-12T,20 DKI/komatsu 74гр. 30х2 (0)(Г),6,20,14,1,1,2,false,false,
1825,20712-33-10D,"16 DKI/komatsu 74гр. 33х1,5 (0)(Г)",6,16,15,1,1,2,false,false,
1826,20712-33-10DT,"16 DKI/komatsu 74гр. 33х1,5 (0)(Г)",6,16,15,1,1,2,false,false,
1827,20712-33-12,20 DKI/komatsu 74гр. 33х2 (0)(Г),6,20,16,1,1,2,false,false,
1828,20712-33-12D,"20 DKI/komatsu 74гр. 33х1,5 (0)(Г)",6,20,15,1,1,2,false,false,
1829,20712-33-12DT,"20 DKI/komatsu 74гр. 33х1,5 (0)(Г)",6,20,15,1,1,2,false,false,
1830,20712-33-12T,20 DKI/komatsu 74гр. 33х2 (0)(Г),6,20,16,1,1,2,false,false,
1831,20712-33-16,25 DKI/komatsu 74гр. 33х2 (0)(Г),6,25,16,1,1,2,false,false,
1832,20712-33-16 A,25 DKI/komatsu 74гр. 33х2 (0)(Г),6,25,16,1,1,2,false,false,
1833,20712-33-16D,"25 DKI/komatsu 74гр. 33х1,5 (0)(Г)",6,25,15,1,1,2,false,false,
1834,20712-33-16DT,"25 DKI/komatsu 74гр. 33х1,5 (0)(Г)",6,25,15,1,1,2,false,false,
1835,20712-33-16T,25 DKI/komatsu 74гр. 33х2 (0)(Г),6,25,16,1,1,2,false,false,
1836,20712-36-12,20 DKI/komatsu 74гр. 36х2 (0)(Г),6,20,23,1,1,2,false,false,
1837,20712-36-12D,"20 DKI/komatsu 74гр. 36х1,5 (0)(Г)",6,20,17,1,1,2,false,false,
1838,20712-36-12DT,"20 DKI/komatsu 74гр. 36х1,5 (0)(Г)",6,20,17,1,1,2,false,false,
1839,20712-36-12T,20 DKI/komatsu 74гр. 36х2 (0)(Г),6,20,23,1,1,2,false,false,
1840,20712-39-16,25 DKI/komatsu 74гр. 39х2 (0)(Г),6,25,29,1,1,2,false,false,
1841,20712-39-16T,25 DKI/komatsu 74гр. 39х2 (0)(Г),6,25,29,1,1,2,false,false,
1842,20712-42-12,20 DKI/komatsu 74гр. 42х2 (0)(Г),6,20,22,1,1,2,false,false,
1843,20712-42-12T,20 DKI/komatsu 74гр. 42х2 (0)(Г),6,20,22,1,1,2,false,false,
1844,20712-42-16,25 DKI/komatsu 74гр. 42х2 (0)(Г),6,25,22,1,1,2,false,false,
1845,20712-42-16T,25 DKI/komatsu 74гр. 42х2 (0)(Г),6,25,22,1,1,2,false,false,
1846,20712-42-20,32 DKI/komatsu 74гр. 42х2 (0)(Г),6,32,22,1,1,2,false,false,
1847,20712-42-20T,32 DKI/komatsu 74гр. 42х2 (0)(Г),6,32,22,1,1,2,false,false,
1848,20712-42-20T A,32 DKI/komatsu 74гр. 42х2 (0)(Г),6,32,22,1,1,2,false,false,
1849,20712-45-20,32 DKI/komatsu 74гр. 45х2 (0)(Г),6,32,25,1,1,2,false,false,
1850,20712-45-20T,32 DKI/komatsu 74гр. 45х2 (0)(Г),6,32,25,1,1,2,false,false,
1851,20712-52-20,32 DKI/komatsu 74гр. 52х2 (0)(Г),6,32,24,1,1,2,false,false,
1852,20712-52-20T,32 DKI/komatsu 74гр. 52х2 (0)(Г),6,32,24,1,1,2,false,false,
1853,20712-52-24,38 DKI/komatsu 74гр. 52х2 (0)(Г),6,38,24,1,1,2,false,false,
1854,20712-52-24T,38 DKI/komatsu 74гр. 52х2 (0)(Г),6,38,24,1,1,2,false,false,
1855,20741-10-04,06 DKI/komatsu 74гр. 10х1 (45)(Г),6,6,1,2,1,1,false,false,
1856,20741-10-04D,"06 DKI/komatsu 74гр. 10х1,5 (45)(Г)",6,6,2,2,1,1,false,false,
1857,20741-10-04T,06 DKI/komatsu 74гр. 10х1 (45)(Г),6,6,1,2,1,1,false,false,
1858,20741-12-04,06 DKI/komatsu 74гр. 12х1 (45)(Г),6,6,21,2,1,1,false,false,
1859,20741-12-04D,"06 DKI/komatsu 74гр. 12х1,5 (45)(Г)",6,6,3,2,1,1,false,false,
1860,20741-12-04DT,"06 DKI/komatsu 74гр. 12х1,5 (45)(Г)",6,6,3,2,1,1,false,false,
1861,20741-12-04T,06 DKI/komatsu 74гр. 12х1 (45)(Г),6,6,21,2,1,1,false,false,
1862,20741-12-05D,"08 DKI/komatsu 74гр. 12х1,5 (45)(Г)",6,8,3,2,1,1,false,false,
1863,20741-14-04,06 DKI/komatsu 74гр. 14х1 (45)(Г),6,6,32,2,1,1,false,false,
1864,20741-14-04D,"06 DKI/komatsu 74гр. 14х1,5 (45)(Г)",6,6,4,2,1,1,false,false,
1865,20741-14-04DT,"06 DKI/komatsu 74гр. 14х1,5 (45)(Г)",6,6,4,2,1,1,false,false,
1866,20741-14-04T,06 DKI/komatsu 74гр. 14х1 (45)(Г),6,6,32,2,1,1,false,false,
1867,20741-14-05,08 DKI/komatsu 74гр. 14х1 (45)(Г),6,8,32,2,1,1,false,false,
1868,20741-14-05D,"08 DKI/komatsu 74гр. 14х1,5 (45)(Г)",6,8,4,2,1,1,false,false,
1869,20741-14-05DT,"08 DKI/komatsu 74гр. 14х1,5 (45)(Г)",6,8,4,2,1,1,false,false,
1870,20741-14-06D,"10 DKI/komatsu 74гр. 14х1,5 (45)(Г)",6,10,4,2,1,1,false,false,
1871,20741-14-06DT,"10 DKI/komatsu 74гр. 14х1,5 (45)(Г)",6,10,4,2,1,1,false,false,
1872,20741-16-04,06 DKI/komatsu 74гр. 16х1 (45)(Г),6,6,5,2,1,1,false,false,
1873,20741-16-04D,"06 DKI/komatsu 74гр. 16х1,5 (45)(Г)",6,6,6,2,1,1,false,false,
1874,20741-16-04DT,"06 DKI/komatsu 74гр. 16х1,5 (45)(Г)",6,6,6,2,1,1,false,false,
1875,20741-16-04T,06 DKI/komatsu 74гр. 16х1 (45)(Г),6,6,5,2,1,1,false,false,
1876,20741-16-05,08 DKI/komatsu 74гр. 16х1 (45)(Г),6,8,5,2,1,1,false,false,
1877,20741-16-05D,"08 DKI/komatsu 74гр. 16х1,5 (45)(Г)",6,8,6,2,1,1,false,false,
1878,20741-16-05DT,"08 DKI/komatsu 74гр. 16х1,5 (45)(Г)",6,8,6,2,1,1,false,false,
1879,20741-16-05T,08 DKI/komatsu 74гр. 16х1 (45)(Г),6,8,5,2,1,1,false,false,
1880,20741-16-06,10 DKI/komatsu 74гр. 16х1 (45)(Г),6,10,5,2,1,1,false,false,
1881,20741-16-06D,"10 DKI/komatsu 74гр. 16х1,5 (45)(Г)",6,10,6,2,1,1,false,false,
1882,20741-16-06DT,"10 DKI/komatsu 74гр. 16х1,5 (45)(Г)",6,10,6,2,1,1,false,false,
1883,20741-16-06T,10 DKI/komatsu 74гр. 16х1 (45)(Г),6,10,5,2,1,1,false,false,
1884,20741-18-04,"06 DKI/komatsu 74гр. 18х1,5 (45)(Г)",6,6,7,2,1,1,false,false,
1885,20741-18-04T,"06 DKI/komatsu 74гр. 18х1,5 (45)(Г)",6,6,7,2,1,1,false,false,
1886,20741-18-05,"08 DKI/komatsu 74гр. 18х1,5 (45)(Г)",6,8,7,2,1,1,false,false,
1887,20741-18-05T,"08 DKI/komatsu 74гр. 18х1,5 (45)(Г)",6,8,7,2,1,1,false,false,
1888,20741-18-06,"10 DKI/komatsu 74гр. 18х1,5 (45)(Г)",6,10,7,2,1,1,false,false,
1889,20741-18-06T,"10 DKI/komatsu 74гр. 18х1,5 (45)(Г)",6,10,7,2,1,1,false,false,
1890,20741-18-08,"12 DKI/komatsu 74гр. 18х1,5 (45)(Г)",6,12,7,2,1,1,false,false,
1891,20741-18-08T,"12 DKI/komatsu 74гр. 18х1,5 (45)(Г)",6,12,7,2,1,1,false,false,
1892,20741-20-06,"10 DKI/komatsu 74гр. 20х1,5 (45)(Г)",6,10,8,2,1,1,false,false,
1893,20741-20-06T,"10 DKI/komatsu 74гр. 20х1,5 (45)(Г)",6,10,8,2,1,1,false,false,
1894,20741-20-08,"12 DKI/komatsu 74гр. 20х1,5 (45)(Г)",6,12,8,2,1,1,false,false,
1895,20741-20-08T,"12 DKI/komatsu 74гр. 20х1,5 (45)(Г)",6,12,8,2,1,1,false,false,
1896,20741-22-06,"10 DKI/komatsu 74гр. 22х1,5 (45)(Г)",6,10,9,2,1,1,false,false,
1897,20741-22-06T,"10 DKI/komatsu 74гр. 22х1,5 (45)(Г)",6,10,9,2,1,1,false,false,
1898,20741-22-08,"12 DKI/komatsu 74гр. 22х1,5 (45)(Г)",6,12,9,2,1,1,false,false,
1899,20741-22-08T,"12 DKI/komatsu 74гр. 22х1,5 (45)(Г)",6,12,9,2,1,1,false,false,
1900,20741-22-10,"16 DKI/komatsu 74гр. 22х1,5 (45)(Г)",6,16,9,2,1,1,false,false,
1901,20741-22-10T,"16 DKI/komatsu 74гр. 22х1,5 (45)(Г)",6,16,9,2,1,1,false,false,
1902,20741-24-08,"12 DKI/komatsu 74гр. 24х1,5 (45)(Г)",6,12,10,2,1,1,false,false,
1903,20741-24-08T,"12 DKI/komatsu 74гр. 24х1,5 (45)(Г)",6,12,10,2,1,1,false,false,
1904,20741-24-10,"16 DKI/komatsu 74гр. 24х1,5 (45)(Г)",6,16,10,2,1,1,false,false,
1905,20741-24-10T,"16 DKI/komatsu 74гр. 24х1,5 (45)(Г)",6,16,10,2,1,1,false,false,
1906,20741-27-08D,"12 DKI/komatsu 74гр. 27х1,5 (45)(Г)",6,12,12,2,1,1,false,false,
1907,20741-27-08DT,"12 DKI/komatsu 74гр. 27х1,5 (45)(Г)",6,12,12,2,1,1,false,false,
1908,20741-27-10,16 DKI/komatsu 74гр. 27х2 (45)(Г),6,16,27,2,1,1,false,false,
1909,20741-27-10D,"16 DKI/komatsu 74гр. 27х1,5 (45)(Г)",6,16,12,2,1,1,false,false,
1910,20741-27-10DT,"16 DKI/komatsu 74гр. 27х1,5 (45)(Г)",6,16,12,2,1,1,false,false,
1911,20741-27-10T,16 DKI/komatsu 74гр. 27х2 (45)(Г),6,16,27,2,1,1,false,false,
1912,20741-27-12D,"20 DKI/komatsu 74гр. 27х1,5 (45)(Г)",6,20,12,2,1,1,false,false,
1913,20741-27-12DT,"20 DKI/komatsu 74гр. 27х1,5 (45)(Г)",6,20,12,2,1,1,false,false,
1914,20741-30-10D,"16 DKI/komatsu 74гр. 30х1,5 (45)(Г)",6,16,13,2,1,1,false,false,
1915,20741-30-10DT,"16 DKI/komatsu 74гр. 30х1,5 (45)(Г)",6,16,13,2,1,1,false,false,
1916,20741-30-12,20 DKI/komatsu 74гр. 30х2 (45)(Г),6,20,14,2,1,1,false,false,
1917,20741-30-12D,"20 DKI/komatsu 74гр. 30х1,5 (45)(Г)",6,20,13,2,1,1,false,false,
1918,20741-30-12DT,"20 DKI/komatsu 74гр. 30х1,5 (45)(Г)",6,20,13,2,1,1,false,false,
1919,20741-30-12T,20 DKI/komatsu 74гр. 30х2 (45)(Г),6,20,14,2,1,1,false,false,
1920,20741-33-10D,"16 DKI/komatsu 74гр. 33х1,5 (45)(Г)",6,16,15,2,1,1,false,false,
1921,20741-33-10DT,"16 DKI/komatsu 74гр. 33х1,5 (45)(Г)",6,16,15,2,1,1,false,false,
1922,20741-33-12,20 DKI/komatsu 74гр. 33х2 (45)(Г),6,20,16,2,1,1,false,false,
1923,20741-33-12D,"20 DKI/komatsu 74гр. 33х1,5 (45)(Г)",6,20,15,2,1,1,false,false,
1924,20741-33-12DT,"20 DKI/komatsu 74гр. 33х1,5 (45)(Г)",6,20,15,2,1,1,false,false,
1925,20741-33-12T,20 DKI/komatsu 74гр. 33х2 (45)(Г),6,20,16,2,1,1,false,false,
1926,20741-33-16,25 DKI/komatsu 74гр. 33х2 (45)(Г),6,25,16,2,1,1,false,false,
1927,20741-33-16D,"25 DKI/komatsu 74гр. 33х1,5 (45)(Г)",6,25,15,2,1,1,false,false,
1928,20741-33-16DT,"25 DKI/komatsu 74гр. 33х1,5 (45)(Г)",6,25,15,2,1,1,false,false,
1929,20741-33-16T,25 DKI/komatsu 74гр. 33х2 (45)(Г),6,25,16,2,1,1,false,false,
1930,20741-36-12,20 DKI/komatsu 74гр. 36х2 (45)(Г),6,20,23,2,1,1,false,false,
1931,20741-36-12D,"20 DKI/komatsu 74гр. 36х1,5 (45)(Г)",6,20,17,2,1,1,false,false,
1932,20741-36-12DT,"20 DKI/komatsu 74гр. 36х1,5 (45)(Г)",6,20,17,2,1,1,false,false,
1933,20741-36-12T,20 DKI/komatsu 74гр. 36х2 (45)(Г),6,20,23,2,1,1,false,false,
1934,20741-39-16,25 DKI/komatsu 74гр. 39х2 (45)(Г),6,25,29,2,1,1,false,false,
1935,20741-39-16T,25 DKI/komatsu 74гр. 39х2 (45)(Г),6,25,29,2,1,1,false,false,
1936,20741-42-12,20 DKI/komatsu 74гр. 42х2 (45)(Г),6,20,22,2,1,1,false,false,
1937,20741-42-12T,20 DKI/komatsu 74гр. 42х2 (45)(Г),6,20,22,2,1,1,false,false,
1938,20741-42-16,25 DKI/komatsu 74гр. 42х2 (45)(Г),6,25,22,2,1,1,false,false,
1939,20741-42-16T,25 DKI/komatsu 74гр. 42х2 (45)(Г),6,25,22,2,1,1,false,false,
1940,20741-42-20,32 DKI/komatsu 74гр. 42х2 (45)(Г),6,32,22,2,1,1,false,false,
1941,20741-42-20T,32 DKI/komatsu 74гр. 42х2 (45)(Г),6,32,22,2,1,1,false,false,
1942,20741-45-20,32 DKI/komatsu 74гр. 45х2 (45)(Г),6,32,25,2,1,1,false,false,
1943,20741-45-20T,32 DKI/komatsu 74гр. 45х2 (45)(Г),6,32,25,2,1,1,false,false,
1944,20741-52-20,32 DKI/komatsu 74гр. 52х2 (45)(Г),6,32,24,2,1,1,false,false,
1945,20741-52-20T,32 DKI/komatsu 74гр. 52х2 (45)(Г),6,32,24,2,1,1,false,false,
1946,20741-52-24,38 DKI/komatsu 74гр. 52х2 (45)(Г),6,38,24,2,1,1,false,false,
1947,20741-52-24T,38 DKI/komatsu 74гр. 52х2 (45)(Г),6,38,24,2,1,1,false,false,
1948,20742-18-08,"12 DKI/komatsu 74гр. 18х1,5 (45)(Г)",6,12,7,2,1,2,false,false,
1949,20742-18-08T,"12 DKI/komatsu 74гр. 18х1,5 (45)(Г)",6,12,7,2,1,2,false,false,
1950,20742-20-08,"12 DKI/komatsu 74гр. 20х1,5 (45)(Г)",6,12,8,2,1,2,false,false,
1951,20742-20-08T,"12 DKI/komatsu 74гр. 20х1,5 (45)(Г)",6,12,8,2,1,2,false,false,
1952,20742-22-08,"12 DKI/komatsu 74гр. 22х1,5 (45)(Г)",6,12,9,2,1,2,false,false,
1953,20742-22-08T,"12 DKI/komatsu 74гр. 22х1,5 (45)(Г)",6,12,9,2,1,2,false,false,
1954,20742-22-10,"16 DKI/komatsu 74гр. 22х1,5 (45)(Г)",6,16,9,2,1,2,false,false,
1955,20742-22-10T,"16 DKI/komatsu 74гр. 22х1,5 (45)(Г)",6,16,9,2,1,2,false,false,
1956,20742-24-08,"12 DKI/komatsu 74гр. 24х1,5 (45)(Г)",6,12,10,2,1,2,false,false,
1957,20742-24-08T,"12 DKI/komatsu 74гр. 24х1,5 (45)(Г)",6,12,10,2,1,2,false,false,
1958,20742-24-10,"16 DKI/komatsu 74гр. 24х1,5 (45)(Г)",6,16,10,2,1,2,false,false,
1959,20742-24-10T,"16 DKI/komatsu 74гр. 24х1,5 (45)(Г)",6,16,10,2,1,2,false,false,
1960,20742-27-08D,"12 DKI/komatsu 74гр. 27х1,5 (45)(Г)",6,12,12,2,1,2,false,false,
1961,20742-27-08DT,"12 DKI/komatsu 74гр. 27х1,5 (45)(Г)",6,12,12,2,1,2,false,false,
1962,20742-27-10,16 DKI/komatsu 74гр. 27х2 (45)(Г),6,16,27,2,1,2,false,false,
1963,20742-27-10D,"16 DKI/komatsu 74гр. 27х1,5 (45)(Г)",6,16,12,2,1,2,false,false,
1964,20742-27-10DT,"16 DKI/komatsu 74гр. 27х1,5 (45)(Г)",6,16,12,2,1,2,false,false,
1965,20742-27-10T,16 DKI/komatsu 74гр. 27х2 (45)(Г),6,16,27,2,1,2,false,false,
1966,20742-27-12D,"20 DKI/komatsu 74гр. 27х1,5 (45)(Г)",6,20,12,2,1,2,false,false,
1967,20742-27-12DT,"20 DKI/komatsu 74гр. 27х1,5 (45)(Г)",6,20,12,2,1,2,false,false,
1968,20742-30-10D,"16 DKI/komatsu 74гр. 30х1,5 (45)(Г)",6,16,13,2,1,2,false,false,
1969,20742-30-10DT,"16 DKI/komatsu 74гр. 30х1,5 (45)(Г)",6,16,13,2,1,2,false,false,
1970,20742-30-12,20 DKI/komatsu 74гр. 30х2 (45)(Г),6,20,14,2,1,2,false,false,
1971,20742-30-12D,"20 DKI/komatsu 74гр. 30х1,5 (45)(Г)",6,20,13,2,1,2,false,false,
1972,20742-30-12DT,"20 DKI/komatsu 74гр. 30х1,5 (45)(Г)",6,20,13,2,1,2,false,false,
1973,20742-30-12T,20 DKI/komatsu 74гр. 30х2 (45)(Г),6,20,14,2,1,2,false,false,
1974,20742-33-10D,"16 DKI/komatsu 74гр. 33х1,5 (45)(Г)",6,16,15,2,1,2,false,false,
1975,20742-33-10DT,"16 DKI/komatsu 74гр. 33х1,5 (45)(Г)",6,16,15,2,1,2,false,false,
1976,20742-33-12,20 DKI/komatsu 74гр. 33х2 (45)(Г),6,20,16,2,1,2,false,false,
1977,20742-33-12D,"20 DKI/komatsu 74гр. 33х1,5 (45)(Г)",6,20,15,2,1,2,false,false,
1978,20742-33-12DT,"20 DKI/komatsu 74гр. 33х1,5 (45)(Г)",6,20,15,2,1,2,false,false,
1979,20742-33-12T,20 DKI/komatsu 74гр. 33х2 (45)(Г),6,20,16,2,1,2,false,false,
1980,20742-33-16,25 DKI/komatsu 74гр. 33х2 (45)(Г),6,25,16,2,1,2,false,false,
1981,20742-33-16D,"25 DKI/komatsu 74гр. 33х1,5 (45)(Г)",6,25,15,2,1,2,false,false,
1982,20742-33-16DT,"25 DKI/komatsu 74гр. 33х1,5 (45)(Г)",6,25,15,2,1,2,false,false,
1983,20742-33-16T,25 DKI/komatsu 74гр. 33х2 (45)(Г),6,25,16,2,1,2,false,false,
1984,20742-36-12,20 DKI/komatsu 74гр. 36х2 (45)(Г),6,20,23,2,1,2,false,false,
1985,20742-36-12D,"20 DKI/komatsu 74гр. 36х1,5 (45)(Г)",6,20,17,2,1,2,false,false,
1986,20742-36-12DT,"20 DKI/komatsu 74гр. 36х1,5 (45)(Г)",6,20,17,2,1,2,false,false,
1987,20742-36-12T,20 DKI/komatsu 74гр. 36х2 (45)(Г),6,20,23,2,1,2,false,false,
1988,20742-39-16,25 DKI/komatsu 74гр. 39х2 (45)(Г),6,25,29,2,1,2,false,false,
1989,20742-39-16T,25 DKI/komatsu 74гр. 39х2 (45)(Г),6,25,29,2,1,2,false,false,
1990,20742-42-12,20 DKI/komatsu 74гр. 42х2 (45)(Г),6,20,22,2,1,2,false,false,
1991,20742-42-12T,20 DKI/komatsu 74гр. 42х2 (45)(Г),6,20,22,2,1,2,false,false,
1992,20742-42-16,25 DKI/komatsu 74гр. 42х2 (45)(Г),6,25,22,2,1,2,false,false,
1993,20742-42-16T,25 DKI/komatsu 74гр. 42х2 (45)(Г),6,25,22,2,1,2,false,false,
1994,20742-42-20,32 DKI/komatsu 74гр. 42х2 (45)(Г),6,32,22,2,1,2,false,false,
1995,20742-42-20T,32 DKI/komatsu 74гр. 42х2 (45)(Г),6,32,22,2,1,2,false,false,
1996,20742-45-20,32 DKI/komatsu 74гр. 45х2 (45)(Г),6,32,25,2,1,2,false,false,
1997,20742-45-20T,32 DKI/komatsu 74гр. 45х2 (45)(Г),6,32,25,2,1,2,false,false,
1998,20742-52-20,32 DKI/komatsu 74гр. 52х2 (45)(Г),6,32,24,2,1,2,false,false,
1999,20742-52-20T,32 DKI/komatsu 74гр. 52х2 (45)(Г),6,32,24,2,1,2,false,false,
2000,20742-52-24,38 DKI/komatsu 74гр. 52х2 (45)(Г),6,38,24,2,1,2,false,false,
2001,20742-52-24T,38 DKI/komatsu 74гр. 52х2 (45)(Г),6,38,24,2,1,2,false,false,
2002,20791-10-04,06 DKI/komatsu 74гр. 10х1 (90)(Г),6,6,1,3,1,1,false,false,
2003,20791-10-04D,"06 DKI/komatsu 74гр. 10х1,5 (90)(Г)",6,6,2,3,1,1,false,false,
2004,20791-10-04T,06 DKI/komatsu 74гр. 10х1 (90)(Г),6,6,1,3,1,1,false,false,
2005,20791-12-04,06 DKI/komatsu 74гр. 12х1 (90)(Г),6,6,21,3,1,1,false,false,
2006,20791-12-04D,"06 DKI/komatsu 74гр. 12х1,5 (90)(Г)",6,6,3,3,1,1,false,false,
2007,20791-12-04DT,"06 DKI/komatsu 74гр. 12х1,5 (90)(Г)",6,6,3,3,1,1,false,false,
2008,20791-12-04T,06 DKI/komatsu 74гр. 12х1 (90)(Г),6,6,21,3,1,1,false,false,
2009,20791-12-05D,"08 DKI/komatsu 74гр. 12х1,5 (90)(Г)",6,8,3,3,1,1,false,false,
2010,20791-14-04,06 DKI/komatsu 74гр. 14х1 (90)(Г),6,6,32,3,1,1,false,false,
2011,20791-14-04D,"06 DKI/komatsu 74гр. 14х1,5 (90)(Г)",6,6,4,3,1,1,false,false,
2012,20791-14-04DT,"06 DKI/komatsu 74гр. 14х1,5 (90)(Г)",6,6,4,3,1,1,false,false,
2013,20791-14-04T,06 DKI/komatsu 74гр. 14х1 (90)(Г),6,6,32,3,1,1,false,false,
2014,20791-14-05,08 DKI/komatsu 74гр. 14х1 (90)(Г),6,8,32,3,1,1,false,false,
2015,20791-14-05D,"08 DKI/komatsu 74гр. 14х1,5 (90)(Г)",6,8,4,3,1,1,false,false,
2016,20791-14-05DT,"08 DKI/komatsu 74гр. 14х1,5 (90)(Г)",6,8,4,3,1,1,false,false,
2017,20791-14-06D,"10 DKI/komatsu 74гр. 14х1,5 (90)(Г)",6,10,4,3,1,1,false,false,
2018,20791-14-06DT,"10 DKI/komatsu 74гр. 14х1,5 (90)(Г)",6,10,4,3,1,1,false,false,
2019,20791-16-04,06 DKI/komatsu 74гр. 16х1 (90)(Г),6,6,5,3,1,1,false,false,
2020,20791-16-04D,"06 DKI/komatsu 74гр. 16х1,5 (90)(Г)",6,6,6,3,1,1,false,false,
2021,20791-16-04DT,"06 DKI/komatsu 74гр. 16х1,5 (90)(Г)",6,6,6,3,1,1,false,false,
2022,20791-16-04T,06 DKI/komatsu 74гр. 16х1 (90)(Г),6,6,5,3,1,1,false,false,
2023,20791-16-05,08 DKI/komatsu 74гр. 16х1 (90)(Г),6,8,5,3,1,1,false,false,
2024,20791-16-05D,"08 DKI/komatsu 74гр. 16х1,5 (90)(Г)",6,8,6,3,1,1,false,false,
2025,20791-16-05DT,"08 DKI/komatsu 74гр. 16х1,5 (90)(Г)",6,8,6,3,1,1,false,false,
2026,20791-16-05T,08 DKI/komatsu 74гр. 16х1 (90)(Г),6,8,5,3,1,1,false,false,
2027,20791-16-06,10 DKI/komatsu 74гр. 16х1 (90)(Г),6,10,5,3,1,1,false,false,
2028,20791-16-06D,"10 DKI/komatsu 74гр. 16х1,5 (90)(Г)",6,10,6,3,1,1,false,false,
2029,20791-16-06DT,"10 DKI/komatsu 74гр. 16х1,5 (90)(Г)",6,10,6,3,1,1,false,false,
2030,20791-16-06T,10 DKI/komatsu 74гр. 16х1 (90)(Г),6,10,5,3,1,1,false,false,
2031,20791-18-04,"06 DKI/komatsu 74гр. 18х1,5 (90)(Г)",6,6,7,3,1,1,false,false,
2032,20791-18-04T,"06 DKI/komatsu 74гр. 18х1,5 (90)(Г)",6,6,7,3,1,1,false,false,
2033,20791-18-05,"08 DKI/komatsu 74гр. 18х1,5 (90)(Г)",6,8,7,3,1,1,false,false,
2034,20791-18-05T,"08 DKI/komatsu 74гр. 18х1,5 (90)(Г)",6,8,7,3,1,1,false,false,
2035,20791-18-06,"10 DKI/komatsu 74гр. 18х1,5 (90)(Г)",6,10,7,3,1,1,false,false,
2036,20791-18-06T,"10 DKI/komatsu 74гр. 18х1,5 (90)(Г)",6,10,7,3,1,1,false,false,
2037,20791-18-08,"12 DKI/komatsu 74гр. 18х1,5 (90)(Г)",6,12,7,3,1,1,false,false,
2038,20791-18-08T,"12 DKI/komatsu 74гр. 18х1,5 (90)(Г)",6,12,7,3,1,1,false,false,
2039,20791-20-06,"10 DKI/komatsu 74гр. 20х1,5 (90)(Г)",6,10,8,3,1,1,false,false,
2040,20791-20-06T,"10 DKI/komatsu 74гр. 20х1,5 (90)(Г)",6,10,8,3,1,1,false,false,
2041,20791-20-08,"12 DKI/komatsu 74гр. 20х1,5 (90)(Г)",6,12,8,3,1,1,false,false,
2042,20791-20-08T,"12 DKI/komatsu 74гр. 20х1,5 (90)(Г)",6,12,8,3,1,1,false,false,
2043,20791-22-06,"10 DKI/komatsu 74гр. 22х1,5 (90)(Г)",6,10,9,3,1,1,false,false,
2044,20791-22-06T,"10 DKI/komatsu 74гр. 22х1,5 (90)(Г)",6,10,9,3,1,1,false,false,
2045,20791-22-08,"12 DKI/komatsu 74гр. 22х1,5 (90)(Г)",6,12,9,3,1,1,false,false,
2046,20791-22-08T,"12 DKI/komatsu 74гр. 22х1,5 (90)(Г)",6,12,9,3,1,1,false,false,
2047,20791-22-10,"16 DKI/komatsu 74гр. 22х1,5 (90)(Г)",6,16,9,3,1,1,false,false,
2048,20791-22-10T,"16 DKI/komatsu 74гр. 22х1,5 (90)(Г)",6,16,9,3,1,1,false,false,
2049,20791-24-08,"12 DKI/komatsu 74гр. 24х1,5 (90)(Г)",6,12,10,3,1,1,false,false,
2050,20791-24-08T,"12 DKI/komatsu 74гр. 24х1,5 (90)(Г)",6,12,10,3,1,1,false,false,
2051,20791-24-10,"16 DKI/komatsu 74гр. 24х1,5 (90)(Г)",6,16,10,3,1,1,false,false,
2052,20791-24-10T,"16 DKI/komatsu 74гр. 24х1,5 (90)(Г)",6,16,10,3,1,1,false,false,
2053,20791-27-08D,"12 DKI/komatsu 74гр. 27х1,5 (90)(Г)",6,12,12,3,1,1,false,false,
2054,20791-27-08DT,"12 DKI/komatsu 74гр. 27х1,5 (90)(Г)",6,12,12,3,1,1,false,false,
2055,20791-27-10,16 DKI/komatsu 74гр. 27х2 (90)(Г),6,16,27,3,1,1,false,false,
2056,20791-27-10D,"16 DKI/komatsu 74гр. 27х1,5 (90)(Г)",6,16,12,3,1,1,false,false,
2057,20791-27-10DT,"16 DKI/komatsu 74гр. 27х1,5 (90)(Г)",6,16,12,3,1,1,false,false,
2058,20791-27-10T,16 DKI/komatsu 74гр. 27х2 (90)(Г),6,16,27,3,1,1,false,false,
2059,20791-27-12D,"20 DKI/komatsu 74гр. 27х1,5 (90)(Г)",6,20,12,3,1,1,false,false,
2060,20791-27-12DT,"20 DKI/komatsu 74гр. 27х1,5 (90)(Г)",6,20,12,3,1,1,false,false,
2061,20791-30-10D,"16 DKI/komatsu 74гр. 30х1,5 (90)(Г)",6,16,13,3,1,1,false,false,
2062,20791-30-10DT,"16 DKI/komatsu 74гр. 30х1,5 (90)(Г)",6,16,13,3,1,1,false,false,
2063,20791-30-12,20 DKI/komatsu 74гр. 30х2 (90)(Г),6,20,14,3,1,1,false,false,
2064,20791-30-12D,"20 DKI/komatsu 74гр. 30х1,5 (90)(Г)",6,20,13,3,1,1,false,false,
2065,20791-30-12DT,"20 DKI/komatsu 74гр. 30х1,5 (90)(Г)",6,20,13,3,1,1,false,false,
2066,20791-30-12T,20 DKI/komatsu 74гр. 30х2 (90)(Г),6,20,14,3,1,1,false,false,
2067,20791-33-10D,"16 DKI/komatsu 74гр. 33х1,5 (90)(Г)",6,16,15,3,1,1,false,false,
2068,20791-33-10DT,"16 DKI/komatsu 74гр. 33х1,5 (90)(Г)",6,16,15,3,1,1,false,false,
2069,20791-33-12,20 DKI/komatsu 74гр. 33х2 (90)(Г),6,20,16,3,1,1,false,false,
2070,20791-33-12D,"20 DKI/komatsu 74гр. 33х1,5 (90)(Г)",6,20,15,3,1,1,false,false,
2071,20791-33-12DT,"20 DKI/komatsu 74гр. 33х1,5 (90)(Г)",6,20,15,3,1,1,false,false,
2072,20791-33-12T,20 DKI/komatsu 74гр. 33х2 (90)(Г),6,20,16,3,1,1,false,false,
2073,20791-33-16,25 DKI/komatsu 74гр. 33х2 (90)(Г),6,25,16,3,1,1,false,false,
2074,20791-33-16D,"25 DKI/komatsu 74гр. 33х1,5 (90)(Г)",6,25,15,3,1,1,false,false,
2075,20791-33-16DT,"25 DKI/komatsu 74гр. 33х1,5 (90)(Г)",6,25,15,3,1,1,false,false,
2076,20791-33-16T,25 DKI/komatsu 74гр. 33х2 (90)(Г),6,25,16,3,1,1,false,false,
2077,20791-36-12,20 DKI/komatsu 74гр. 36х2 (90)(Г),6,20,23,3,1,1,false,false,
2078,20791-36-12D,"20 DKI/komatsu 74гр. 36х1,5 (90)(Г)",6,20,17,3,1,1,false,false,
2079,20791-36-12DT,"20 DKI/komatsu 74гр. 36х1,5 (90)(Г)",6,20,17,3,1,1,false,false,
2080,20791-36-12T,20 DKI/komatsu 74гр. 36х2 (90)(Г),6,20,23,3,1,1,false,false,
2081,20791-39-16,25 DKI/komatsu 74гр. 39х2 (90)(Г),6,25,29,3,1,1,false,false,
2082,20791-39-16T,25 DKI/komatsu 74гр. 39х2 (90)(Г),6,25,29,3,1,1,false,false,
2083,20791-42-12,20 DKI/komatsu 74гр. 42х2 (90)(Г),6,20,22,3,1,1,false,false,
2084,20791-42-12T,20 DKI/komatsu 74гр. 42х2 (90)(Г),6,20,22,3,1,1,false,false,
2085,20791-42-16,25 DKI/komatsu 74гр. 42х2 (90)(Г),6,25,22,3,1,1,false,false,
2086,20791-42-16T,25 DKI/komatsu 74гр. 42х2 (90)(Г),6,25,22,3,1,1,false,false,
2087,20791-42-20,32 DKI/komatsu 74гр. 42х2 (90)(Г),6,32,22,3,1,1,false,false,
2088,20791-42-20T,32 DKI/komatsu 74гр. 42х2 (90)(Г),6,32,22,3,1,1,false,false,
2089,20791-45-20,32 DKI/komatsu 74гр. 45х2 (90)(Г),6,32,25,3,1,1,false,false,
2090,20791-45-20T,32 DKI/komatsu 74гр. 45х2 (90)(Г),6,32,25,3,1,1,false,false,
2091,20791-52-20,32 DKI/komatsu 74гр. 52х2 (90)(Г),6,32,24,3,1,1,false,false,
2092,20791-52-20T,32 DKI/komatsu 74гр. 52х2 (90)(Г),6,32,24,3,1,1,false,false,
2093,20791-52-24,38 DKI/komatsu 74гр. 52х2 (90)(Г),6,38,24,3,1,1,false,false,
2094,20791-52-24T,38 DKI/komatsu 74гр. 52х2 (90)(Г),6,38,24,3,1,1,false,false,
2095,20792-18-08,"12 DKI/komatsu 74гр. 18х1,5 (90)(Г)",6,12,7,3,1,2,false,false,
2096,20792-18-08T,"12 DKI/komatsu 74гр. 18х1,5 (90)(Г)",6,12,7,3,1,2,false,false,
2097,20792-20-08,"12 DKI/komatsu 74гр. 20х1,5 (90)(Г)",6,12,8,3,1,2,false,false,
2098,20792-20-08T,"12 DKI/komatsu 74гр. 20х1,5 (90)(Г)",6,12,8,3,1,2,false,false,
2099,20792-22-08,"12 DKI/komatsu 74гр. 22х1,5 (90)(Г)",6,12,9,3,1,2,false,false,
2100,20792-22-08T,"12 DKI/komatsu 74гр. 22х1,5 (90)(Г)",6,12,9,3,1,2,false,false,
2101,20792-22-10,"16 DKI/komatsu 74гр. 22х1,5 (90)(Г)",6,16,9,3,1,2,false,false,
2102,20792-22-10T,"16 DKI/komatsu 74гр. 22х1,5 (90)(Г)",6,16,9,3,1,2,false,false,
2103,20792-24-08,"12 DKI/komatsu 74гр. 24х1,5 (90)(Г)",6,12,10,3,1,2,false,false,
2104,20792-24-08T,"12 DKI/komatsu 74гр. 24х1,5 (90)(Г)",6,12,10,3,1,2,false,false,
2105,20792-24-10,"16 DKI/komatsu 74гр. 24х1,5 (90)(Г)",6,16,10,3,1,2,false,false,
2106,20792-24-10T,"16 DKI/komatsu 74гр. 24х1,5 (90)(Г)",6,16,10,3,1,2,false,false,
2107,20792-27-08D,"12 DKI/komatsu 74гр. 27х1,5 (90)(Г)",6,12,12,3,1,2,false,false,
2108,20792-27-08DT,"12 DKI/komatsu 74гр. 27х1,5 (90)(Г)",6,12,12,3,1,2,false,false,
2109,20792-27-10,16 DKI/komatsu 74гр. 27х2 (90)(Г),6,16,27,3,1,2,false,false,
2110,20792-27-10D,"16 DKI/komatsu 74гр. 27х1,5 (90)(Г)",6,16,12,3,1,2,false,false,
2111,20792-27-10DT,"16 DKI/komatsu 74гр. 27х1,5 (90)(Г)",6,16,12,3,1,2,false,false,
2112,20792-27-10T,16 DKI/komatsu 74гр. 27х2 (90)(Г),6,16,27,3,1,2,false,false,
2113,20792-27-12D,"20 DKI/komatsu 74гр. 27х1,5 (90)(Г)",6,20,12,3,1,2,false,false,
2114,20792-27-12DT,"20 DKI/komatsu 74гр. 27х1,5 (90)(Г)",6,20,12,3,1,2,false,false,
2115,20792-30-10D,"16 DKI/komatsu 74гр. 30х1,5 (90)(Г)",6,16,13,3,1,2,false,false,
2116,20792-30-10DT,"16 DKI/komatsu 74гр. 30х1,5 (90)(Г)",6,16,13,3,1,2,false,false,
2117,20792-30-12,20 DKI/komatsu 74гр. 30х2 (90)(Г),6,20,14,3,1,2,false,false,
2118,20792-30-12D,"20 DKI/komatsu 74гр. 30х1,5 (90)(Г)",6,20,13,3,1,2,false,false,
2119,20792-30-12DT,"20 DKI/komatsu 74гр. 30х1,5 (90)(Г)",6,20,13,3,1,2,false,false,
2120,20792-30-12T,20 DKI/komatsu 74гр. 30х2 (90)(Г),6,20,14,3,1,2,false,false,
2121,20792-33-10D,"16 DKI/komatsu 74гр. 33х1,5 (90)(Г)",6,16,15,3,1,2,false,false,
2122,20792-33-10DT,"16 DKI/komatsu 74гр. 33х1,5 (90)(Г)",6,16,15,3,1,2,false,false,
2123,20792-33-12,20 DKI/komatsu 74гр. 33х2 (90)(Г),6,20,16,3,1,2,false,false,
2124,20792-33-12D,"20 DKI/komatsu 74гр. 33х1,5 (90)(Г)",6,20,15,3,1,2,false,false,
2125,20792-33-12DT,"20 DKI/komatsu 74гр. 33х1,5 (90)(Г)",6,20,15,3,1,2,false,false,
2126,20792-33-12T,20 DKI/komatsu 74гр. 33х2 (90)(Г),6,20,16,3,1,2,false,false,
2127,20792-33-16,25 DKI/komatsu 74гр. 33х2 (90)(Г),6,25,16,3,1,2,false,false,
2128,20792-33-16D,"25 DKI/komatsu 74гр. 33х1,5 (90)(Г)",6,25,15,3,1,2,false,false,
2129,20792-33-16DT,"25 DKI/komatsu 74гр. 33х1,5 (90)(Г)",6,25,15,3,1,2,false,false,
2130,20792-33-16T,25 DKI/komatsu 74гр. 33х2 (90)(Г),6,25,16,3,1,2,false,false,
2131,20792-36-12,20 DKI/komatsu 74гр. 36х2 (90)(Г),6,20,23,3,1,2,false,false,
2132,20792-36-12D,"20 DKI/komatsu 74гр. 36х1,5 (90)(Г)",6,20,17,3,1,2,false,false,
2133,20792-36-12DT,"20 DKI/komatsu 74гр. 36х1,5 (90)(Г)",6,20,17,3,1,2,false,false,
2134,20792-36-12T,20 DKI/komatsu 74гр. 36х2 (90)(Г),6,20,23,3,1,2,false,false,
2135,20792-39-16,25 DKI/komatsu 74гр. 39х2 (90)(Г),6,25,29,3,1,2,false,false,
2136,20792-39-16T,25 DKI/komatsu 74гр. 39х2 (90)(Г),6,25,29,3,1,2,false,false,
2137,20792-42-12,20 DKI/komatsu 74гр. 42х2 (90)(Г),6,20,22,3,1,2,false,false,
2138,20792-42-12T,20 DKI/komatsu 74гр. 42х2 (90)(Г),6,20,22,3,1,2,false,false,
2139,20792-42-16,25 DKI/komatsu 74гр. 42х2 (90)(Г),6,25,22,3,1,2,false,false,
2140,20792-42-16T,25 DKI/komatsu 74гр. 42х2 (90)(Г),6,25,22,3,1,2,false,false,
2141,20792-42-20,32 DKI/komatsu 74гр. 42х2 (90)(Г),6,32,22,3,1,2,false,false,
2142,20792-42-20T,32 DKI/komatsu 74гр. 42х2 (90)(Г),6,32,22,3,1,2,false,false,
2143,20792-45-20,32 DKI/komatsu 74гр. 45х2 (90)(Г),6,32,25,3,1,2,false,false,
2144,20792-45-20T,32 DKI/komatsu 74гр. 45х2 (90)(Г),6,32,25,3,1,2,false,false,
2145,20792-52-20,32 DKI/komatsu 74гр. 52х2 (90)(Г),6,32,24,3,1,2,false,false,
2146,20792-52-20T,32 DKI/komatsu 74гр. 52х2 (90)(Г),6,32,24,3,1,2,false,false,
2147,20792-52-24,38 DKI/komatsu 74гр. 52х2 (90)(Г),6,38,24,3,1,2,false,false,
2148,20792-52-24T,38 DKI/komatsu 74гр. 52х2 (90)(Г),6,38,24,3,1,2,false,false,
2149,10411-10-03,05 DKOL 10х1 (6) (Ш),4,5,1,1,2,1,false,false,
2150,10411-12-02D,"04 DKOL 12х1,5 (6) (Ш)",4,4,3,1,2,1,false,false,
2151,10411-12-03D,"05 DKOL 12х1,5 (6) (Ш)",4,5,3,1,2,1,false,false,
2152,10411-12-04D S12,"06 DKОL 12х1,5 (6) (Ш) S=12",4,6,3,1,2,1,false,false,12
2153,10411-12-04D S14,"06 DKОL 12х1,5 (6) (Ш) S=14",4,6,3,1,2,1,false,false,14
2154,10411-14-04D S14,"06 DKОL 14х1,5 (8) (Ш) S=14",4,6,4,1,2,1,false,false,14
2155,10411-14-05D,"08 DKОL 14х1,5 (8) (Ш)",4,8,4,1,2,1,false,false,
2156,10411-14-06D,"10 DKOL 14х1,5 (8) (Ш)",4,10,4,1,2,1,false,false,
2157,10411-16-04D S17,"06 DKОL 16х1,5 (10) (Ш) S=17",4,6,6,1,2,1,false,false,17
2158,10411-16-05D S17,"08 DKОL 16х1,5 (10) (Ш) S=17",4,8,6,1,2,1,false,false,17
2159,10411-16-06D,"10 DKOL 16х1,5 (10) (Ш)",4,10,6,1,2,1,false,false,
2160,10411-16-08D,"12 DKOL 16х1,5 (10) (Ш)",4,12,6,1,2,1,false,false,
2161,10411-18-04 S19,"06 DKОL 18х1,5 (12) (Ш) S=19",4,6,7,1,2,1,false,false,
2162,10411-18-05 S19,"08 DKОL 18х1,5 (12) (Ш) S=19",4,8,7,1,2,1,false,false,
2163,10411-18-06 S19,"10 DKOL 18х1,5 (12) (Ш) S=19",4,10,7,1,2,1,false,false,
2164,10411-18-08 S19,"12 DKOL 18х1,5 (12) (Ш) S=19",4,12,7,1,2,1,false,false,
2165,10411-20-04,"06 DKОL 20х1,5 (14) (Ш)",4,6,8,1,2,1,false,false,
2166,10411-20-05,"08 DKОL 20х1,5 (14) (Ш)",4,8,8,1,2,1,false,false,
2167,10411-20-06,"10 DKOL 20х1,5 (14) (Ш)",4,10,8,1,2,1,false,false,
2168,10411-20-06 A,"10 DKOL 20х1,5 (14) (Ш)",4,10,8,1,2,1,false,false,
2169,10411-20-08,"12 DKOL 20х1,5 (14) (Ш)",4,12,8,1,2,1,false,false,
2170,10411-22-04,"06 DKОL 22х1,5 (14) (Ш)",4,6,9,1,2,1,false,false,
2171,10411-22-05,"08 DKОL 22х1,5 (15) (Ш)",4,8,9,1,2,1,false,false,
2172,10411-22-06 S22,"10 DKОL 22х1,5 (15) (Ш) S=22",4,10,9,1,2,1,false,false,22
2173,10411-22-06 S22 A,"10 DKОL 22х1,5 (15) (Ш) S=22",4,10,9,1,2,1,false,false,22
2174,10411-22-06 S24,"10 DKОL 22х1,5 (15) (Ш) S=24",4,10,9,1,2,1,false,false,24
2175,10411-22-08,"12 DKOL 22х1,5 (15) (Ш) S=22, 24, 27",4,12,9,1,2,1,false,false,"22, 24, 27"
2176,10411-22-10,"16 DKOL 22х1,5 (15) (Ш)",4,16,9,1,2,1,false,false,
2177,10411-24-08 S27,"12 DKOL 24х1,5 (18) (Ш) S=27",4,12,10,1,2,1,false,false,27
2178,10411-26-08D S27,"12 DKОL 26х1,5 (18) (Ш) S=27",4,12,11,1,2,1,false,false,27
2179,10411-26-10D S27,"16 DKOL 26х1,5 (18) (Ш) S=27",4,16,11,1,2,1,false,false,27
2180,10411-26-12D,"20 DKOL 26х1,5 (18) (Ш)",4,20,11,1,2,1,false,false,
2181,10411-27-10,16 DKOL 27х2 (18) (Ш),4,16,27,1,2,1,false,false,
2182,10411-27-10D S30,"16 DKOL 27х1,5 (18) (Ш) S=30",4,16,12,1,2,1,false,false,30
2183,10411-30-10,16 DKOL 30х2 (22) (Ш),4,16,14,1,2,1,false,false,
2184,10411-30-10D,"16 DKOL 30х1,5 (22) (Ш)",4,16,13,1,2,1,false,false,
2185,10411-30-12,20 DKOL 30х2 (22) (Ш),4,20,14,1,2,1,false,false,
2186,10411-30-12D,"20 DKOL 30х1,5 (22) (Ш)",4,20,13,1,2,1,false,false,
2187,10411-30-16,25 DKOL 30х2 (22) (Ш),4,25,14,1,2,1,false,false,
2188,10411-33-12,20 DKOL 33х2 (25) (Ш),4,20,16,1,2,1,false,false,
2189,10411-33-16,25 DKOL 33х2 (25) (Ш),4,25,16,1,2,1,false,false,
2190,10411-36-10,16 DKOL 36х2 (28) (Ш),4,16,23,1,2,1,false,false,
2191,10411-36-12 S38,20 DKОL 36х2 (28) (Ш) S=38,4,20,23,1,2,1,false,false,
2192,10411-36-12D S38,"20 DKОL 36х1,5 (28) (Ш) S=38",4,20,17,1,2,1,false,false,
2193,10411-36-16,25 DKOL 36х2 (28) (Ш),4,25,23,1,2,1,false,false,
2194,10411-36-16D,25 DKOL 36х1.5 (28) (Ш),4,25,17,1,2,1,false,false,
2195,10411-39-16,25 DKOL 39х2 (30) (Ш),4,25,29,1,2,1,false,false,
2196,10411-42-16,25 DKOL 42х2 (33) (Ш),4,25,22,1,2,1,false,false,
2197,10411-45-12,20 DKОL 45х2 (35) (Ш),4,20,25,1,2,1,false,false,
2198,10411-45-16,25 DKOL 45х2 (35) (Ш),4,25,25,1,2,1,false,false,
2199,10411-45-20 S46,32 DKOL 45х2 (35) (Ш) S=46,4,32,25,1,2,1,false,false,
2200,10411-45-24,38 DKOL 45х2 (35) (Ш),4,38,25,1,2,1,false,false,
2201,10411-52-20,32 DKOL 52х2 (42) (Ш),4,32,24,1,2,1,false,false,
2202,10411-52-24,38 DKOL 52х2 (42) (Ш),4,38,24,1,2,1,false,false,
2203,10411A-14-04D,"06 DKОL 14х1,5 (8) (Ш)",4,6,4,1,2,1,true,false,
2204,10411A-16-04D,"06 DKОL 16х1,5 (10) (Ш)",4,6,6,1,2,1,true,false,
2205,10411A-16-05D,"08 DKОL 16х1,5 (10) (Ш)",4,8,6,1,2,1,true,false,
2206,10411A-16-06D,"10 DKOL 16х1,5 (10) (Ш) S=22",4,10,6,1,2,1,true,false,22
2207,10411A-16-06D A,"10 DKOL 16х1,5 (10) (Ш) S=22",4,10,6,1,2,1,true,false,22
2208,10411A-18-04,"06 DKОL 18х1,5 (12) (Ш)",4,6,7,1,2,1,true,false,
2209,10411A-18-05,"08 DKОL 18х1,5 (12) (Ш)",4,8,7,1,2,1,true,false,
2210,10411A-18-05 A,"08 DKОL 18х1,5 (12) (Ш)",4,8,7,1,2,1,true,false,
2211,10411A-18-06,"10 DKOL 18х1,5 (12) (Ш)",4,10,7,1,2,1,true,false,
2212,10411A-18-06 A,"10 DKOL 18х1,5 (12) (Ш)",4,10,7,1,2,1,true,false,
2213,10411A-18-08,"12 DKOL 18х1,5 (12) (Ш)",4,12,7,1,2,1,true,false,
2214,10411A-18-08 A,"12 DKOL 18х1,5 (12) (Ш)",4,12,7,1,2,1,true,false,
2215,10411A-22-06,"10 DKОL 22х1,5 (15) (Ш)",4,10,9,1,2,1,true,false,
2216,10411A-24-08,"12 DKOL 24х1,5 (18) (Ш)",4,12,10,1,2,1,true,false,
2217,10411A-26-08D,"12 DKОL 26х1,5 (18) (Ш)",4,12,11,1,2,1,true,false,
2218,10411A-26-10D,"16 DKOL 26х1,5 (18) (Ш)",4,16,11,1,2,1,true,false,
2219,10411A-27-10D,"16 DKOL 27х1,5 (18) (Ш)",4,16,12,1,2,1,true,false,
2220,10411A-30-12,20 DKOL 30х2 (22) (Ш) S=36,4,20,14,1,2,1,true,false,
2221,10411A-36-12,20 DKОL 36х2 (28) (Ш),4,20,23,1,2,1,true,false,
2222,10411A-36-12D,"20 DKОL 36х1,5 (28) (Ш)",4,20,17,1,2,1,true,false,
2223,10411A-45-20,32 DKOL 45х2 (35) (Ш),4,32,25,1,2,1,true,false,
2224,10412-20-08,"12 DKOL 20х1,5 (14) (Ш)",4,12,8,1,2,2,false,false,
2225,10412-22-08,"12 DKOL 22х1,5 (15) (Ш) S=22, 24, 27",4,12,9,1,2,2,false,false,"22, 24, 27"
2226,10412-22-10,"16 DKOL 22х1,5 (15) (Ш)",4,16,9,1,2,2,false,false,
2227,10412-24-08 S27,"12 DKOL 24х1,5 (18) (Ш) S=27",4,12,10,1,2,2,false,false,27
2228,10412-26-08D S27,"12 DKОL 26х1,5 (18) (Ш) S=27",4,12,11,1,2,2,false,false,27
2229,10412-26-10D S27,"16 DKOL 26х1,5 (18) (Ш) S=27",4,16,11,1,2,2,false,false,27
2230,10412-26-12D,"20 DKOL 26х1,5 (18) (Ш)",4,20,11,1,2,2,false,false,
2231,10412-26-12D A,"20 DKOL 26х1,5 (18) (Ш)",4,20,11,1,2,2,false,false,
2232,10412-27-08D,"12 DKOL 27х1,5 (18) (Ш)",4,12,12,1,2,2,false,false,
2233,10412-27-10,16 DKOL 27х2 (18) (Ш),4,16,27,1,2,2,false,false,
2234,10412-27-10D S30,"16 DKOL 27х1,5 (18) (Ш) S=30",4,16,12,1,2,2,false,false,30
2235,10412-27-10D S32 A,"16 DKOL 27х1,5 (18) (Ш) S=32",4,16,12,1,2,2,false,false,32
2236,10412-30-10,16 DKOL 30х2 (22) (Ш),4,16,14,1,2,2,false,false,
2237,10412-30-10 A,16 DKOL 30х2 (22) (Ш),4,16,14,1,2,2,false,false,
2238,10412-30-10D,"16 DKOL 30х1,5 (22) (Ш)",4,16,13,1,2,2,false,false,
2239,10412-30-12,20 DKOL 30х2 (22) (Ш),4,20,14,1,2,2,false,false,
2240,10412-30-12 A,20 DKOL 30х2 (22) (Ш),4,20,14,1,2,2,false,false,
2241,10412-30-12D,"20 DKOL 30х1,5 (22) (Ш)",4,20,13,1,2,2,false,false,
2242,10412-30-12D A,"20 DKOL 30х1,5 (22) (Ш)",4,20,13,1,2,2,false,false,
2243,10412-30-16,25 DKOL 30х2 (22) (Ш),4,25,14,1,2,2,false,false,
2244,10412-33-12,20 DKOL 33х2 (25) (Ш),4,20,16,1,2,2,false,false,
2245,10412-33-16,25 DKOL 33х2 (25) (Ш),4,25,16,1,2,2,false,false,
2246,10412-36-10,16 DKOL 36х2 (28) (Ш),4,16,23,1,2,2,false,false,
2247,10412-36-12 S38,20 DKОL 36х2 (28) (Ш) S=38,4,20,23,1,2,2,false,false,
2248,10412-36-12D S38,"20 DKОL 36х1,5 (28) (Ш) S=38",4,20,17,1,2,2,false,false,
2249,10412-36-16,25 DKOL 36х2 (28) (Ш),4,25,23,1,2,2,false,false,
2250,10412-36-16D,25 DKOL 36х1.5 (28) (Ш),4,25,17,1,2,2,false,false,
2251,10412-39-16,25 DKOL 39х2 (30) (Ш),4,25,29,1,2,2,false,false,
2252,10412-42-16,25 DKOL 42х2 (33) (Ш),4,25,22,1,2,2,false,false,
2253,10412-45-12,20 DKОL 45х2 (35) (Ш),4,20,25,1,2,2,false,false,
2254,10412-45-16,25 DKOL 45х2 (35) (Ш),4,25,25,1,2,2,false,false,
2255,10412-45-20 S46,32 DKOL 45х2 (35) (Ш) S=46,4,32,25,1,2,2,false,false,
2256,10412-45-24,38 DKOL 45х2 (35) (Ш),4,38,25,1,2,2,false,false,
2257,10412-52-20,32 DKOL 52х2 (42) (Ш),4,32,24,1,2,2,false,false,
2258,10412-52-24,38 DKOL 52х2 (42) (Ш),4,38,24,1,2,2,false,false,
2259,10412A-18-08,"12 DKOL 18х1,5 (12) (Ш)",4,12,7,1,2,2,true,false,
2260,10412A-24-08,"12 DKOL 24х1,5 (18) (Ш)",4,12,10,1,2,2,true,false,
2261,10412A-26-08D,"12 DKОL 26х1,5 (18) (Ш)",4,12,11,1,2,2,true,false,
2262,10412A-26-10D,"16 DKOL 26х1,5 (18) (Ш)",4,16,11,1,2,2,true,false,
2263,10412A-27-10D,"16 DKOL 27х1,5 (18) (Ш)",4,16,12,1,2,2,true,false,
2264,10412A-30-12,20 DKOL 30х2 (22) (Ш) S=36,4,20,14,1,2,2,true,false,
2265,10412A-30-12 A,20 DKOL 30х2 (22) (Ш) S=36,4,20,14,1,2,2,true,false,
2266,10412A-36-12,20 DKОL 36х2 (28) (Ш),4,20,23,1,2,2,true,false,
2267,10412A-36-12D,"20 DKОL 36х1,5 (28) (Ш)",4,20,17,1,2,2,true,false,
2268,10412A-45-20,32 DKOL 45х2 (35) (Ш),4,32,25,1,2,2,true,false,
2269,20411-10-03,05 DKOL 10х1 (6) (0)(Г),4,5,1,1,1,1,false,false,
2270,20411-10-03T,05 DKOL 10х1 (6) (0)(Г),4,5,1,1,1,1,false,false,
2271,20411-12-02DT,"04 DKOL 12х1,5 (6) (0)(Г)",4,4,3,1,1,1,false,false,
2272,20411-12-03D,"05 DKOL 12х1,5 (6) (0)(Г)",4,5,3,1,1,1,false,false,
2273,20411-12-03DT,"05 DKOL 12х1,5 (6) (0)(Г)",4,5,3,1,1,1,false,false,
2274,20411-12-04,06 DKOL 12х1 (6) (0)(Г),4,6,21,1,1,1,false,false,
2275,20411-12-04D,"06 DKOL 12х1,5 (6) (0)(Г)",4,6,3,1,1,1,false,false,
2276,20411-12-04DT,"06 DKOL 12х1,5 (6) (0)(Г)",4,6,3,1,1,1,false,false,
2277,20411-12(1.25)-04 A,"06 DKOL 12х1,25 (6) (0)(Г)",4,6,34,1,1,1,false,false,
2278,20411-14-04D,"06 DKОL 14х1,5 (8) (0)(Г)",4,6,4,1,1,1,false,false,
2279,20411-14-04DT,"06 DKОL 14х1,5 (8) (0)(Г)",4,6,4,1,1,1,false,false,
2280,20411-14-05D,"08 DKОL 14х1,5 (8) (0)(Г)",4,8,4,1,1,1,false,false,
2281,20411-14-05DT,"08 DKОL 14х1,5 (8) (0)(Г)",4,8,4,1,1,1,false,false,
2282,20411-14-06D,"10 DKOL 14х1,5 (8) (0)(Г)",4,10,4,1,1,1,false,false,
2283,20411-14-06DT,"10 DKOL 14х1,5 (8) (0)(Г)",4,10,4,1,1,1,false,false,
2284,20411-16-04D,"06 DKОL 16х1,5 (10) (0)(Г)",4,6,6,1,1,1,false,false,
2285,20411-16-04DT,"06 DKОL 16х1,5 (10) (0)(Г)",4,6,6,1,1,1,false,false,
2286,20411-16-05D,"08 DKОL 16х1,5 (10) (0)(Г)",4,8,6,1,1,1,false,false,
2287,20411-16-05DT,"08 DKОL 16х1,5 (10) (0)(Г)",4,8,6,1,1,1,false,false,
2288,20411-16-06D,"10 DKOL 16х1,5 (10) (0)(Г)",4,10,6,1,1,1,false,false,
2289,20411-16-06DT,"10 DKOL 16х1,5 (10) (0)(Г)",4,10,6,1,1,1,false,false,
2290,20411-16-08D,"12 DKOL 16х1,5 (10) (0)(Г)",4,12,6,1,1,1,false,false,
2291,20411-16-08DT,"12 DKOL 16х1,5 (10) (0)(Г)",4,12,6,1,1,1,false,false,
2292,20411-18-04,"06 DKОL 18х1,5 (12) (0)(Г)",4,6,7,1,1,1,false,false,
2293,20411-18-04T,"06 DKОL 18х1,5 (12) (0)(Г)",4,6,7,1,1,1,false,false,
2294,20411-18-05,"08 DKОL 18х1,5 (12) (0)(Г)",4,8,7,1,1,1,false,false,
2295,20411-18-05T,"08 DKОL 18х1,5 (12) (0)(Г)",4,8,7,1,1,1,false,false,
2296,20411-18-06,"10 DKOL 18х1,5 (12) (0)(Г)",4,10,7,1,1,1,false,false,
2297,20411-18-06T,"10 DKOL 18х1,5 (12) (0)(Г)",4,10,7,1,1,1,false,false,
2298,20411-18-08,"12 DKOL 18х1,5 (12) (0)(Г)",4,12,7,1,1,1,false,false,
2299,20411-18-08T,"12 DKOL 18х1,5 (12) (0)(Г)",4,12,7,1,1,1,false,false,
2300,20411-20-04,"06 DKОL 20х1,5 (14) (0)(Г)",4,6,8,1,1,1,false,false,
2301,20411-20-04T,"06 DKОL 20х1,5 (14) (0)(Г)",4,6,8,1,1,1,false,false,
2302,20411-20-05,"08 DKОL 20х1,5 (14) (0)(Г)",4,8,8,1,1,1,false,false,
2303,20411-20-05T,"08 DKОL 20х1,5 (14) (0)(Г)",4,8,8,1,1,1,false,false,
2304,20411-20-06,"10 DKOL 20х1,5 (14) (0)(Г)",4,10,8,1,1,1,false,false,
2305,20411-20-06T,"10 DKOL 20х1,5 (14) (0)(Г)",4,10,8,1,1,1,false,false,
2306,20411-20-08,"12 DKOL 20х1,5 (14) (0)(Г)",4,12,8,1,1,1,false,false,
2307,20411-20-08T,"12 DKOL 20х1,5 (14) (0)(Г)",4,12,8,1,1,1,false,false,
2308,20411-22-04,"06 DKОL 22х1,5 (15) (0)(Г)",4,6,9,1,1,1,false,false,
2309,20411-22-04T,"06 DKОL 22х1,5 (15) (0)(Г)",4,6,9,1,1,1,false,false,
2310,20411-22-04T A,"06 DKОL 22х1,5 (15) (0)(Г)",4,6,9,1,1,1,false,false,
2311,20411-22-05,"08 DKОL 22х1,5 (15) (0)(Г)",4,8,9,1,1,1,false,false,
2312,20411-22-05T,"08 DKОL 22х1,5 (15) (0)(Г)",4,8,9,1,1,1,false,false,
2313,20411-22-06,"10 DKOL 22х1,5 (15) (0)(Г)",4,10,9,1,1,1,false,false,
2314,20411-22-06T,"10 DKOL 22х1,5 (15) (0)(Г)",4,10,9,1,1,1,false,false,
2315,20411-22-08,"12 DKOL 22х1,5 (15) (0)(Г)",4,12,9,1,1,1,false,false,
2316,20411-22-08T,"12 DKOL 22х1,5 (15) (0)(Г)",4,12,9,1,1,1,false,false,
2317,20411-22-10,"16 DKOL 22х1,5 (15) (0)(Г)",4,16,9,1,1,1,false,false,
2318,20411-22-10T,"16 DKOL 22х1,5 (15) (0)(Г)",4,16,9,1,1,1,false,false,
2319,20411-24-08,"12 DKOL 24х1,5 (18) (0)(Г)",4,12,10,1,1,1,false,false,
2320,20411-24-08T,"12 DKOL 24х1,5 (18) (0)(Г)",4,12,10,1,1,1,false,false,
2321,20411-26-06DT A,"10 DKОL 26х1,5 (18) (0)(Г)",4,10,11,1,1,1,false,false,
2322,20411-26-08D,"12 DKОL 26х1,5 (18) (0)(Г)",4,12,11,1,1,1,false,false,
2323,20411-26-08DT,"12 DKОL 26х1,5 (18) (0)(Г)",4,12,11,1,1,1,false,false,
2324,20411-26-10D,"16 DKOL 26х1,5 (18) (0)(Г)",4,16,11,1,1,1,false,false,
2325,20411-26-10DT,"16 DKOL 26х1,5 (18) (0)(Г)",4,16,11,1,1,1,false,false,
2326,20411-26-12D,"20 DKOL 26х1,5 (18) (0)(Г)",4,20,11,1,1,1,false,false,
2327,20411-26-12DT,"20 DKOL 26х1,5 (18) (0)(Г)",4,20,11,1,1,1,false,false,
2328,20411-27-08DT,"12 DKOL 27х1,5 (18) (0)(Г)",4,12,12,1,1,1,false,false,
2329,20411-27-10,16 DKOL 27х2 (18) (0)(Г),4,16,27,1,1,1,false,false,
2330,20411-27-10D,"16 DKOL 27х1,5 (18) (0)(Г)",4,16,12,1,1,1,false,false,
2331,20411-27-10DT,"16 DKOL 27х1,5 (18) (0)(Г)",4,16,12,1,1,1,false,false,
2332,20411-27-10DT SL,"16 DKOL 27х1,5 (18) (0)(Г) мал.зам.",4,16,12,1,1,1,false,false,
2333,20411-27-10T,16 DKOL 27х2 (18) (0)(Г),4,16,27,1,1,1,false,false,
2334,20411-27-12D,"20 DKOL 27х1,5 (18) (0)(Г)",4,20,12,1,1,1,false,false,
2335,20411-30-10,16 DKOL 30х2 (22) (0)(Г),4,16,14,1,1,1,false,false,
2336,20411-30-10D,"16 DKOL 30х1,5 (22) (0)(Г)",4,16,13,1,1,1,false,false,
2337,20411-30-10DT,"16 DKOL 30х1,5 (22) (0)(Г)",4,16,13,1,1,1,false,false,
2338,20411-30-10T,16 DKOL 30х2 (22) (0)(Г),4,16,14,1,1,1,false,false,
2339,20411-30-12,20 DKOL 30х2 (22) (0)(Г),4,20,14,1,1,1,false,false,
2340,20411-30-12D,"20 DKOL 30х1,5 (22) (0)(Г)",4,20,13,1,1,1,false,false,
2341,20411-30-12DT,"20 DKOL 30х1,5 (22) (0)(Г)",4,20,13,1,1,1,false,false,
2342,20411-30-12T,20 DKOL 30х2 (22) (0)(Г),4,20,14,1,1,1,false,false,
2343,20411-30-16,25 DKOL 30х2 (22) (0)(Г),4,25,14,1,1,1,false,false,
2344,20411-30-16T,25 DKOL 30х2 (22) (0)(Г),4,25,14,1,1,1,false,false,
2345,20411-33-12,20 DKOL 33х2 (25) (0)(Г),4,20,16,1,1,1,false,false,
2346,20411-33-12T,20 DKOL 33х2 (25) (0)(Г),4,20,16,1,1,1,false,false,
2347,20411-33-16,25 DKOL 33х2 (25) (0)(Г),4,25,16,1,1,1,false,false,
2348,20411-33-16T,25 DKOL 33х2 (25) (0)(Г),4,25,16,1,1,1,false,false,
2349,20411-36-10,16 DKOL 36х2 (28) (0)(Г),4,16,23,1,1,1,false,false,
2350,20411-36-10T,16 DKOL 36х2 (28) (0)(Г),4,16,23,1,1,1,false,false,
2351,20411-36-12,20 DKOL 36х2 (28) (0)(Г),4,20,23,1,1,1,false,false,
2352,20411-36-12D,"20 DKОL 36х1,5 (28) (0)(Г)",4,20,17,1,1,1,false,false,
2353,20411-36-12DT,"20 DKОL 36х1,5 (28) (0)(Г)",4,20,17,1,1,1,false,false,
2354,20411-36-12T,20 DKOL 36х2 (28) (0)(Г),4,20,23,1,1,1,false,false,
2355,20411-36-16,25 DKOL 36х2 (28) (0)(Г),4,25,23,1,1,1,false,false,
2356,20411-36-16D,25 DKOL 36х1.5 (28) (0)(Г),4,25,17,1,1,1,false,false,
2357,20411-36-16DT,25 DKOL 36х1.5 (28) (0)(Г),4,25,17,1,1,1,false,false,
2358,20411-36-16T,25 DKOL 36х2 (28) (0)(Г),4,25,23,1,1,1,false,false,
2359,20411-39-16,25 DKOL 39х2 (30) (0)(Г),4,25,29,1,1,1,false,false,
2360,20411-39-16T,25 DKOL 39х2 (30) (0)(Г),4,25,29,1,1,1,false,false,
2361,20411-42-16,25 DKOL 42х2 (33) (0)(Г),4,25,22,1,1,1,false,false,
2362,20411-42-16T,25 DKOL 42х2 (33) (0)(Г),4,25,22,1,1,1,false,false,
2363,20411-42-20,32 DKOL 42х2 (33) (0)(Г),4,32,22,1,1,1,false,false,
2364,20411-42-20T,32 DKOL 42х2 (33) (0)(Г),4,32,22,1,1,1,false,false,
2365,20411-45-12,20 DKОL 45х2 (35) (0)(Г),4,20,25,1,1,1,false,false,
2366,20411-45-12T,20 DKОL 45х2 (35) (0)(Г),4,20,25,1,1,1,false,false,
2367,20411-45-16,25 DKOL 45х2 (35) (0)(Г),4,25,25,1,1,1,false,false,
2368,20411-45-16T,25 DKOL 45х2 (35) (0)(Г),4,25,25,1,1,1,false,false,
2369,20411-45-20,32 DKOL 45х2 (35) (0)(Г),4,32,25,1,1,1,false,false,
2370,20411-45-20T,32 DKOL 45х2 (35) (0)(Г),4,32,25,1,1,1,false,false,
2371,20411-45-24,38 DKOL 45х2 (35) (0)(Г),4,38,25,1,1,1,false,false,
2372,20411-45-24T,38 DKOL 45х2 (35) (0)(Г),4,38,25,1,1,1,false,false,
2373,20411-52-20,32 DKOL 52х2 (42) (0)(Г),4,32,24,1,1,1,false,false,
2374,20411-52-20T,32 DKOL 52х2 (42) (0)(Г),4,32,24,1,1,1,false,false,
2375,20411-52-24,38 DKOL 52х2 (42) (0)(Г),4,38,24,1,1,1,false,false,
2376,20411-52-24T,38 DKOL 52х2 (42) (0)(Г),4,38,24,1,1,1,false,false,
2377,20412-16-08D,"12 DKOL 16х1,5 (10) (0)(Г) ",4,12,6,1,1,2,false,false,
2378,20412-18-08,"12 DKOL 18х1,5 (12) (0)(Г)",4,12,7,1,1,2,false,false,
2379,20412-18-08T,"12 DKOL 18х1,5 (12) (0)(Г)",4,12,7,1,1,2,false,false,
2380,20412-20-08,"12 DKOL 20х1,5 (14) (0)(Г)",4,12,8,1,1,2,false,false,
2381,20412-20-08T,"12 DKOL 20х1,5 (14) (0)(Г)",4,12,8,1,1,2,false,false,
2382,20412-22-08,"12 DKOL 22х1,5 (15) (0)(Г)",4,12,9,1,1,2,false,false,
2383,20412-22-08T,"12 DKOL 22х1,5 (15) (0)(Г)",4,12,9,1,1,2,false,false,
2384,20412-22-10,"16 DKOL 22х1,5 (15) (0)(Г)",4,16,9,1,1,2,false,false,
2385,20412-22-10T,"16 DKOL 22х1,5 (15) (0)(Г)",4,16,9,1,1,2,false,false,
2386,20412-24-08,"12 DKOL 24х1,5 (18) (0)(Г)",4,12,10,1,1,2,false,false,
2387,20412-24-08T,"12 DKOL 24х1,5 (18) (0)(Г)",4,12,10,1,1,2,false,false,
2388,20412-26-08D,"12 DKОL 26х1,5 (18) (0)(Г)",4,12,11,1,1,2,false,false,
2389,20412-26-08DT,"12 DKОL 26х1,5 (18) (0)(Г)",4,12,11,1,1,2,false,false,
2390,20412-26-10D,"16 DKOL 26х1,5 (18) (0)(Г)",4,16,11,1,1,2,false,false,
2391,20412-26-10DT,"16 DKOL 26х1,5 (18) (0)(Г)",4,16,11,1,1,2,false,false,
2392,20412-26-10DT SN,"16 DKOL 26х1,5 (18) (0)(Г) короткая гайка",4,16,11,1,1,2,false,false,
2393,20412-26-12D,"20 DKOL 26х1,5 (18) (0)(Г)",4,20,11,1,1,2,false,false,
2394,20412-26-12DT,"20 DKOL 26х1,5 (18) (0)(Г)",4,20,11,1,1,2,false,false,
2395,20412-27-08DT,"12 DKOL 27х1,5 (18) (0)(Г) ",4,12,12,1,1,2,false,false,
2396,20412-27-10,16 DKOL 27х2 (18) (0)(Г),4,16,27,1,1,2,false,false,
2397,20412-27-10D,"16 DKOL 27х1,5 (18) (0)(Г)",4,16,12,1,1,2,false,false,
2398,20412-27-10DT,"16 DKOL 27х1,5 (18) (0)(Г)",4,16,12,1,1,2,false,false,
2399,20412-27-10T,16 DKOL 27х2 (18) (0)(Г),4,16,27,1,1,2,false,false,
2400,20412-27-12D,"20 DKOL 27х1,5 (18) (0)(Г)",4,20,12,1,1,2,false,false,
2401,20412-30-08T A,12 DKOL 30х2 (22) (0)(Г),4,12,14,1,1,2,false,false,
2402,20412-30-10,16 DKOL 30х2 (22) (0)(Г),4,16,14,1,1,2,false,false,
2403,20412-30-10D,"16 DKOL 30х1,5 (22) (0)(Г)",4,16,13,1,1,2,false,false,
2404,20412-30-10DT,"16 DKOL 30х1,5 (22) (0)(Г)",4,16,13,1,1,2,false,false,
2405,20412-30-10T,16 DKOL 30х2 (22) (0)(Г),4,16,14,1,1,2,false,false,
2406,20412-30-12,20 DKOL 30х2 (22) (0)(Г),4,20,14,1,1,2,false,false,
2407,20412-30-12D,"20 DKOL 30х1,5 (22) (0)(Г)",4,20,13,1,1,2,false,false,
2408,20412-30-12DT,"20 DKOL 30х1,5 (22) (0)(Г)",4,20,13,1,1,2,false,false,
2409,20412-30-12T,20 DKOL 30х2 (22) (0)(Г),4,20,14,1,1,2,false,false,
2410,20412-30-16,25 DKOL 30х2 (22) (0)(Г),4,25,14,1,1,2,false,false,
2411,20412-30-16T,25 DKOL 30х2 (22) (0)(Г),4,25,14,1,1,2,false,false,
2412,20412-33-12,20 DKOL 33х2 (25) (0)(Г),4,20,16,1,1,2,false,false,
2413,20412-33-12T,20 DKOL 33х2 (25) (0)(Г),4,20,16,1,1,2,false,false,
2414,20412-33-16,25 DKOL 33х2 (25) (0)(Г),4,25,16,1,1,2,false,false,
2415,20412-33-16T,25 DKOL 33х2 (25) (0)(Г),4,25,16,1,1,2,false,false,
2416,20412-36-10,16 DKOL 36х2 (28) (0)(Г),4,16,23,1,1,2,false,false,
2417,20412-36-10T,16 DKOL 36х2 (28) (0)(Г),4,16,23,1,1,2,false,false,
2418,20412-36-10T A,16 DKOL 36х2 (28) (0)(Г) ,4,16,23,1,1,2,false,false,
2419,20412-36-12,20 DKOL 36х2 (28) (0)(Г),4,20,23,1,1,2,false,false,
2420,20412-36-12D,"20 DKОL 36х1,5 (28) (0)(Г)",4,20,17,1,1,2,false,false,
2421,20412-36-12DT,"20 DKОL 36х1,5 (28) (0)(Г)",4,20,17,1,1,2,false,false,
2422,20412-36-12T,20 DKOL 36х2 (28) (0)(Г),4,20,23,1,1,2,false,false,
2423,20412-36-16,25 DKOL 36х2 (28) (0)(Г),4,25,23,1,1,2,false,false,
2424,20412-36-16D,25 DKOL 36х1.5 (28) (0)(Г),4,25,17,1,1,2,false,false,
2425,20412-36-16DT,25 DKOL 36х1.5 (28) (0)(Г),4,25,17,1,1,2,false,false,
2426,20412-36-16T,25 DKOL 36х2 (28) (0)(Г),4,25,23,1,1,2,false,false,
2427,20412-39-16,25 DKOL 39х2 (30) (0)(Г),4,25,29,1,1,2,false,false,
2428,20412-39-16T,25 DKOL 39х2 (30) (0)(Г),4,25,29,1,1,2,false,false,
2429,20412-42-16,25 DKOL 42х2 (33) (0)(Г),4,25,22,1,1,2,false,false,
2430,20412-42-16T,25 DKOL 42х2 (33) (0)(Г),4,25,22,1,1,2,false,false,
2431,20412-42-20,32 DKOL 42х2 (33) (0)(Г),4,32,22,1,1,2,false,false,
2432,20412-42-20T,32 DKOL 42х2 (33) (0)(Г),4,32,22,1,1,2,false,false,
2433,20412-45-12,20 DKОL 45х2 (35) (0)(Г),4,20,25,1,1,2,false,false,
2434,20412-45-12T,20 DKОL 45х2 (35) (0)(Г),4,20,25,1,1,2,false,false,
2435,20412-45-16,25 DKOL 45х2 (35) (0)(Г),4,25,25,1,1,2,false,false,
2436,20412-45-16T,25 DKOL 45х2 (35) (0)(Г),4,25,25,1,1,2,false,false,
2437,20412-45-20,32 DKOL 45х2 (35) (0)(Г),4,32,25,1,1,2,false,false,
2438,20412-45-20T,32 DKOL 45х2 (35) (0)(Г),4,32,25,1,1,2,false,false,
2439,20412-45-24,38 DKOL 45х2 (35) (0)(Г),4,38,25,1,1,2,false,false,
2440,20412-45-24T,38 DKOL 45х2 (35) (0)(Г),4,38,25,1,1,2,false,false,
2441,20412-52-20,32 DKOL 52х2 (42) (0)(Г),4,32,24,1,1,2,false,false,
2442,20412-52-20T,32 DKOL 52х2 (42) (0)(Г),4,32,24,1,1,2,false,false,
2443,20412-52-24,38 DKOL 52х2 (42) (0)(Г),4,38,24,1,1,2,false,false,
2444,20412-52-24T,38 DKOL 52х2 (42) (0)(Г),4,38,24,1,1,2,false,false,
2445,20441-10-03,05 DKOL 10х1 (6) (45)(Г),4,5,1,2,1,1,false,false,
2446,20441-10-03T,05 DKOL 10х1 (6) (45)(Г),4,5,1,2,1,1,false,false,
2447,20441-12-02DT,"04 DKOL 12х1,5 (6) (45)(Г)",4,4,3,2,1,1,false,false,
2448,20441-12-03D,"05 DKOL 12х1,5 (6) (45)(Г)",4,5,3,2,1,1,false,false,
2449,20441-12-03DT,"05 DKOL 12х1,5 (6) (45)(Г)",4,5,3,2,1,1,false,false,
2450,20441-12-04D,"06 DKOL 12х1,5 (6) (45)(Г)",4,6,3,2,1,1,false,false,
2451,20441-12-04DT,"06 DKOL 12х1,5 (6) (45)(Г)",4,6,3,2,1,1,false,false,
2452,20441-12(1.25)-04 A,"06 DKOL 12х1,25 (6) (45)(Г)",4,6,34,2,1,1,false,false,
2453,20441-14-04D,"06 DKОL 14х1,5 (8) (45)(Г)",4,6,4,2,1,1,false,false,
2454,20441-14-04DT,"06 DKОL 14х1,5 (8) (45)(Г)",4,6,4,2,1,1,false,false,
2455,20441-14-05D,"08 DKОL 14х1,5 (8) (45)(Г)",4,8,4,2,1,1,false,false,
2456,20441-14-05DT,"08 DKОL 14х1,5 (8) (45)(Г)",4,8,4,2,1,1,false,false,
2457,20441-14-06D,"10 DKOL 14х1,5 (8) (45)(Г)",4,10,4,2,1,1,false,false,
2458,20441-14-06DT,"10 DKOL 14х1,5 (8) (45)(Г)",4,10,4,2,1,1,false,false,
2459,20441-16-04D,"06 DKОL 16х1,5 (10) (45)(Г)",4,6,6,2,1,1,false,false,
2460,20441-16-04DT,"06 DKОL 16х1,5 (10) (45)(Г)",4,6,6,2,1,1,false,false,
2461,20441-16-05D,"08 DKОL 16х1,5 (10) (45)(Г)",4,8,6,2,1,1,false,false,
2462,20441-16-05DT,"08 DKОL 16х1,5 (10) (45)(Г)",4,8,6,2,1,1,false,false,
2463,20441-16-06D,"10 DKOL 16х1,5 (10) (45)(Г)",4,10,6,2,1,1,false,false,
2464,20441-16-06DT,"10 DKOL 16х1,5 (10) (45)(Г)",4,10,6,2,1,1,false,false,
2465,20441-16-08D,"12 DKOL 16х1,5 (10) (45)(Г)",4,12,6,2,1,1,false,false,
2466,20441-16-08DT,"12 DKOL 16х1,5 (10) (45)(Г)",4,12,6,2,1,1,false,false,
2467,20441-18-04,"06 DKОL 18х1,5 (12) (45)(Г)",4,6,7,2,1,1,false,false,
2468,20441-18-04T,"06 DKОL 18х1,5 (12) (45)(Г)",4,6,7,2,1,1,false,false,
2469,20441-18-05,"08 DKОL 18х1,5 (12) (45)(Г)",4,8,7,2,1,1,false,false,
2470,20441-18-05T,"08 DKОL 18х1,5 (12) (45)(Г)",4,8,7,2,1,1,false,false,
2471,20441-18-06,"10 DKOL 18х1,5 (12) (45)(Г)",4,10,7,2,1,1,false,false,
2472,20441-18-06T,"10 DKOL 18х1,5 (12) (45)(Г)",4,10,7,2,1,1,false,false,
2473,20441-18-08,"12 DKOL 18х1,5 (12) (45)(Г)",4,12,7,2,1,1,false,false,
2474,20441-18-08T,"12 DKOL 18х1,5 (12) (45)(Г)",4,12,7,2,1,1,false,false,
2475,20441-20-04,"06 DKОL 20х1,5 (14) (45)(Г)",4,6,8,2,1,1,false,false,
2476,20441-20-04T,"06 DKОL 20х1,5 (14) (45)(Г)",4,6,8,2,1,1,false,false,
2477,20441-20-05,"08 DKОL 20х1,5 (14) (45)(Г)",4,8,8,2,1,1,false,false,
2478,20441-20-05T,"08 DKОL 20х1,5 (14) (45)(Г)",4,8,8,2,1,1,false,false,
2479,20441-20-06,"10 DKOL 20х1,5 (14) (45)(Г)",4,10,8,2,1,1,false,false,
2480,20441-20-06T,"10 DKOL 20х1,5 (14) (45)(Г)",4,10,8,2,1,1,false,false,
2481,20441-20-08,"12 DKOL 20х1,5 (14) (45)(Г)",4,12,8,2,1,1,false,false,
2482,20441-20-08T,"12 DKOL 20х1,5 (14) (45)(Г)",4,12,8,2,1,1,false,false,
2483,20441-22-04,"06 DKОL 22х1,5 (15) (45)(Г)",4,6,9,2,1,1,false,false,
2484,20441-22-04T,"06 DKОL 22х1,5 (15) (45)(Г)",4,6,9,2,1,1,false,false,
2485,20441-22-05,"08 DKОL 22х1,5 (15) (45)(Г)",4,8,9,2,1,1,false,false,
2486,20441-22-05T,"08 DKОL 22х1,5 (15) (45)(Г)",4,8,9,2,1,1,false,false,
2487,20441-22-06,"10 DKOL 22х1,5 (15) (45)(Г)",4,10,9,2,1,1,false,false,
2488,20441-22-06T,"10 DKOL 22х1,5 (15) (45)(Г)",4,10,9,2,1,1,false,false,
2489,20441-22-08,"12 DKOL 22х1,5 (15) (45)(Г)",4,12,9,2,1,1,false,false,
2490,20441-22-08T,"12 DKOL 22х1,5 (15) (45)(Г)",4,12,9,2,1,1,false,false,
2491,20441-22-10,"16 DKOL 22х1,5 (15) (45)(Г)",4,16,9,2,1,1,false,false,
2492,20441-22-10T,"16 DKOL 22х1,5 (15) (45)(Г)",4,16,9,2,1,1,false,false,
2493,20441-24-08,"12 DKOL 24х1,5 (18) (45)(Г)",4,12,10,2,1,1,false,false,
2494,20441-24-08T,"12 DKOL 24х1,5 (18) (45)(Г)",4,12,10,2,1,1,false,false,
2495,20441-26-08D,"12 DKОL 26х1,5 (18) (45)(Г)",4,12,11,2,1,1,false,false,
2496,20441-26-08DT,"12 DKОL 26х1,5 (18) (45)(Г)",4,12,11,2,1,1,false,false,
2497,20441-26-10D,"16 DKOL 26х1,5 (18) (45)(Г)",4,16,11,2,1,1,false,false,
2498,20441-26-10DT,"16 DKOL 26х1,5 (18) (45)(Г)",4,16,11,2,1,1,false,false,
2499,20441-26-12D,"20 DKOL 26х1,5 (18) (45)(Г)",4,20,11,2,1,1,false,false,
2500,20441-26-12DT,"20 DKOL 26х1,5 (18) (45)(Г)",4,20,11,2,1,1,false,false,
2501,20441-27-08DT,"12 DKOL 27х1,5 (18) (45)(Г)",4,12,12,2,1,1,false,false,
2502,20441-27-10,16 DKOL 27х2 (18) (45)(Г),4,16,27,2,1,1,false,false,
2503,20441-27-10D,"16 DKOL 27х1,5 (18) (45)(Г)",4,16,12,2,1,1,false,false,
2504,20441-27-10DT,"16 DKOL 27х1,5 (18) (45)(Г)",4,16,12,2,1,1,false,false,
2505,20441-27-10T,16 DKOL 27х2 (18) (45)(Г),4,16,27,2,1,1,false,false,
2506,20441-30-10,16 DKOL 30х2 (22) (45)(Г),4,16,14,2,1,1,false,false,
2507,20441-30-10D,"16 DKOL 30х1,5 (22) (45)(Г)",4,16,13,2,1,1,false,false,
2508,20441-30-10DT,"16 DKOL 30х1,5 (22) (45)(Г)",4,16,13,2,1,1,false,false,
2509,20441-30-10T,16 DKOL 30х2 (22) (45)(Г),4,16,14,2,1,1,false,false,
2510,20441-30-12,20 DKOL 30х2 (22) (45)(Г),4,20,14,2,1,1,false,false,
2511,20441-30-12D,"20 DKOL 30х1,5 (22) (45)(Г)",4,20,13,2,1,1,false,false,
2512,20441-30-12DT,"20 DKOL 30х1,5 (22) (45)(Г)",4,20,13,2,1,1,false,false,
2513,20441-30-12T,20 DKOL 30х2 (22) (45)(Г),4,20,14,2,1,1,false,false,
2514,20441-30-16,25 DKOL 30х2 (22) (45)(Г),4,25,14,2,1,1,false,false,
2515,20441-30-16T,25 DKOL 30х2 (22) (45)(Г),4,25,14,2,1,1,false,false,
2516,20441-33-12,20 DKOL 33х2 (25) (45)(Г),4,20,16,2,1,1,false,false,
2517,20441-33-12T,20 DKOL 33х2 (25) (45)(Г),4,20,16,2,1,1,false,false,
2518,20441-33-16,25 DKOL 33х2 (25) (45)(Г),4,25,16,2,1,1,false,false,
2519,20441-33-16T,25 DKOL 33х2 (25) (45)(Г),4,25,16,2,1,1,false,false,
2520,20441-36-10,16 DKOL 36х2 (28) (45)(Г),4,16,23,2,1,1,false,false,
2521,20441-36-10T,16 DKOL 36х2 (28) (45)(Г),4,16,23,2,1,1,false,false,
2522,20441-36-12,20 DKОL 36х2 (28) (45)(Г),4,20,23,2,1,1,false,false,
2523,20441-36-12D,"20 DKОL 36х1,5 (28) (45)(Г)",4,20,17,2,1,1,false,false,
2524,20441-36-12DT,"20 DKОL 36х1,5 (28) (45)(Г)",4,20,17,2,1,1,false,false,
2525,20441-36-12T,20 DKОL 36х2 (28) (45)(Г),4,20,23,2,1,1,false,false,
2526,20441-36-16,25 DKOL 36х2 (28) (45)(Г),4,25,23,2,1,1,false,false,
2527,20441-36-16D,25 DKOL 36х1.5 (28) (45)(Г),4,25,17,2,1,1,false,false,
2528,20441-36-16DT,25 DKOL 36х1.5 (28) (45)(Г),4,25,17,2,1,1,false,false,
2529,20441-36-16T,25 DKOL 36х2 (28) (45)(Г),4,25,23,2,1,1,false,false,
2530,20441-39-16,25 DKOL 39х2 (30) (45)(Г),4,25,29,2,1,1,false,false,
2531,20441-39-16T,25 DKOL 39х2 (30) (45)(Г),4,25,29,2,1,1,false,false,
2532,20441-42-16,25 DKOL 42х2 (33) (45)(Г),4,25,22,2,1,1,false,false,
2533,20441-42-16T,25 DKOL 42х2 (33) (45)(Г),4,25,22,2,1,1,false,false,
2534,20441-42-20,32 DKOL 42х2 (33) (45)(Г),4,32,22,2,1,1,false,false,
2535,20441-42-20T,32 DKOL 42х2 (33) (45)(Г),4,32,22,2,1,1,false,false,
2536,20441-45-12,20 DKОL 45х2 (35) (45)(Г),4,20,25,2,1,1,false,false,
2537,20441-45-12T,20 DKОL 45х2 (35) (45)(Г),4,20,25,2,1,1,false,false,
2538,20441-45-16,25 DKOL 45х2 (35) (45)(Г),4,25,25,2,1,1,false,false,
2539,20441-45-16T,25 DKOL 45х2 (35) (45)(Г),4,25,25,2,1,1,false,false,
2540,20441-45-20,32 DKOL 45х2 (35) (45)(Г),4,32,25,2,1,1,false,false,
2541,20441-45-20T,32 DKOL 45х2 (35) (45)(Г),4,32,25,2,1,1,false,false,
2542,20441-45-24,38 DKOL 45х2 (35) (45)(Г),4,38,25,2,1,1,false,false,
2543,20441-45-24T,38 DKOL 45х2 (35) (45)(Г),4,38,25,2,1,1,false,false,
2544,20441-52-20,32 DKOL 52х2 (42) (45)(Г),4,32,24,2,1,1,false,false,
2545,20441-52-20T,32 DKOL 52х2 (42) (45)(Г),4,32,24,2,1,1,false,false,
2546,20441-52-24,38 DKOL 52х2 (42) (45)(Г),4,38,24,2,1,1,false,false,
2547,20441-52-24T,38 DKOL 52х2 (42) (45)(Г),4,38,24,2,1,1,false,false,
2548,20442-16-08D,"12 DKOL 16х1,5 (10) (45)(Г) ",4,12,6,2,1,2,false,false,
2549,20442-18-08,"12 DKOL 18х1,5 (12) (45)(Г)",4,12,7,2,1,2,false,false,
2550,20442-18-08T,"12 DKOL 18х1,5 (12) (45)(Г)",4,12,7,2,1,2,false,false,
2551,20442-20-08,"12 DKOL 20х1,5 (14) (45)(Г)",4,12,8,2,1,2,false,false,
2552,20442-20-08T,"12 DKOL 20х1,5 (14) (45)(Г)",4,12,8,2,1,2,false,false,
2553,20442-22-08,"12 DKOL 22х1,5 (15) (45)(Г)",4,12,9,2,1,2,false,false,
2554,20442-22-08T,"12 DKOL 22х1,5 (15) (45)(Г)",4,12,9,2,1,2,false,false,
2555,20442-22-10,"16 DKOL 22х1,5 (15) (45)(Г)",4,16,9,2,1,2,false,false,
2556,20442-22-10T,"16 DKOL 22х1,5 (15) (45)(Г)",4,16,9,2,1,2,false,false,
2557,20442-24-08,"12 DKOL 24х1,5 (18) (45)(Г)",4,12,10,2,1,2,false,false,
2558,20442-24-08T,"12 DKOL 24х1,5 (18) (45)(Г)",4,12,10,2,1,2,false,false,
2559,20442-26-08D,"12 DKОL 26х1,5 (18) (45)(Г)",4,12,11,2,1,2,false,false,
2560,20442-26-08DT,"12 DKОL 26х1,5 (18) (45)(Г)",4,12,11,2,1,2,false,false,
2561,20442-26-10D,"16 DKOL 26х1,5 (18) (45)(Г)",4,16,11,2,1,2,false,false,
2562,20442-26-10DT,"16 DKOL 26х1,5 (18) (45)(Г)",4,16,11,2,1,2,false,false,
2563,20442-26-12D,"20 DKOL 26х1,5 (18) (45)(Г)",4,20,11,2,1,2,false,false,
2564,20442-26-12DT,"20 DKOL 26х1,5 (18) (45)(Г)",4,20,11,2,1,2,false,false,
2565,20442-27-08DT,"12 DKOL 27х1,5 (18) (45)(Г)",4,12,12,2,1,2,false,false,
2566,20442-27-10,16 DKOL 27х2 (18) (45)(Г),4,16,27,2,1,2,false,false,
2567,20442-27-10D,"16 DKOL 27х1,5 (18) (45)(Г)",4,16,12,2,1,2,false,false,
2568,20442-27-10DT,"16 DKOL 27х1,5 (18) (45)(Г)",4,16,12,2,1,2,false,false,
2569,20442-27-10T,16 DKOL 27х2 (18) (45)(Г),4,16,27,2,1,2,false,false,
2570,20442-30-10,16 DKOL 30х2 (22) (45)(Г),4,16,14,2,1,2,false,false,
2571,20442-30-10D,"16 DKOL 30х1,5 (22) (45)(Г)",4,16,13,2,1,2,false,false,
2572,20442-30-10DT,"16 DKOL 30х1,5 (22) (45)(Г)",4,16,13,2,1,2,false,false,
2573,20442-30-10T,16 DKOL 30х2 (22) (45)(Г),4,16,14,2,1,2,false,false,
2574,20442-30-12,20 DKOL 30х2 (22) (45)(Г),4,20,14,2,1,2,false,false,
2575,20442-30-12D,"20 DKOL 30х1,5 (22) (45)(Г)",4,20,13,2,1,2,false,false,
2576,20442-30-12DT,"20 DKOL 30х1,5 (22) (45)(Г)",4,20,13,2,1,2,false,false,
2577,20442-30-12T,20 DKOL 30х2 (22) (45)(Г),4,20,14,2,1,2,false,false,
2578,20442-30-16,25 DKOL 30х2 (22) (45)(Г),4,25,14,2,1,2,false,false,
2579,20442-30-16T,25 DKOL 30х2 (22) (45)(Г),4,25,14,2,1,2,false,false,
2580,20442-33-12,20 DKOL 33х2 (25) (45)(Г),4,20,16,2,1,2,false,false,
2581,20442-33-12T,20 DKOL 33х2 (25) (45)(Г),4,20,16,2,1,2,false,false,
2582,20442-33-16,25 DKOL 33х2 (25) (45)(Г),4,25,16,2,1,2,false,false,
2583,20442-33-16T,25 DKOL 33х2 (25) (45)(Г),4,25,16,2,1,2,false,false,
2584,20442-36-10,16 DKOL 36х2 (28) (45)(Г),4,16,23,2,1,2,false,false,
2585,20442-36-10T,16 DKOL 36х2 (28) (45)(Г),4,16,23,2,1,2,false,false,
2586,20442-36-12,20 DKОL 36х2 (28) (45)(Г),4,20,23,2,1,2,false,false,
2587,20442-36-12D,"20 DKОL 36х1,5 (28) (45)(Г)",4,20,17,2,1,2,false,false,
2588,20442-36-12DT,"20 DKОL 36х1,5 (28) (45)(Г)",4,20,17,2,1,2,false,false,
2589,20442-36-12T,20 DKОL 36х2 (28) (45)(Г),4,20,23,2,1,2,false,false,
2590,20442-36-16,25 DKOL 36х2 (28) (45)(Г),4,25,23,2,1,2,false,false,
2591,20442-36-16D,25 DKOL 36х1.5 (28) (45)(Г),4,25,17,2,1,2,false,false,
2592,20442-36-16DT,25 DKOL 36х1.5 (28) (45)(Г),4,25,17,2,1,2,false,false,
2593,20442-36-16T,25 DKOL 36х2 (28) (45)(Г),4,25,23,2,1,2,false,false,
2594,20442-39-16,25 DKOL 39х2 (30) (45)(Г),4,25,29,2,1,2,false,false,
2595,20442-39-16T,25 DKOL 39х2 (30) (45)(Г),4,25,29,2,1,2,false,false,
2596,20442-42-16,25 DKOL 42х2 (33) (45)(Г),4,25,22,2,1,2,false,false,
2597,20442-42-16T,25 DKOL 42х2 (33) (45)(Г),4,25,22,2,1,2,false,false,
2598,20442-42-20,32 DKOL 42х2 (33) (45)(Г),4,32,22,2,1,2,false,false,
2599,20442-42-20T,32 DKOL 42х2 (33) (45)(Г),4,32,22,2,1,2,false,false,
2600,20442-45-12,20 DKОL 45х2 (35) (45)(Г),4,20,25,2,1,2,false,false,
2601,20442-45-12T,20 DKОL 45х2 (35) (45)(Г),4,20,25,2,1,2,false,false,
2602,20442-45-16,25 DKOL 45х2 (35) (45)(Г),4,25,25,2,1,2,false,false,
2603,20442-45-16T,25 DKOL 45х2 (35) (45)(Г),4,25,25,2,1,2,false,false,
2604,20442-45-20,32 DKOL 45х2 (35) (45)(Г),4,32,25,2,1,2,false,false,
2605,20442-45-20T,32 DKOL 45х2 (35) (45)(Г),4,32,25,2,1,2,false,false,
2606,20442-45-24,38 DKOL 45х2 (35) (45)(Г),4,38,25,2,1,2,false,false,
2607,20442-45-24T,38 DKOL 45х2 (35) (45)(Г),4,38,25,2,1,2,false,false,
2608,20442-52-20,32 DKOL 52х2 (42) (45)(Г),4,32,24,2,1,2,false,false,
2609,20442-52-20T,32 DKOL 52х2 (42) (45)(Г),4,32,24,2,1,2,false,false,
2610,20442-52-24,38 DKOL 52х2 (42) (45)(Г),4,38,24,2,1,2,false,false,
2611,20442-52-24T,38 DKOL 52х2 (42) (45)(Г),4,38,24,2,1,2,false,false,
2612,20491-10-03,05 DKOL 10х1 (6) (90)(Г),4,5,1,3,1,1,false,false,
2613,20491-10-03T,05 DKOL 10х1 (6) (90)(Г),4,5,1,3,1,1,false,false,
2614,20491-12-02DT,"04 DKOL 12х1,5 (6) (90)(Г)",4,4,3,3,1,1,false,false,
2615,20491-12-03D,"05 DKOL 12х1,5 (6) (90)(Г)",4,5,3,3,1,1,false,false,
2616,20491-12-03DT,"05 DKOL 12х1,5 (6) (90)(Г)",4,5,3,3,1,1,false,false,
2617,20491-12-04,06 DKOL 12х1 (6) (90)(Г),4,6,21,3,1,1,false,false,
2618,20491-12-04D,"06 DKOL 12х1,5 (6) (90)(Г)",4,6,3,3,1,1,false,false,
2619,20491-12-04DT,"06 DKOL 12х1,5 (6) (90)(Г)",4,6,3,3,1,1,false,false,
2620,20491-12(1.25)-04 A,"06 DKOL 12х1,25 (6) (90)(Г)",4,6,34,3,1,1,false,false,
2621,20491-14-04D,"06 DKОL 14х1,5 (8) (90)(Г)",4,6,4,3,1,1,false,false,
2622,20491-14-04DT,"06 DKОL 14х1,5 (8) (90)(Г)",4,6,4,3,1,1,false,false,
2623,20491-14-05D,"08 DKОL 14х1,5 (8) (90)(Г)",4,8,4,3,1,1,false,false,
2624,20491-14-05DT,"08 DKОL 14х1,5 (8) (90)(Г)",4,8,4,3,1,1,false,false,
2625,20491-14-06D,"10 DKOL 14х1,5 (8) (90)(Г)",4,10,4,3,1,1,false,false,
2626,20491-14-06DT,"10 DKOL 14х1,5 (8) (90)(Г)",4,10,4,3,1,1,false,false,
2627,20491-16-04D,"06 DKОL 16х1,5 (10) (90)(Г)",4,6,6,3,1,1,false,false,
2628,20491-16-04DT,"06 DKОL 16х1,5 (10) (90)(Г)",4,6,6,3,1,1,false,false,
2629,20491-16-05D,"08 DKОL 16х1,5 (10) (90)(Г)",4,8,6,3,1,1,false,false,
2630,20491-16-05DT,"08 DKОL 16х1,5 (10) (90)(Г)",4,8,6,3,1,1,false,false,
2631,20491-16-06D,"10 DKOL 16х1,5 (10) (90)(Г)",4,10,6,3,1,1,false,false,
2632,20491-16-06DT,"10 DKOL 16х1,5 (10) (90)(Г)",4,10,6,3,1,1,false,false,
2633,20491-16-08D,"12 DKOL 16х1,5 (10) (90)(Г)",4,12,6,3,1,1,false,false,
2634,20491-16-08DT,"12 DKOL 16х1,5 (10) (90)(Г)",4,12,6,3,1,1,false,false,
2635,20491-18-04,"06 DKОL 18х1,5 (12) (90)(Г)",4,6,7,3,1,1,false,false,
2636,20491-18-04T,"06 DKОL 18х1,5 (12) (90)(Г)",4,6,7,3,1,1,false,false,
2637,20491-18-05,"08 DKОL 18х1,5 (12) (90)(Г)",4,8,7,3,1,1,false,false,
2638,20491-18-05T,"08 DKОL 18х1,5 (12) (90)(Г)",4,8,7,3,1,1,false,false,
2639,20491-18-06,"10 DKOL 18х1,5 (12) (90)(Г)",4,10,7,3,1,1,false,false,
2640,20491-18-06T,"10 DKOL 18х1,5 (12) (90)(Г)",4,10,7,3,1,1,false,false,
2641,20491-18-08,"12 DKOL 18х1,5 (12) (90)(Г)",4,12,7,3,1,1,false,false,
2642,20491-18-08T,"12 DKOL 18х1,5 (12) (90)(Г)",4,12,7,3,1,1,false,false,
2643,20491-20-04,"06 DKОL 20х1,5 (14) (90)(Г)",4,6,8,3,1,1,false,false,
2644,20491-20-04T,"06 DKОL 20х1,5 (14) (90)(Г)",4,6,8,3,1,1,false,false,
2645,20491-20-05,"08 DKОL 20х1,5 (14) (90)(Г)",4,8,8,3,1,1,false,false,
2646,20491-20-05T,"08 DKОL 20х1,5 (14) (90)(Г)",4,8,8,3,1,1,false,false,
2647,20491-20-06,"10 DKOL 20х1,5 (14) (90)(Г)",4,10,8,3,1,1,false,false,
2648,20491-20-06T,"10 DKOL 20х1,5 (14) (90)(Г)",4,10,8,3,1,1,false,false,
2649,20491-20-08,"12 DKOL 20х1,5 (14) (90)(Г)",4,12,8,3,1,1,false,false,
2650,20491-20-08T,"12 DKOL 20х1,5 (14) (90)(Г)",4,12,8,3,1,1,false,false,
2651,20491-22-04,"06 DKОL 22х1,5 (15) (90)(Г)",4,6,9,3,1,1,false,false,
2652,20491-22-04T,"06 DKОL 22х1,5 (15) (90)(Г)",4,6,9,3,1,1,false,false,
2653,20491-22-05,"08 DKОL 22х1,5 (15) (90)(Г)",4,8,9,3,1,1,false,false,
2654,20491-22-05T,"08 DKОL 22х1,5 (15) (90)(Г)",4,8,9,3,1,1,false,false,
2655,20491-22-06,"10 DKOL 22х1,5 (15) (90)(Г)",4,10,9,3,1,1,false,false,
2656,20491-22-06T,"10 DKOL 22х1,5 (15) (90)(Г)",4,10,9,3,1,1,false,false,
2657,20491-22-08,"12 DKOL 22х1,5 (15) (90)(Г)",4,12,9,3,1,1,false,false,
2658,20491-22-08T,"12 DKOL 22х1,5 (15) (90)(Г)",4,12,9,3,1,1,false,false,
2659,20491-22-10,"16 DKOL 22х1,5 (15) (90)(Г)",4,16,9,3,1,1,false,false,
2660,20491-22-10T,"16 DKOL 22х1,5 (15) (90)(Г)",4,16,9,3,1,1,false,false,
2661,20491-24-08,"12 DKOL 24х1,5 (18) (90)(Г)",4,12,10,3,1,1,false,false,
2662,20491-24-08T,"12 DKOL 24х1,5 (18) (90)(Г)",4,12,10,3,1,1,false,false,
2663,20491-26-08D,"12 DKОL 26х1,5 (18) (90)(Г)",4,12,11,3,1,1,false,false,
2664,20491-26-08DT,"12 DKОL 26х1,5 (18) (90)(Г)",4,12,11,3,1,1,false,false,
2665,20491-26-10D,"16 DKOL 26х1,5 (18) (90)(Г)",4,16,11,3,1,1,false,false,
2666,20491-26-10DT,"16 DKOL 26х1,5 (18) (90)(Г)",4,16,11,3,1,1,false,false,
2667,20491-26-12D,"20 DKOL 26х1,5 (18) (90)(Г)",4,20,11,3,1,1,false,false,
2668,20491-26-12DT,"20 DKOL 26х1,5 (18) (90)(Г)",4,20,11,3,1,1,false,false,
2669,20491-27-08DT,"12 DKOL 27х1,5 (18) (90)(Г)",4,12,12,3,1,1,false,false,
2670,20491-27-10,16 DKOL 27х2 (18) (90)(Г),4,16,27,3,1,1,false,false,
2671,20491-27-10D,"16 DKOL 27х1,5 (18) (90)(Г)",4,16,12,3,1,1,false,false,
2672,20491-27-10DT,"16 DKOL 27х1,5 (18) (90)(Г)",4,16,12,3,1,1,false,false,
2673,20491-27-10T,16 DKOL 27х2 (18) (90)(Г),4,16,27,3,1,1,false,false,
2674,20491-27-12D,"20 DKOL 27х1,5 (18) (90)(Г)",4,20,12,3,1,1,false,false,
2675,20491-30-10,16 DKOL 30х2 (22) (90)(Г),4,16,14,3,1,1,false,false,
2676,20491-30-10D,"16 DKOL 30х1,5 (22) (90)(Г)",4,16,13,3,1,1,false,false,
2677,20491-30-10DT,"16 DKOL 30х1,5 (22) (90)(Г)",4,16,13,3,1,1,false,false,
2678,20491-30-10T,16 DKOL 30х2 (22) (90)(Г),4,16,14,3,1,1,false,false,
2679,20491-30-12,20 DKOL 30х2 (22) (90)(Г),4,20,14,3,1,1,false,false,
2680,20491-30-12D,"20 DKOL 30х1,5 (22) (90)(Г)",4,20,13,3,1,1,false,false,
2681,20491-30-12DT,"20 DKOL 30х1,5 (22) (90)(Г)",4,20,13,3,1,1,false,false,
2682,20491-30-12T,20 DKOL 30х2 (22) (90)(Г),4,20,14,3,1,1,false,false,
2683,20491-30-16,25 DKOL 30х2 (22) (90)(Г),4,25,14,3,1,1,false,false,
2684,20491-30-16T,25 DKOL 30х2 (22) (90)(Г),4,25,14,3,1,1,false,false,
2685,20491-33-12,20 DKOL 33х2 (25) (90)(Г),4,20,16,3,1,1,false,false,
2686,20491-33-12T,20 DKOL 33х2 (25) (90)(Г),4,20,16,3,1,1,false,false,
2687,20491-33-16,25 DKOL 33х2 (25) (90)(Г),4,25,16,3,1,1,false,false,
2688,20491-33-16T,25 DKOL 33х2 (25) (90)(Г),4,25,16,3,1,1,false,false,
2689,20491-36-10,16 DKOL 36х2 (28) (90)(Г),4,16,23,3,1,1,false,false,
2690,20491-36-10T,16 DKOL 36х2 (28) (90)(Г),4,16,23,3,1,1,false,false,
2691,20491-36-12,20 DKОL 36х2 (28) (90)(Г),4,20,23,3,1,1,false,false,
2692,20491-36-12D,"20 DKОL 36х1,5 (28) (90)(Г)",4,20,17,3,1,1,false,false,
2693,20491-36-12DT,"20 DKОL 36х1,5 (28) (90)(Г)",4,20,17,3,1,1,false,false,
2694,20491-36-12T,20 DKОL 36х2 (28) (90)(Г),4,20,23,3,1,1,false,false,
2695,20491-36-16,25 DKOL 36х2 (28) (90)(Г),4,25,23,3,1,1,false,false,
2696,20491-36-16D,25 DKOL 36х1.5 (28) (90)(Г),4,25,17,3,1,1,false,false,
2697,20491-36-16DT,25 DKOL 36х1.5 (28) (90)(Г),4,25,17,3,1,1,false,false,
2698,20491-36-16T,25 DKOL 36х2 (28) (90)(Г),4,25,23,3,1,1,false,false,
2699,20491-39-16,25 DKOL 39х2 (30) (90)(Г),4,25,29,3,1,1,false,false,
2700,20491-39-16T,25 DKOL 39х2 (30) (90)(Г),4,25,29,3,1,1,false,false,
2701,20491-42-16,25 DKOL 42х2 (33) (90)(Г),4,25,22,3,1,1,false,false,
2702,20491-42-16T,25 DKOL 42х2 (33) (90)(Г),4,25,22,3,1,1,false,false,
2703,20491-42-20,32 DKOL 42х2 (33) (90)(Г),4,32,22,3,1,1,false,false,
2704,20491-42-20T,32 DKOL 42х2 (33) (90)(Г),4,32,22,3,1,1,false,false,
2705,20491-45-12,20 DKОL 45х2 (35) (90)(Г),4,20,25,3,1,1,false,false,
2706,20491-45-12T,20 DKОL 45х2 (35) (90)(Г),4,20,25,3,1,1,false,false,
2707,20491-45-16,25 DKOL 45х2 (35) (90)(Г),4,25,25,3,1,1,false,false,
2708,20491-45-16T,25 DKOL 45х2 (35) (90)(Г),4,25,25,3,1,1,false,false,
2709,20491-45-20,32 DKOL 45х2 (35) (90)(Г),4,32,25,3,1,1,false,false,
2710,20491-45-20T,32 DKOL 45х2 (35) (90)(Г),4,32,25,3,1,1,false,false,
2711,20491-45-24,38 DKOL 45х2 (35) (90)(Г),4,38,25,3,1,1,false,false,
2712,20491-45-24T,38 DKOL 45х2 (35) (90)(Г),4,38,25,3,1,1,false,false,
2713,20491-52-20,32 DKOL 52х2 (42) (90)(Г),4,32,24,3,1,1,false,false,
2714,20491-52-20T,32 DKOL 52х2 (42) (90)(Г),4,32,24,3,1,1,false,false,
2715,20491-52-24,38 DKOL 52х2 (42) (90)(Г),4,38,24,3,1,1,false,false,
2716,20491-52-24T,38 DKOL 52х2 (42) (90)(Г),4,38,24,3,1,1,false,false,
2717,20492-18-08,"12 DKOL 18х1,5 (12) (90)(Г)",4,12,7,3,1,2,false,false,
2718,20492-18-08T,"12 DKOL 18х1,5 (12) (90)(Г)",4,12,7,3,1,2,false,false,
2719,20492-20-08,"12 DKOL 20х1,5 (14) (90)(Г)",4,12,8,3,1,2,false,false,
2720,20492-20-08T,"12 DKOL 20х1,5 (14) (90)(Г)",4,12,8,3,1,2,false,false,
2721,20492-22-08,"12 DKOL 22х1,5 (15) (90)(Г)",4,12,9,3,1,2,false,false,
2722,20492-22-08T,"12 DKOL 22х1,5 (15) (90)(Г)",4,12,9,3,1,2,false,false,
2723,20492-22-10,"16 DKOL 22х1,5 (15) (90)(Г)",4,16,9,3,1,2,false,false,
2724,20492-22-10T,"16 DKOL 22х1,5 (15) (90)(Г)",4,16,9,3,1,2,false,false,
2725,20492-24-08,"12 DKOL 24х1,5 (18) (90)(Г)",4,12,10,3,1,2,false,false,
2726,20492-24-08T,"12 DKOL 24х1,5 (18) (90)(Г)",4,12,10,3,1,2,false,false,
2727,20492-26-08D,"12 DKОL 26х1,5 (18) (90)(Г)",4,12,11,3,1,2,false,false,
2728,20492-26-08DT,"12 DKОL 26х1,5 (18) (90)(Г)",4,12,11,3,1,2,false,false,
2729,20492-26-10D,"16 DKOL 26х1,5 (18) (90)(Г)",4,16,11,3,1,2,false,false,
2730,20492-26-10DT,"16 DKOL 26х1,5 (18) (90)(Г)",4,16,11,3,1,2,false,false,
2731,20492-26-12D,"20 DKOL 26х1,5 (18) (90)(Г)",4,20,11,3,1,2,false,false,
2732,20492-26-12DT,"20 DKOL 26х1,5 (18) (90)(Г)",4,20,11,3,1,2,false,false,
2733,20492-27-08DT,"12 DKOL 27х1,5 (18) (90)(Г)",4,12,12,3,1,2,false,false,
2734,20492-27-10,16 DKOL 27х2 (18) (90)(Г),4,16,27,3,1,2,false,false,
2735,20492-27-10D,"16 DKOL 27х1,5 (18) (90)(Г)",4,16,12,3,1,2,false,false,
2736,20492-27-10DT,"16 DKOL 27х1,5 (18) (90)(Г)",4,16,12,3,1,2,false,false,
2737,20492-27-10T,16 DKOL 27х2 (18) (90)(Г),4,16,27,3,1,2,false,false,
2738,20492-27-12D,"20 DKOL 27х1,5 (18) (90)(Г)",4,20,12,3,1,2,false,false,
2739,20492-30-10,16 DKOL 30х2 (22) (90)(Г),4,16,14,3,1,2,false,false,
2740,20492-30-10D,"16 DKOL 30х1,5 (22) (90)(Г)",4,16,13,3,1,2,false,false,
2741,20492-30-10DT,"16 DKOL 30х1,5 (22) (90)(Г)",4,16,13,3,1,2,false,false,
2742,20492-30-10T,16 DKOL 30х2 (22) (90)(Г),4,16,14,3,1,2,false,false,
2743,20492-30-12,20 DKOL 30х2 (22) (90)(Г),4,20,14,3,1,2,false,false,
2744,20492-30-12D,"20 DKOL 30х1,5 (22) (90)(Г)",4,20,13,3,1,2,false,false,
2745,20492-30-12DT,"20 DKOL 30х1,5 (22) (90)(Г)",4,20,13,3,1,2,false,false,
2746,20492-30-12T,20 DKOL 30х2 (22) (90)(Г),4,20,14,3,1,2,false,false,
2747,20492-30-16,25 DKOL 30х2 (22) (90)(Г),4,25,14,3,1,2,false,false,
2748,20492-30-16T,25 DKOL 30х2 (22) (90)(Г),4,25,14,3,1,2,false,false,
2749,20492-33-12,20 DKOL 33х2 (25) (90)(Г),4,20,16,3,1,2,false,false,
2750,20492-33-12T,20 DKOL 33х2 (25) (90)(Г),4,20,16,3,1,2,false,false,
2751,20492-33-16,25 DKOL 33х2 (25) (90)(Г),4,25,16,3,1,2,false,false,
2752,20492-33-16T,25 DKOL 33х2 (25) (90)(Г),4,25,16,3,1,2,false,false,
2753,20492-36-10,16 DKOL 36х2 (28) (90)(Г),4,16,23,3,1,2,false,false,
2754,20492-36-10T,16 DKOL 36х2 (28) (90)(Г),4,16,23,3,1,2,false,false,
2755,20492-36-12,20 DKОL 36х2 (28) (90)(Г),4,20,23,3,1,2,false,false,
2756,20492-36-12D,"20 DKОL 36х1,5 (28) (90)(Г)",4,20,17,3,1,2,false,false,
2757,20492-36-12DT,"20 DKОL 36х1,5 (28) (90)(Г)",4,20,17,3,1,2,false,false,
2758,20492-36-12T,20 DKОL 36х2 (28) (90)(Г),4,20,23,3,1,2,false,false,
2759,20492-36-16,25 DKOL 36х2 (28) (90)(Г),4,25,23,3,1,2,false,false,
2760,20492-36-16D,25 DKOL 36х1.5 (28) (90)(Г),4,25,17,3,1,2,false,false,
2761,20492-36-16DT,25 DKOL 36х1.5 (28) (90)(Г),4,25,17,3,1,2,false,false,
2762,20492-36-16T,25 DKOL 36х2 (28) (90)(Г),4,25,23,3,1,2,false,false,
2763,20492-39-16,25 DKOL 39х2 (30) (90)(Г),4,25,29,3,1,2,false,false,
2764,20492-39-16T,25 DKOL 39х2 (30) (90)(Г),4,25,29,3,1,2,false,false,
2765,20492-42-16,25 DKOL 42х2 (33) (90)(Г),4,25,22,3,1,2,false,false,
2766,20492-42-16T,25 DKOL 42х2 (33) (90)(Г),4,25,22,3,1,2,false,false,
2767,20492-42-20,32 DKOL 42х2 (33) (90)(Г),4,32,22,3,1,2,false,false,
2768,20492-42-20T,32 DKOL 42х2 (33) (90)(Г),4,32,22,3,1,2,false,false,
2769,20492-45-12,20 DKОL 45х2 (35) (90)(Г),4,20,25,3,1,2,false,false,
2770,20492-45-12T,20 DKОL 45х2 (35) (90)(Г),4,20,25,3,1,2,false,false,
2771,20492-45-16,25 DKOL 45х2 (35) (90)(Г),4,25,25,3,1,2,false,false,
2772,20492-45-16T,25 DKOL 45х2 (35) (90)(Г),4,25,25,3,1,2,false,false,
2773,20492-45-20,32 DKOL 45х2 (35) (90)(Г),4,32,25,3,1,2,false,false,
2774,20492-45-20T,32 DKOL 45х2 (35) (90)(Г),4,32,25,3,1,2,false,false,
2775,20492-45-24,38 DKOL 45х2 (35) (90)(Г),4,38,25,3,1,2,false,false,
2776,20492-45-24T,38 DKOL 45х2 (35) (90)(Г),4,38,25,3,1,2,false,false,
2777,20492-52-20,32 DKOL 52х2 (42) (90)(Г),4,32,24,3,1,2,false,false,
2778,20492-52-20T,32 DKOL 52х2 (42) (90)(Г),4,32,24,3,1,2,false,false,
2779,20492-52-24,38 DKOL 52х2 (42) (90)(Г),4,38,24,3,1,2,false,false,
2780,20492-52-24T,38 DKOL 52х2 (42) (90)(Г),4,38,24,3,1,2,false,false,
2781,10511-14-03D,"05 DKOS 14х1,5 (6) (Ш)",5,5,4,1,2,1,false,false,
2782,10511-14-04D S14,"06 DKОS 14х1,5 (6) (Ш) S=14",5,6,4,1,2,1,false,false,14
2783,10511-14-05D,"08 DKOS 14х1,5 (6) (Ш)",5,8,4,1,2,1,false,false,
2784,10511-14-06D,"10 DKOS 14х1,5 (6) (Ш)",5,10,4,1,2,1,false,false,
2785,10511-16-04D S17,"06 DKОS 16х1,5 (8) (Ш) S=17",5,6,6,1,2,1,false,false,17
2786,10511-16-05D S17,"08 DKOS 16х1,5 (8) (Ш) S=17",5,8,6,1,2,1,false,false,17
2787,10511-16-06D S17,"10 DKOS 16х1,5 (8) (Ш) S=17",5,10,6,1,2,1,false,false,17
2788,10511-18-04 S19,"06 DKОS 18х1,5 (10) (Ш) S=19",5,6,7,1,2,1,false,false,19
2789,10511-18-05 S19,"08 DKОS 18х1,5 (10) (Ш) S=19",5,8,7,1,2,1,false,false,19
2790,10511-18-06 S19,"10 DKOS 18х1,5 (10) (Ш) S=19",5,10,7,1,2,1,false,false,19
2791,10511-20-04,"06 DKОS 20х1,5 (12) (Ш)",5,6,8,1,2,1,false,false,
2792,10511-20-05 S22,"08 DKOS 20х1,5 (12) (Ш) S=22",5,8,8,1,2,1,false,false,22
2793,10511-20-05 S22 A,"08 DKOS 20х1,5 (12) (Ш) S=22",5,8,8,1,2,1,false,false,22
2794,10511-20-06 S22,"10 DKOS 20х1,5 (12) (Ш) S=22",5,10,8,1,2,1,false,false,22
2795,10511-20-08 S22,"12 DKOS 20х1,5 (12) (Ш) S=22",5,12,8,1,2,1,false,false,22
2796,10511-22-05,"08 DKOS 22х1,5 (14) (Ш)",5,8,9,1,2,1,false,false,
2797,10511-22-06 S24,"10 DKOS 22х1,5 (14) (Ш) S=24",5,10,9,1,2,1,false,false,24
2798,10511-22-08 S24,"12 DKOS 22х1,5 (14) (Ш) S=24",5,12,9,1,2,1,false,false,24
2799,10511-24-06,"10 DKOS 24х1,5 (16) (Ш)",5,10,10,1,2,1,false,false,
2800,10511-24-06 A,"10 DKOS 24х1,5 (16) (Ш) ",5,10,10,1,2,1,false,false,
2801,10511-24-08 S24/27,"12 DKОS 24х1,5 (16) (Ш) S=24, 27",5,12,10,1,2,1,false,false,"24, 27"
2802,10511-24-10,"16 DKОS 24х1,5 (16) (Ш)",5,16,10,1,2,1,false,false,
2803,10511-30-10,16 DKОS 30х2 (20) (Ш),5,16,14,1,2,1,false,false,
2804,10511-30-10D,"16 DKОS 30х1,5 (20) (Ш)",5,16,13,1,2,1,false,false,
2805,10511-30-12,20 DKOS 30х2 (20) (Ш),5,20,14,1,2,1,false,false,
2806,10511-30-12D,"20 DKOS 30х1,5 (20) (Ш)",5,20,13,1,2,1,false,false,
2807,10511-33-12,20 DKOS 33х2 (22) (Ш),5,20,16,1,2,1,false,false,
2808,10511-36-12,20 DKOS 36х2 (25) (Ш),5,20,23,1,2,1,false,false,
2809,10511-36-16,25 DKOS 36х2 (25) (Ш),5,25,23,1,2,1,false,false,
2810,10511-36-16D,"25 DKOS 36х1,5 (25) (Ш)",5,25,17,1,2,1,false,false,
2811,10511-42-12,20 DKOS 42х2 (30) (Ш) ,5,20,22,1,2,1,false,false,
2812,10511-42-16,25 DKOS 42х2 (30) (Ш),5,25,22,1,2,1,false,false,
2813,10511-42-16 S46,25 DKOS 42х2 (30) (Ш) S=46,5,25,22,1,2,1,false,false,46
2814,10511-42-20,32 DKOS 42х2 (30) (Ш),5,32,22,1,2,1,false,false,
2815,10511-52-16 S55,25 DKOS 52х2 (38) (Ш) S=55,5,25,24,1,2,1,false,false,55
2816,10511-52-20 S55,32 DKOS 52х2 (38) (Ш) S=55,5,32,24,1,2,1,false,false,55
2817,10511-52-24 S55,38 DKOS 52х2 (38) (Ш) S=55,5,38,24,1,2,1,false,false,55
2818,10511A-14-04D,"06 DKОS 14х1,5 (6) (Ш) S=19",5,6,4,1,2,1,true,false,19
2819,10511A-16-04D,"06 DKОS 16х1,5 (8) (Ш)",5,6,6,1,2,1,true,false,
2820,10511A-16-05D,"08 DKOS 16х1,5 (8) (Ш)",5,8,6,1,2,1,true,false,
2821,10511A-16-06D,"10 DKOS 16х1,5 (8) (Ш)",5,10,6,1,2,1,true,false,
2822,10511A-18-04,"06 DKОS 18х1,5 (10) (Ш)",5,6,7,1,2,1,true,false,
2823,10511A-18-05,"08 DKОS 18х1,5 (10) (Ш)",5,8,7,1,2,1,true,false,
2824,10511A-18-05 A,"08 DKОS 18х1,5 (10) (Ш)",5,8,7,1,2,1,true,false,
2825,10511A-18-06,"10 DKOS 18х1,5 (10) (Ш)",5,10,7,1,2,1,true,false,
2826,10511A-20-05,"08 DKOS 20х1,5 (12) (Ш)",5,8,8,1,2,1,true,false,
2827,10511A-20-06,"10 DKOS 20х1,5 (12) (Ш)",5,10,8,1,2,1,true,false,
2828,10511A-20-06 A,"10 DKOS 20х1,5 (12) (Ш)",5,10,8,1,2,1,true,false,
2829,10511A-20-08,"12 DKOS 20х1,5 (12) (Ш)",5,12,8,1,2,1,true,false,
2830,10511A-22-06,"10 DKOS 22х1,5 (14) (Ш)",5,10,9,1,2,1,true,false,
2831,10511A-22-08,"12 DKOS 22х1,5 (14) (Ш)",5,12,9,1,2,1,true,false,
2832,10511A-24-08,"12 DKОS 24х1,5 (16) (Ш)",5,12,10,1,2,1,true,false,
2833,10511A-36-12,20 DKOS 36х2 (25) (Ш) S=41,5,20,23,1,2,1,true,false,41
2834,10511A-36-16,25 DKOS 36х2 (25) (Ш) S=41,5,25,23,1,2,1,true,false,41
2835,10511A-42-16,25 DKOS 42х2 (30) (Ш) S=50,5,25,22,1,2,1,true,false,50
2836,10511A-52-16,25 DKOS 52х2 (38) (Ш),5,25,24,1,2,1,true,false,
2837,10511A-52-20,32 DKOS 52х2 (38) (Ш),5,32,24,1,2,1,true,false,
2838,10511A-52-24,38 DKOS 52х2 (38) (Ш),5,38,24,1,2,1,true,false,
2839,10512-20-08 S22,"12 DKOS 20х1,5 (12) (Ш) S=22",5,12,8,1,2,2,false,false,22
2840,10512-22-08 S24,"12 DKOS 22х1,5 (14) (Ш) S=24",5,12,9,1,2,2,false,false,24
2841,10512-24-08 S24/27,"12 DKОS 24х1,5 (16) (Ш) S=24, 27",5,12,10,1,2,2,false,false,"24, 27"
2842,10512-24-10,"16 DKОS 24х1,5 (16) (Ш)",5,16,10,1,2,2,false,false,
2843,10512-30-08 A,12 DKOS 30х2 (20) (Ш),5,12,14,1,2,2,false,false,
2844,10512-30-10,16 DKОS 30х2 (20) (Ш),5,16,14,1,2,2,false,false,
2845,10512-30-10 A,16 DKОS 30х2 (20) (Ш),5,16,14,1,2,2,false,false,
2846,10512-30-10D,"16 DKОS 30х1,5 (20) (Ш)",5,16,13,1,2,2,false,false,
2847,10512-30-12,20 DKOS 30х2 (20) (Ш),5,20,14,1,2,2,false,false,
2848,10512-30-12 A,20 DKOS 30х2 (20) (Ш),5,20,14,1,2,2,false,false,
2849,10512-30-12D,"20 DKOS 30х1,5 (20) (Ш)",5,20,13,1,2,2,false,false,
2850,10512-33-12,20 DKOS 33х2 (22) (Ш),5,20,16,1,2,2,false,false,
2851,10512-36-12,20 DKOS 36х2 (25) (Ш),5,20,23,1,2,2,false,false,
2852,10512-36-16,25 DKOS 36х2 (25) (Ш),5,25,23,1,2,2,false,false,
2853,10512-36-16D,"25 DKOS 36х1,5 (25) (Ш)",5,25,17,1,2,2,false,false,
2854,10512-42-12,20 DKOS 42х2 (30) (Ш) ,5,20,22,1,2,2,false,false,
2855,10512-42-12 A,20 DKOS 42х2 (30) (Ш),5,20,22,1,2,2,false,false,
2856,10512-42-16,25 DKOS 42х2 (30) (Ш),5,25,22,1,2,2,false,false,
2857,10512-42-16 S46,25 DKOS 42х2 (30) (Ш) S=46,5,25,22,1,2,2,false,false,46
2858,10512-42-16 S46 A,25 DKOS 42х2 (30) (Ш) S=46,5,25,22,1,2,2,false,false,46
2859,10512-42-20,32 DKOS 42х2 (30) (Ш),5,32,22,1,2,2,false,false,
2860,10512-52-16 S55,25 DKOS 52х2 (38) (Ш) S=55,5,25,24,1,2,2,false,false,55
2861,10512-52-20 S55,32 DKOS 52х2 (38) (Ш) S=55,5,32,24,1,2,2,false,false,55
2862,10512-52-24 S55,38 DKOS 52х2 (38) (Ш) S=55,5,38,24,1,2,2,false,false,55
2863,10512-52-32,50 DKOS 52х2 (38) (Ш),5,50,24,1,2,2,false,false,
2864,10512A-20-08,"12 DKOS 20х1,5 (12) (Ш)",5,12,8,1,2,2,true,false,
2865,10512A-22-08,"12 DKOS 22х1,5 (14) (Ш)",5,12,9,1,2,2,true,false,
2866,10512A-24-08,"12 DKОS 24х1,5 (16) (Ш)",5,12,10,1,2,2,true,false,
2867,10512A-36-12,20 DKOS 36х2 (25) (Ш) S=41,5,20,23,1,2,2,true,false,41
2868,10512A-36-16,25 DKOS 36х2 (25) (Ш) S=41,5,25,23,1,2,2,true,false,41
2869,10512A-42-16,25 DKOS 42х2 (30) (Ш) S=50,5,25,22,1,2,2,true,false,50
2870,10512A-52-16,25 DKOS 52х2 (38) (Ш),5,25,24,1,2,2,true,false,
2871,10512A-52-20,32 DKOS 52х2 (38) (Ш),5,32,24,1,2,2,true,false,
2872,10512A-52-24,38 DKOS 52х2 (38) (Ш),5,38,24,1,2,2,true,false,
2873,10513-52-20,32 DKOS 52х2 (38) (Ш) Interlock,5,32,24,1,2,3,false,false,
2874,20511-12-06D A,"10 DKOS 12х1,5 (4) (0)(Г)",5,10,3,1,1,1,false,false,
2875,20511-14-03D,"05 DKOS 14х1,5 (6) (0)(Г)",5,5,4,1,1,1,false,false,
2876,20511-14-03DT,"05 DKOS 14х1,5 (6) (0)(Г)",5,5,4,1,1,1,false,false,
2877,20511-14-04D,"06 DKOS 14х1,5 (6) (0)(Г)",5,6,4,1,1,1,false,false,
2878,20511-14-04DT,"06 DKOS 14х1,5 (6) (0)(Г)",5,6,4,1,1,1,false,false,
2879,20511-14-04DT R,"06 DKOS 14х1,5 (6) (0)(Г) РФ",5,6,4,1,1,1,false,false,
2880,20511-14-05D,"08 DKOS 14х1,5 (6) (0)(Г)",5,8,4,1,1,1,false,false,
2881,20511-14-06D,"10 DKOS 14х1,5 (6) (0)(Г)",5,10,4,1,1,1,false,false,
2882,20511-14-06D A,"10 DKOS 14х1,5 (6) (0)(Г)",5,10,4,1,1,1,false,false,
2883,20511-16-04D,"06 DKОS 16х1,5 (8) (0)(Г)",5,6,6,1,1,1,false,false,
2884,20511-16-04DT,"06 DKОS 16х1,5 (8) (0)(Г)",5,6,6,1,1,1,false,false,
2885,20511-16-04DT R,"06 DKОS 16х1,5 (8) (0)(Г) РФ",5,6,6,1,1,1,false,false,
2886,20511-16-05D,"08 DKOS 16х1,5 (8) (0)(Г)",5,8,6,1,1,1,false,false,
2887,20511-16-05DT,"08 DKOS 16х1,5 (8) (0)(Г)",5,8,6,1,1,1,false,false,
2888,20511-16-05DT R,"08 DKOS 16х1,5 (8) (0)(Г) РФ",5,8,6,1,1,1,false,false,
2889,20511-16-06D,"10 DKOS 16х1,5 (8) (0)(Г)",5,10,6,1,1,1,false,false,
2890,20511-16-06DT,"10 DKOS 16х1,5 (8) (0)(Г)",5,10,6,1,1,1,false,false,
2891,20511-18-04,"06 DKОS 18х1,5 (10) (0)(Г)",5,6,7,1,1,1,false,false,
2892,20511-18-04T,"06 DKОS 18х1,5 (10) (0)(Г)",5,6,7,1,1,1,false,false,
2893,20511-18-05,"08 DKОS 18х1,5 (10) (0)(Г)",5,8,7,1,1,1,false,false,
2894,20511-18-05T,"08 DKОS 18х1,5 (10) (0)(Г)",5,8,7,1,1,1,false,false,
2895,20511-18-06,"10 DKOS 18х1,5 (10) (0)(Г)",5,10,7,1,1,1,false,false,
2896,20511-18-06T,"10 DKOS 18х1,5 (10) (0)(Г)",5,10,7,1,1,1,false,false,
2897,20511-18-06T R,"10 DKOS 18х1,5 (10) (0)(Г) РФ",5,10,7,1,1,1,false,false,
2898,20511-20-04,"06 DKОS 20х1,5 (12) (0)(Г)",5,6,8,1,1,1,false,false,
2899,20511-20-04T,"06 DKОS 20х1,5 (12) (0)(Г)",5,6,8,1,1,1,false,false,
2900,20511-20-05,"08 DKOS 20х1,5 (12) (0)(Г)",5,8,8,1,1,1,false,false,
2901,20511-20-05T,"08 DKOS 20х1,5 (12) (0)(Г)",5,8,8,1,1,1,false,false,
2902,20511-20-05T R,"08 DKOS 20х1,5 (12) (0)(Г) РФ",5,8,8,1,1,1,false,false,
2903,20511-20-06,"10 DKOS 20х1,5 (12) (0)(Г)",5,10,8,1,1,1,false,false,
2904,20511-20-06T,"10 DKOS 20х1,5 (12) (0)(Г)",5,10,8,1,1,1,false,false,
2905,20511-20-06T R,"10 DKOS 20х1,5 (12) (0)(Г) РФ",5,10,8,1,1,1,false,false,
2906,20511-20-08,"12 DKOS 20х1,5 (12) (0)(Г)",5,12,8,1,1,1,false,false,
2907,20511-20-08T,"12 DKOS 20х1,5 (12) (0)(Г)",5,12,8,1,1,1,false,false,
2908,20511-22-05,"08 DKOS 22х1,5 (14) (0)(Г)",5,8,9,1,1,1,false,false,
2909,20511-22-05T,"08 DKOS 22х1,5 (14) (0)(Г)",5,8,9,1,1,1,false,false,
2910,20511-22-06,"10 DKOS 22х1,5 (14) (0)(Г)",5,10,9,1,1,1,false,false,
2911,20511-22-06T,"10 DKOS 22х1,5 (14) (0)(Г)",5,10,9,1,1,1,false,false,
2912,20511-22-08,"12 DKOS 22х1,5 (14) (0)(Г)",5,12,9,1,1,1,false,false,
2913,20511-22-08T,"12 DKOS 22х1,5 (14) (0)(Г)",5,12,9,1,1,1,false,false,
2914,20511-24-04T A,"06 DKOS 24х1,5 (16) (0)(Г)",5,6,10,1,1,1,false,false,
2915,20511-24-05T A,"08 DKOS 24х1,5 (16) (0)(Г)",5,8,10,1,1,1,false,false,
2916,20511-24-06,"10 DKOS 24х1,5 (16) (0)(Г)",5,10,10,1,1,1,false,false,
2917,20511-24-06T,"10 DKOS 24х1,5 (16) (0)(Г)",5,10,10,1,1,1,false,false,
2918,20511-24-08,"12 DKOS 24х1,5 (16) (0)(Г)",5,12,10,1,1,1,false,false,
2919,20511-24-08T,"12 DKOS 24х1,5 (16) (0)(Г)",5,12,10,1,1,1,false,false,
2920,20511-24-08T R,"12 DKOS 24х1,5 (16) (0)(Г) РФ",5,12,10,1,1,1,false,false,
2921,20511-24-10,"16 DKОS 24х1,5 (16) (0)(Г)",5,16,10,1,1,1,false,false,
2922,20511-24-10T,"16 DKОS 24х1,5 (16) (0)(Г)",5,16,10,1,1,1,false,false,
2923,20511-30-06T A,10 DKOS 30х2 (20) (0)(Г),5,10,14,1,1,1,false,false,
2924,20511-30-08T,12 DKOS 30х2 (20) (0)(Г),5,12,14,1,1,1,false,false,
2925,20511-30-08T A,12 DKOS 30х2 (20) (0)(Г),5,12,14,1,1,1,false,false,
2926,20511-30-10,16 DKOS 30х2 (20) (0)(Г),5,16,14,1,1,1,false,false,
2927,20511-30-10D,"16 DKOS 30х1,5 (20) (0)(Г)",5,16,13,1,1,1,false,false,
2928,20511-30-10DT,"16 DKOS 30х1,5 (20) (0)(Г)",5,16,13,1,1,1,false,false,
2929,20511-30-10T,16 DKOS 30х2 (20) (0)(Г),5,16,14,1,1,1,false,false,
2930,20511-30-12,20 DKOS 30х2 (20) (0)(Г),5,20,14,1,1,1,false,false,
2931,20511-30-12D,"20 DKOS 30х1,5 (20) (0)(Г)",5,20,13,1,1,1,false,false,
2932,20511-30-12DT,"20 DKOS 30х1,5 (20) (0)(Г)",5,20,13,1,1,1,false,false,
2933,20511-30-12T,20 DKOS 30х2 (20) (0)(Г),5,20,14,1,1,1,false,false,
2934,20511-33-12,20 DKOS 33х2 (22) (0)(Г),5,20,16,1,1,1,false,false,
2935,20511-33-12T,20 DKOS 33х2 (22) (0)(Г),5,20,16,1,1,1,false,false,
2936,20511-33-16,25 DKOS 33х2 (22) (0)(Г),5,25,16,1,1,1,false,false,
2937,20511-36-12,20 DKOS 36х2 (25) (0)(Г),5,20,23,1,1,1,false,false,
2938,20511-36-12T,20 DKOS 36х2 (25) (0)(Г),5,20,23,1,1,1,false,false,
2939,20511-36-16,25 DKOS 36х2 (25) (0)(Г),5,25,23,1,1,1,false,false,
2940,20511-36-16D,"25 DKOS 36х1,5 (25) (0)(Г)",5,25,17,1,1,1,false,false,
2941,20511-36-16DT,"25 DKOS 36х1,5 (25) (0)(Г)",5,25,17,1,1,1,false,false,
2942,20511-36-16T,25 DKOS 36х2 (25) (0)(Г),5,25,23,1,1,1,false,false,
2943,20511-36-16T R,25 DKOS 36х2 (25) (0)(Г) РФ,5,25,23,1,1,1,false,false,
2944,20511-42-12,20 DKOS 42х2 (30) (0)(Г),5,20,22,1,1,1,false,false,
2945,20511-42-12T,20 DKOS 42х2 (30) (0)(Г),5,20,22,1,1,1,false,false,
2946,20511-42-16,25 DKOS 42х2 (30) (0)(Г),5,25,22,1,1,1,false,false,
2947,20511-42-16T,25 DKOS 42х2 (30) (0)(Г),5,25,22,1,1,1,false,false,
2948,20511-42-20,32 DKOS 42х2 (30) (0)(Г),5,32,22,1,1,1,false,false,
2949,20511-42-20T,32 DKOS 42х2 (30) (0)(Г),5,32,22,1,1,1,false,false,
2950,20511-52-16,25 DKOS 52х2 (38) (0)(Г),5,25,24,1,1,1,false,false,
2951,20511-52-16T,25 DKOS 52х2 (38) (0)(Г),5,25,24,1,1,1,false,false,
2952,20511-52-20,32 DKOS 52х2 (38) (0)(Г),5,32,24,1,1,1,false,false,
2953,20511-52-20T,32 DKOS 52х2 (38) (0)(Г),5,32,24,1,1,1,false,false,
2954,20511-52-24,38 DKOS 52х2 (38) (0)(Г),5,38,24,1,1,1,false,false,
2955,20511-52-24T,38 DKOS 52х2 (38) (0)(Г),5,38,24,1,1,1,false,false,
2956,20512-20-08,"12 DKOS 20х1,5 (12) (0)(Г)",5,12,8,1,1,2,false,false,
2957,20512-20-08T,"12 DKOS 20х1,5 (12) (0)(Г)",5,12,8,1,1,2,false,false,
2958,20512-20-08T R,"12 DKOS 20х1,5 (12) (0)(Г) РФ",5,12,8,1,1,2,false,false,
2959,20512-22-08,"12 DKOS 22х1,5 (14) (0)(Г)",5,12,9,1,1,2,false,false,
2960,20512-22-08T,"12 DKOS 22х1,5 (14) (0)(Г)",5,12,9,1,1,2,false,false,
2961,20512-22-08T R,"12 DKOS 22х1,5 (14) (0)(Г) РФ",5,12,9,1,1,2,false,false,
2962,20512-24-08,"12 DKOS 24х1,5 (16) (0)(Г)",5,12,10,1,1,2,false,false,
2963,20512-24-08T,"12 DKOS 24х1,5 (16) (0)(Г)",5,12,10,1,1,2,false,false,
2964,20512-24-08T R,"12 DKOS 24х1,5 (16) (0)(Г) РФ",5,12,10,1,1,2,false,false,
2965,20512-24-10,"16 DKОS 24х1,5 (16) (0)(Г)",5,16,10,1,1,2,false,false,
2966,20512-24-10T,"16 DKОS 24х1,5 (16) (0)(Г)",5,16,10,1,1,2,false,false,
2967,20512-24-10T R,"16 DKOS 24х1,5 (16) (0)(Г) РФ",5,16,10,1,1,2,false,false,
2968,20512-30-08T A,12 DKOS 30х2 (20) (0)(Г),5,12,14,1,1,2,false,false,
2969,20512-30-10,16 DKOS 30х2 (20) (0)(Г),5,16,14,1,1,2,false,false,
2970,20512-30-10D,"16 DKOS 30х1,5 (20) (0)(Г)",5,16,13,1,1,2,false,false,
2971,20512-30-10T,16 DKOS 30х2 (20) (0)(Г),5,16,14,1,1,2,false,false,
2972,20512-30-10T R,16 DKOS 30х2 (20) (0)(Г) РФ,5,16,14,1,1,2,false,false,
2973,20512-30-12,20 DKOS 30х2 (20) (0)(Г),5,20,14,1,1,2,false,false,
2974,20512-30-12D,"20 DKOS 30х1,5 (20) (0)(Г)",5,20,13,1,1,2,false,false,
2975,20512-30-12DT,"20 DKOS 30х1,5 (20) (0)(Г)",5,20,13,1,1,2,false,false,
2976,20512-30-12DT A,"20 DKOS 30х1,5 (20) (0)(Г)",5,20,13,1,1,2,false,false,
2977,20512-30-12T,20 DKOS 30х2 (20) (0)(Г),5,20,14,1,1,2,false,false,
2978,20512-30-12T R,20 DKOS 30х2 (20) (0)(Г) РФ,5,20,14,1,1,2,false,false,
2979,20512-33-12,20 DKOS 33х2 (22) (0)(Г),5,20,16,1,1,2,false,false,
2980,20512-33-12T,20 DKOS 33х2 (22) (0)(Г),5,20,16,1,1,2,false,false,
2981,20512-33-16,25 DKOS 33х2 (22) (0)(Г),5,25,16,1,1,2,false,false,
2982,20512-36-08T A,12 DKOS 36х2 (25) (0)(Г),5,12,23,1,1,2,false,false,
2983,20512-36-10T,16 DKOS 36х2 (25) (0)(Г),5,16,23,1,1,2,false,false,
2984,20512-36-10T A,16 DKOS 36х2 (25) (0)(Г),5,16,23,1,1,2,false,false,
2985,20512-36-12,20 DKOS 36х2 (25) (0)(Г),5,20,23,1,1,2,false,false,
2986,20512-36-12T,20 DKOS 36х2 (25) (0)(Г),5,20,23,1,1,2,false,false,
2987,20512-36-12T R,20 DKOS 36х2 (25) (0)(Г) РФ,5,20,23,1,1,2,false,false,
2988,20512-36-16,25 DKOS 36х2 (25) (0)(Г),5,25,23,1,1,2,false,false,
2989,20512-36-16D,"25 DKOS 36х1,5 (25) (0)(Г)",5,25,17,1,1,2,false,false,
2990,20512-36-16DT,"25 DKOS 36х1,5 (25) (0)(Г)",5,25,17,1,1,2,false,false,
2991,20512-36-16T,25 DKOS 36х2 (25) (0)(Г),5,25,23,1,1,2,false,false,
2992,20512-36-16T R,25 DKOS 36х2 (25) (0)(Г) РФ,5,25,23,1,1,2,false,false,
2993,20512-42-12,20 DKOS 42х2 (30) (0)(Г),5,20,22,1,1,2,false,false,
2994,20512-42-12T,20 DKOS 42х2 (30) (0)(Г),5,20,22,1,1,2,false,false,
2995,20512-42-12T R,20 DKOS 42х2 (30) (0)(Г) РФ,5,20,22,1,1,2,false,false,
2996,20512-42-16,25 DKOS 42х2 (30) (0)(Г),5,25,22,1,1,2,false,false,
2997,20512-42-16T,25 DKOS 42х2 (30) (0)(Г),5,25,22,1,1,2,false,false,
2998,20512-42-16T R,25 DKOS 42х2 (30) (0)(Г) РФ,5,25,22,1,1,2,false,false,
2999,20512-42-20,32 DKOS 42х2 (30) (0)(Г),5,32,22,1,1,2,false,false,
3000,20512-42-20T,32 DKOS 42х2 (30) (0)(Г),5,32,22,1,1,2,false,false,
3001,20512-52-16,25 DKOS 52х2 (38) (0)(Г),5,25,24,1,1,2,false,false,
3002,20512-52-16T,25 DKOS 52х2 (38) (0)(Г),5,25,24,1,1,2,false,false,
3003,20512-52-20,32 DKOS 52х2 (38) (0)(Г),5,32,24,1,1,2,false,false,
3004,20512-52-20T,32 DKOS 52х2 (38) (0)(Г),5,32,24,1,1,2,false,false,
3005,20512-52-24,38 DKOS 52х2 (38) (0)(Г),5,38,24,1,1,2,false,false,
3006,20512-52-24T,38 DKOS 52х2 (38) (0)(Г),5,38,24,1,1,2,false,false,
3007,20512-52-32,50 DKOS 52х2 (38) (0)(Г),5,50,24,1,1,2,false,false,
3008,20513-36-12T,20 DKOS 36х2 (25) (0)(Г) Interlock,5,20,23,1,1,3,false,false,
3009,20513-42-16T,25 DKOS 42х2 (30) (0)(Г) Interlock,5,25,22,1,1,3,false,false,
3010,20513-42-20W,32 DKOS 42х2 (30) (0)(Г) Interlock,5,32,22,1,1,3,false,false,
3011,20513-52-20T,32 DKOS 52х2 (38) (0)(Г) Interlock,5,32,24,1,1,3,false,false,
3012,20513-52-20T CS,32 DKOS 52х2 (38) (0)(Г) interlock CS,5,32,24,1,1,3,false,false,
3013,20513-52-24,38 DKOS 52х2 (38) (0)(Г) Interlock,5,38,24,1,1,3,false,false,
3014,20513-52-24T,38 DKOS 52х2 (38) (0)(Г) Interlock,5,38,24,1,1,3,false,false,
3015,20513-52-24T CS,38 DKOS 52х2 (38) (0)(Г) interlock CS,5,38,24,1,1,3,false,false,
3016,20541-14-03D,"05 DKOS 14х1,5 (6) (45)(Г)",5,5,4,2,1,1,false,false,
3017,20541-14-03DT,"05 DKOS 14х1,5 (6) (45)(Г)",5,5,4,2,1,1,false,false,
3018,20541-14-04D,"06 DKOS 14х1,5 (6) (45)(Г)",5,6,4,2,1,1,false,false,
3019,20541-14-04DT,"06 DKOS 14х1,5 (6) (45)(Г)",5,6,4,2,1,1,false,false,
3020,20541-14-05D,"08 DKOS 14х1,5 (6) (45)(Г)",5,8,4,2,1,1,false,false,
3021,20541-14-06D,"10 DKOS 14х1,5 (6) (45)(Г)",5,10,4,2,1,1,false,false,
3022,20541-16-04D,"06 DKОS 16х1,5 (8) (45)(Г)",5,6,6,2,1,1,false,false,
3023,20541-16-04DT,"06 DKОS 16х1,5 (8) (45)(Г)",5,6,6,2,1,1,false,false,
3024,20541-16-05D,"08 DKOS 16х1,5 (8) (45)(Г)",5,8,6,2,1,1,false,false,
3025,20541-16-05DT,"08 DKOS 16х1,5 (8) (45)(Г)",5,8,6,2,1,1,false,false,
3026,20541-16-06D,"10 DKOS 16х1,5 (8) (45)(Г)",5,10,6,2,1,1,false,false,
3027,20541-16-06DT,"10 DKOS 16х1,5 (8) (45)(Г)",5,10,6,2,1,1,false,false,
3028,20541-18-04,"06 DKОS 18х1,5 (10) (45)(Г)",5,6,7,2,1,1,false,false,
3029,20541-18-04T,"06 DKОS 18х1,5 (10) (45)(Г)",5,6,7,2,1,1,false,false,
3030,20541-18-05,"08 DKОS 18х1,5 (10) (45)(Г)",5,8,7,2,1,1,false,false,
3031,20541-18-05T,"08 DKОS 18х1,5 (10) (45)(Г)",5,8,7,2,1,1,false,false,
3032,20541-18-06,"10 DKOS 18х1,5 (10) (45)(Г)",5,10,7,2,1,1,false,false,
3033,20541-18-06T,"10 DKOS 18х1,5 (10) (45)(Г)",5,10,7,2,1,1,false,false,
3034,20541-20-04,"06 DKОS 20х1,5 (12) (45)(Г)",5,6,8,2,1,1,false,false,
3035,20541-20-04T,"06 DKОS 20х1,5 (12) (45)(Г)",5,6,8,2,1,1,false,false,
3036,20541-20-05,"08 DKOS 20х1,5 (12) (45)(Г)",5,8,8,2,1,1,false,false,
3037,20541-20-05T,"08 DKOS 20х1,5 (12) (45)(Г)",5,8,8,2,1,1,false,false,
3038,20541-20-06,"10 DKOS 20х1,5 (12) (45)(Г)",5,10,8,2,1,1,false,false,
3039,20541-20-06T,"10 DKOS 20х1,5 (12) (45)(Г)",5,10,8,2,1,1,false,false,
3040,20541-20-08,"12 DKOS 20х1,5 (12) (45)(Г)",5,12,8,2,1,1,false,false,
3041,20541-20-08T,"12 DKOS 20х1,5 (12) (45)(Г)",5,12,8,2,1,1,false,false,
3042,20541-22-05,"08 DKOS 22х1,5 (14) (45)(Г)",5,8,9,2,1,1,false,false,
3043,20541-22-05T,"08 DKOS 22х1,5 (14) (45)(Г)",5,8,9,2,1,1,false,false,
3044,20541-22-06,"10 DKOS 22х1,5 (14) (45)(Г)",5,10,9,2,1,1,false,false,
3045,20541-22-06T,"10 DKOS 22х1,5 (14) (45)(Г)",5,10,9,2,1,1,false,false,
3046,20541-22-08,"12 DKOS 22х1,5 (14) (45)(Г)",5,12,9,2,1,1,false,false,
3047,20541-22-08T,"12 DKOS 22х1,5 (14) (45)(Г)",5,12,9,2,1,1,false,false,
3048,20541-24-06,"10 DKOS 24х1,5 (16) (45)(Г)",5,10,10,2,1,1,false,false,
3049,20541-24-06T,"10 DKOS 24х1,5 (16) (45)(Г)",5,10,10,2,1,1,false,false,
3050,20541-24-08,"12 DKОS 24х1,5 (16) (45)(Г)",5,12,10,2,1,1,false,false,
3051,20541-24-08T,"12 DKОS 24х1,5 (16) (45)(Г)",5,12,10,2,1,1,false,false,
3052,20541-24-10,"16 DKОS 24х1,5 (16) (45)(Г)",5,16,10,2,1,1,false,false,
3053,20541-24-10T,"16 DKОS 24х1,5 (16) (45)(Г)",5,16,10,2,1,1,false,false,
3054,20541-30-10,16 DKOS 30х2 (20) (45)(Г),5,16,14,2,1,1,false,false,
3055,20541-30-10D,"16 DKOS 30х1,5 (20) (45)(Г)",5,16,13,2,1,1,false,false,
3056,20541-30-10DT,"16 DKOS 30х1,5 (20) (45)(Г)",5,16,13,2,1,1,false,false,
3057,20541-30-10T,16 DKOS 30х2 (20) (45)(Г),5,16,14,2,1,1,false,false,
3058,20541-30-12,20 DKOS 30х2 (20) (45)(Г),5,20,14,2,1,1,false,false,
3059,20541-30-12D,"20 DKOS 30х1,5 (20) (45)(Г)",5,20,13,2,1,1,false,false,
3060,20541-30-12DT,"20 DKOS 30х1,5 (20) (45)(Г)",5,20,13,2,1,1,false,false,
3061,20541-30-12T,20 DKOS 30х2 (20) (45)(Г),5,20,14,2,1,1,false,false,
3062,20541-33-12,20 DKOS 33х2 (22) (45)(Г),5,20,16,2,1,1,false,false,
3063,20541-33-12T,20 DKOS 33х2 (22) (45)(Г),5,20,16,2,1,1,false,false,
3064,20541-36-12,20 DKOS 36х2 (25) (45)(Г),5,20,23,2,1,1,false,false,
3065,20541-36-12T,20 DKOS 36х2 (25) (45)(Г),5,20,23,2,1,1,false,false,
3066,20541-36-16,25 DKOS 36х2 (25) (45)(Г),5,25,23,2,1,1,false,false,
3067,20541-36-16D,"25 DKOS 36х1,5 (25) (45)(Г)",5,25,17,2,1,1,false,false,
3068,20541-36-16DT,"25 DKOS 36х1,5 (25) (45)(Г)",5,25,17,2,1,1,false,false,
3069,20541-36-16T,25 DKOS 36х2 (25) (45)(Г),5,25,23,2,1,1,false,false,
3070,20541-42-12,20 DKOS 42х2 (30) (45)(Г),5,20,22,2,1,1,false,false,
3071,20541-42-12T,20 DKOS 42х2 (30) (45)(Г),5,20,22,2,1,1,false,false,
3072,20541-42-16,25 DKOS 42х2 (30) (45)(Г),5,25,22,2,1,1,false,false,
3073,20541-42-16T,25 DKOS 42х2 (30) (45)(Г),5,25,22,2,1,1,false,false,
3074,20541-42-20,32 DKOS 42х2 (30) (45)(Г),5,32,22,2,1,1,false,false,
3075,20541-42-20T,32 DKOS 42х2 (30) (45)(Г),5,32,22,2,1,1,false,false,
3076,20541-52-16,25 DKOS 52х2 (38) (45)(Г),5,25,24,2,1,1,false,false,
3077,20541-52-16T,25 DKOS 52х2 (38) (45)(Г),5,25,24,2,1,1,false,false,
3078,20541-52-20,32 DKOS 52х2 (38) (45)(Г),5,32,24,2,1,1,false,false,
3079,20541-52-20T,32 DKOS 52х2 (38) (45)(Г),5,32,24,2,1,1,false,false,
3080,20541-52-24,38 DKOS 52х2 (38) (45)(Г),5,38,24,2,1,1,false,false,
3081,20541-52-24T,38 DKOS 52х2 (38) (45)(Г),5,38,24,2,1,1,false,false,
3082,20542-20-08,"12 DKOS 20х1,5 (12) (45)(Г)",5,12,8,2,1,2,false,false,
3083,20542-20-08T,"12 DKOS 20х1,5 (12) (45)(Г)",5,12,8,2,1,2,false,false,
3084,20542-22-08,"12 DKOS 22х1,5 (14) (45)(Г)",5,12,9,2,1,2,false,false,
3085,20542-22-08T,"12 DKOS 22х1,5 (14) (45)(Г)",5,12,9,2,1,2,false,false,
3086,20542-24-08,"12 DKОS 24х1,5 (16) (45)(Г)",5,12,10,2,1,2,false,false,
3087,20542-24-08T,"12 DKОS 24х1,5 (16) (45)(Г)",5,12,10,2,1,2,false,false,
3088,20542-24-10,"16 DKОS 24х1,5 (16) (45)(Г)",5,16,10,2,1,2,false,false,
3089,20542-24-10T,"16 DKОS 24х1,5 (16) (45)(Г)",5,16,10,2,1,2,false,false,
3090,20542-30-10,16 DKOS 30х2 (20) (45)(Г),5,16,14,2,1,2,false,false,
3091,20542-30-10D,"16 DKOS 30х1,5 (20) (45)(Г)",5,16,13,2,1,2,false,false,
3092,20542-30-10DT,"16 DKOS 30х1,5 (20) (45)(Г)",5,16,13,2,1,2,false,false,
3093,20542-30-10T,16 DKOS 30х2 (20) (45)(Г),5,16,14,2,1,2,false,false,
3094,20542-30-12,20 DKOS 30х2 (20) (45)(Г),5,20,14,2,1,2,false,false,
3095,20542-30-12D,"20 DKOS 30х1,5 (20) (45)(Г)",5,20,13,2,1,2,false,false,
3096,20542-30-12DT,"20 DKOS 30х1,5 (20) (45)(Г)",5,20,13,2,1,2,false,false,
3097,20542-30-12T,20 DKOS 30х2 (20) (45)(Г),5,20,14,2,1,2,false,false,
3098,20542-33-12,20 DKOS 33х2 (22) (45)(Г),5,20,16,2,1,2,false,false,
3099,20542-33-12T,20 DKOS 33х2 (22) (45)(Г),5,20,16,2,1,2,false,false,
3100,20542-36-12,20 DKOS 36х2 (25) (45)(Г),5,20,23,2,1,2,false,false,
3101,20542-36-12T,20 DKOS 36х2 (25) (45)(Г),5,20,23,2,1,2,false,false,
3102,20542-36-16,25 DKOS 36х2 (25) (45)(Г),5,25,23,2,1,2,false,false,
3103,20542-36-16D,"25 DKOS 36х1,5 (25) (45)(Г)",5,25,17,2,1,2,false,false,
3104,20542-36-16DT,"25 DKOS 36х1,5 (25) (45)(Г)",5,25,17,2,1,2,false,false,
3105,20542-36-16T,25 DKOS 36х2 (25) (45)(Г),5,25,23,2,1,2,false,false,
3106,20542-42-12,20 DKOS 42х2 (30) (45)(Г),5,20,22,2,1,2,false,false,
3107,20542-42-12T,20 DKOS 42х2 (30) (45)(Г),5,20,22,2,1,2,false,false,
3108,20542-42-16,25 DKOS 42х2 (30) (45)(Г),5,25,22,2,1,2,false,false,
3109,20542-42-16T,25 DKOS 42х2 (30) (45)(Г),5,25,22,2,1,2,false,false,
3110,20542-42-20,32 DKOS 42х2 (30) (45)(Г),5,32,22,2,1,2,false,false,
3111,20542-42-20T,32 DKOS 42х2 (30) (45)(Г),5,32,22,2,1,2,false,false,
3112,20542-52-16,25 DKOS 52х2 (38) (45)(Г),5,25,24,2,1,2,false,false,
3113,20542-52-16T,25 DKOS 52х2 (38) (45)(Г),5,25,24,2,1,2,false,false,
3114,20542-52-20,32 DKOS 52х2 (38) (45)(Г),5,32,24,2,1,2,false,false,
3115,20542-52-20T,32 DKOS 52х2 (38) (45)(Г),5,32,24,2,1,2,false,false,
3116,20542-52-24,38 DKOS 52х2 (38) (45)(Г),5,38,24,2,1,2,false,false,
3117,20542-52-24T,38 DKOS 52х2 (38) (45)(Г),5,38,24,2,1,2,false,false,
3118,20542-52-32,50 DKOS 52х2 (38) (45)(Г),5,50,24,2,1,2,false,false,
3119,20543-36-12T,20 DKOS 36х2 (25) (45)(Г) Interlock,5,20,23,2,1,3,false,false,
3120,20543-42-16T,25 DKOS 42х2 (30) (45)(Г) Interlock,5,25,22,2,1,3,false,false,
3121,20591-14-03D,"05 DKOS 14х1,5 (6) (90)(Г)",5,5,4,3,1,1,false,false,
3122,20591-14-03DT,"05 DKOS 14х1,5 (6) (90)(Г)",5,5,4,3,1,1,false,false,
3123,20591-14-04D,"06 DKOS 14х1,5 (6) (90)(Г)",5,6,4,3,1,1,false,false,
3124,20591-14-04DT,"06 DKOS 14х1,5 (6) (90)(Г)",5,6,4,3,1,1,false,false,
3125,20591-14-05D,"08 DKOS 14х1,5 (6) (90)(Г)",5,8,4,3,1,1,false,false,
3126,20591-14-06D,"10 DKOS 14х1,5 (6) (90)(Г)",5,10,4,3,1,1,false,false,
3127,20591-16-04D,"06 DKОS 16х1,5 (8) (90)(Г)",5,6,6,3,1,1,false,false,
3128,20591-16-04DT,"06 DKОS 16х1,5 (8) (90)(Г)",5,6,6,3,1,1,false,false,
3129,20591-16-05D,"08 DKOS 16х1,5 (8) (90)(Г)",5,8,6,3,1,1,false,false,
3130,20591-16-05DT,"08 DKOS 16х1,5 (8) (90)(Г)",5,8,6,3,1,1,false,false,
3131,20591-16-06D,"10 DKOS 16х1,5 (8) (90)(Г)",5,10,6,3,1,1,false,false,
3132,20591-16-06DT,"10 DKOS 16х1,5 (8) (90)(Г)",5,10,6,3,1,1,false,false,
3133,20591-18-04,"06 DKОS 18х1,5 (10) (90)(Г)",5,6,7,3,1,1,false,false,
3134,20591-18-04T,"06 DKОS 18х1,5 (10) (90)(Г)",5,6,7,3,1,1,false,false,
3135,20591-18-05,"08 DKОS 18х1,5 (10) (90)(Г)",5,8,7,3,1,1,false,false,
3136,20591-18-05T,"08 DKОS 18х1,5 (10) (90)(Г)",5,8,7,3,1,1,false,false,
3137,20591-18-06,"10 DKOS 18х1,5 (10) (90)(Г)",5,10,7,3,1,1,false,false,
3138,20591-18-06T,"10 DKOS 18х1,5 (10) (90)(Г)",5,10,7,3,1,1,false,false,
3139,20591-20-04,"06 DKОS 20х1,5 (12) (90)(Г)",5,6,8,3,1,1,false,false,
3140,20591-20-04T,"06 DKОS 20х1,5 (12) (90)(Г)",5,6,8,3,1,1,false,false,
3141,20591-20-05,"08 DKOS 20х1,5 (12) (90)(Г)",5,8,8,3,1,1,false,false,
3142,20591-20-05T,"08 DKOS 20х1,5 (12) (90)(Г)",5,8,8,3,1,1,false,false,
3143,20591-20-06,"10 DKOS 20х1,5 (12) (90)(Г)",5,10,8,3,1,1,false,false,
3144,20591-20-06T,"10 DKOS 20х1,5 (12) (90)(Г)",5,10,8,3,1,1,false,false,
3145,20591-20-08,"12 DKOS 20х1,5 (12) (90)(Г)",5,12,8,3,1,1,false,false,
3146,20591-20-08T,"12 DKOS 20х1,5 (12) (90)(Г)",5,12,8,3,1,1,false,false,
3147,20591-22-05,"08 DKOS 22х1,5 (14) (90)(Г)",5,8,9,3,1,1,false,false,
3148,20591-22-05T,"08 DKOS 22х1,5 (14) (90)(Г)",5,8,9,3,1,1,false,false,
3149,20591-22-06,"10 DKOS 22х1,5 (14) (90)(Г)",5,10,9,3,1,1,false,false,
3150,20591-22-06T,"10 DKOS 22х1,5 (14) (90)(Г)",5,10,9,3,1,1,false,false,
3151,20591-22-08,"12 DKOS 22х1,5 (14) (90)(Г)",5,12,9,3,1,1,false,false,
3152,20591-22-08T,"12 DKOS 22х1,5 (14) (90)(Г)",5,12,9,3,1,1,false,false,
3153,20591-24-06,"10 DKOS 24х1,5 (16) (90)(Г)",5,10,10,3,1,1,false,false,
3154,20591-24-06T,"10 DKOS 24х1,5 (16) (90)(Г)",5,10,10,3,1,1,false,false,
3155,20591-24-08,"12 DKОS 24х1,5 (16) (90)(Г)",5,12,10,3,1,1,false,false,
3156,20591-24-08T,"12 DKОS 24х1,5 (16) (90)(Г)",5,12,10,3,1,1,false,false,
3157,20591-24-10,"16 DKОS 24х1,5 (16) (90)(Г)",5,16,10,3,1,1,false,false,
3158,20591-24-10T,"16 DKОS 24х1,5 (16) (90)(Г)",5,16,10,3,1,1,false,false,
3159,20591-30-10,16 DKOS 30х2 (20) (90)(Г),5,16,14,3,1,1,false,false,
3160,20591-30-10D,"16 DKOS 30х1,5 (20) (90)(Г)",5,16,13,3,1,1,false,false,
3161,20591-30-10DT,"16 DKOS 30х1,5 (20) (90)(Г)",5,16,13,3,1,1,false,false,
3162,20591-30-10T,16 DKOS 30х2 (20) (90)(Г),5,16,14,3,1,1,false,false,
3163,20591-30-12,20 DKOS 30х2 (20) (90)(Г),5,20,14,3,1,1,false,false,
3164,20591-30-12D,"20 DKOS 30х1,5 (20) (90)(Г)",5,20,13,3,1,1,false,false,
3165,20591-30-12DT,"20 DKOS 30х1,5 (20) (90)(Г)",5,20,13,3,1,1,false,false,
3166,20591-30-12T,20 DKOS 30х2 (20) (90)(Г),5,20,14,3,1,1,false,false,
3167,20591-33-12,20 DKOS 33х2 (22) (90)(Г),5,20,16,3,1,1,false,false,
3168,20591-33-12T,20 DKOS 33х2 (22) (90)(Г),5,20,16,3,1,1,false,false,
3169,20591-36-12,20 DKOS 36х2 (25) (90)(Г),5,20,23,3,1,1,false,false,
3170,20591-36-12T,20 DKOS 36х2 (25) (90)(Г),5,20,23,3,1,1,false,false,
3171,20591-36-16,25 DKOS 36х2 (25) (90)(Г),5,25,23,3,1,1,false,false,
3172,20591-36-16D,"25 DKOS 36х1,5 (25) (90)(Г)",5,25,17,3,1,1,false,false,
3173,20591-36-16DT,"25 DKOS 36х1,5 (25) (90)(Г)",5,25,17,3,1,1,false,false,
3174,20591-36-16T,25 DKOS 36х2 (25) (90)(Г),5,25,23,3,1,1,false,false,
3175,20591-42-12,20 DKOS 42х2 (30) (90)(Г),5,20,22,3,1,1,false,false,
3176,20591-42-12T,20 DKOS 42х2 (30) (90)(Г),5,20,22,3,1,1,false,false,
3177,20591-42-16,25 DKOS 42х2 (30) (90)(Г),5,25,22,3,1,1,false,false,
3178,20591-42-16T,25 DKOS 42х2 (30) (90)(Г),5,25,22,3,1,1,false,false,
3179,20591-42-20,32 DKOS 42х2 (30) (90)(Г),5,32,22,3,1,1,false,false,
3180,20591-42-20T,32 DKOS 42х2 (30) (90)(Г),5,32,22,3,1,1,false,false,
3181,20591-52-16,25 DKOS 52х2 (38) (90)(Г),5,25,24,3,1,1,false,false,
3182,20591-52-16T,25 DKOS 52х2 (38) (90)(Г),5,25,24,3,1,1,false,false,
3183,20591-52-20,32 DKOS 52х2 (38) (90)(Г),5,32,24,3,1,1,false,false,
3184,20591-52-20T,32 DKOS 52х2 (38) (90)(Г),5,32,24,3,1,1,false,false,
3185,20591-52-24,38 DKOS 52х2 (38) (90)(Г),5,38,24,3,1,1,false,false,
3186,20591-52-24T,38 DKOS 52х2 (38) (90)(Г),5,38,24,3,1,1,false,false,
3187,20592-20-08,"12 DKOS 20х1,5 (12) (90)(Г)",5,12,8,3,1,2,false,false,
3188,20592-20-08T,"12 DKOS 20х1,5 (12) (90)(Г)",5,12,8,3,1,2,false,false,
3189,20592-22-08,"12 DKOS 22х1,5 (14) (90)(Г)",5,12,9,3,1,2,false,false,
3190,20592-22-08T,"12 DKOS 22х1,5 (14) (90)(Г)",5,12,9,3,1,2,false,false,
3191,20592-24-08,"12 DKОS 24х1,5 (16) (90)(Г)",5,12,10,3,1,2,false,false,
3192,20592-24-08T,"12 DKОS 24х1,5 (16) (90)(Г)",5,12,10,3,1,2,false,false,
3193,20592-24-10,"16 DKОS 24х1,5 (16) (90)(Г)",5,16,10,3,1,2,false,false,
3194,20592-24-10T,"16 DKОS 24х1,5 (16) (90)(Г)",5,16,10,3,1,2,false,false,
3195,20592-30-10,16 DKOS 30х2 (20) (90)(Г),5,16,14,3,1,2,false,false,
3196,20592-30-10D,"16 DKOS 30х1,5 (20) (90)(Г)",5,16,13,3,1,2,false,false,
3197,20592-30-10DT,"16 DKOS 30х1,5 (20) (90)(Г)",5,16,13,3,1,2,false,false,
3198,20592-30-10T,16 DKOS 30х2 (20) (90)(Г),5,16,14,3,1,2,false,false,
3199,20592-30-12,20 DKOS 30х2 (20) (90)(Г),5,20,14,3,1,2,false,false,
3200,20592-30-12D,"20 DKOS 30х1,5 (20) (90)(Г)",5,20,13,3,1,2,false,false,
3201,20592-30-12DT,"20 DKOS 30х1,5 (20) (90)(Г)",5,20,13,3,1,2,false,false,
3202,20592-30-12T,20 DKOS 30х2 (20) (90)(Г),5,20,14,3,1,2,false,false,
3203,20592-33-12,20 DKOS 33х2 (22) (90)(Г),5,20,16,3,1,2,false,false,
3204,20592-33-12T,20 DKOS 33х2 (22) (90)(Г),5,20,16,3,1,2,false,false,
3205,20592-36-12,20 DKOS 36х2 (25) (90)(Г),5,20,23,3,1,2,false,false,
3206,20592-36-12DT,"20 DKOS 36х1,5 (25) (90)(Г)",5,20,17,3,1,2,false,false,
3207,20592-36-12T,20 DKOS 36х2 (25) (90)(Г),5,20,23,3,1,2,false,false,
3208,20592-36-16,25 DKOS 36х2 (25) (90)(Г),5,25,23,3,1,2,false,false,
3209,20592-36-16D,"25 DKOS 36х1,5 (25) (90)(Г)",5,25,17,3,1,2,false,false,
3210,20592-36-16DT,"25 DKOS 36х1,5 (25) (90)(Г)",5,25,17,3,1,2,false,false,
3211,20592-36-16T,25 DKOS 36х2 (25) (90)(Г),5,25,23,3,1,2,false,false,
3212,20592-42-12,20 DKOS 42х2 (30) (90)(Г),5,20,22,3,1,2,false,false,
3213,20592-42-12T,20 DKOS 42х2 (30) (90)(Г),5,20,22,3,1,2,false,false,
3214,20592-42-16,25 DKOS 42х2 (30) (90)(Г),5,25,22,3,1,2,false,false,
3215,20592-42-16T,25 DKOS 42х2 (30) (90)(Г),5,25,22,3,1,2,false,false,
3216,20592-42-20,32 DKOS 42х2 (30) (90)(Г),5,32,22,3,1,2,false,false,
3217,20592-42-20T,32 DKOS 42х2 (30) (90)(Г),5,32,22,3,1,2,false,false,
3218,20592-52-16,25 DKOS 52х2 (38) (90)(Г),5,25,24,3,1,2,false,false,
3219,20592-52-16T,25 DKOS 52х2 (38) (90)(Г),5,25,24,3,1,2,false,false,
3220,20592-52-20,32 DKOS 52х2 (38) (90)(Г),5,32,24,3,1,2,false,false,
3221,20592-52-20T,32 DKOS 52х2 (38) (90)(Г),5,32,24,3,1,2,false,false,
3222,20592-52-24,38 DKOS 52х2 (38) (90)(Г),5,38,24,3,1,2,false,false,
3223,20592-52-24T,38 DKOS 52х2 (38) (90)(Г),5,38,24,3,1,2,false,false,
3224,20592-52-32,50 DKOS 52х2 (38) (90)(Г),5,50,24,3,1,2,false,false,
3225,20593-30-12T,20 DKOS 30х2 (20) (90)(Г) Interlock,5,20,14,3,1,3,false,false,
3226,20593-36-12T,20 DKOS 36х2 (25) (90)(Г) Interlock,5,20,23,3,1,3,false,false,
3227,20593-42-16T,25 DKOS 42х2 (30) (90)(Г) Interlock,5,25,22,3,1,3,false,false,
3228,20593-52-20T,32 DKOS 52х2 (38) (90)(Г) Interlock,5,32,24,3,1,3,false,false,
3229,20593-52-24,38 DKOS 52х2 (38) (90)(Г) Interlock ,5,38,24,3,1,3,false,false,
3230,20593-52-24T,38 DKOS 52х2 (38) (90)(Г) Interlock,5,38,24,3,1,3,false,false,
3231,16711-04-03,"05 JIC 7/16"" (Ш)",8,5,57,1,2,1,false,false,
3232,16711-04-04,"06 JIC 7/16"" (Ш)",8,6,57,1,2,1,false,false,
3233,16711-04-05,"08 JIC 7/16"" (Ш)",8,8,57,1,2,1,false,false,
3234,16711-04-06,"10 JIC 7/16"" (Ш)",8,10,57,1,2,1,false,false,
3235,16711-05-04,"06 JIC 1/2"" (Ш)",8,6,89,1,2,1,false,false,
3236,16711-05-05,"08 JIC 1/2"" (Ш)",8,8,89,1,2,1,false,false,
3237,16711-05-06,"10 JIC 1/2"" (Ш)",8,10,89,1,2,1,false,false,
3238,16711-06-04,"06 JIC 9/16"" (Ш)",8,6,94,1,2,1,false,false,
3239,16711-06-05,"08 JIC 9/16"" (Ш)",8,8,94,1,2,1,false,false,
3240,16711-06-06,"10 JIC 9/16"" (Ш)",8,10,94,1,2,1,false,false,
3241,16711-06-06 S17,"10 JIC 9/16"" (Ш) S=17",8,10,94,1,2,1,false,false,17
3242,16711-06-08,"12 JIC 9/16"" (Ш)",8,12,94,1,2,1,false,false,
3243,16711-07-05,"08 JIC 5/8"" (Ш)",8,8,93,1,2,1,false,false,
3244,16711-07-06,"10 JIC 5/8"" (Ш)",8,10,93,1,2,1,false,false,
3245,16711-07-08,"12 JIC 5/8"" (Ш)",8,12,93,1,2,1,false,false,
3246,16711-08-05,"08 JIC 3/4"" (Ш)",8,8,58,1,2,1,false,false,
3247,16711-08-06,"10 JIC 3/4"" (Ш)",8,10,58,1,2,1,false,false,
3248,16711-08-08,"12 JIC 3/4"" (Ш)",8,12,58,1,2,1,false,false,
3249,16711-08-10,"16 JIC 3/4"" (Ш)",8,16,58,1,2,1,false,false,
3250,16711-08-12,"20 JIC 3/4"" (Ш)",8,20,58,1,2,1,false,false,
3251,16711-10-06,"10 JIC 7/8"" (Ш)",8,10,59,1,2,1,false,false,
3252,16711-10-08,"12 JIC 7/8"" (Ш)",8,12,59,1,2,1,false,false,
3253,16711-10-10,"16 JIC 7/8"" (Ш)",8,16,59,1,2,1,false,false,
3254,16711-10-10 S24,"16 JIC 7/8"" (Ш) S=24",8,16,59,1,2,1,false,false,24
3255,16711-10-12,"20 JIC 7/8"" (Ш)",8,20,59,1,2,1,false,false,
3256,16711-12-08,"12 JIC 1,1/16"" (Ш)",8,12,67,1,2,1,false,false,
3257,16711-12-10,"16 JIC 1,1/16"" (Ш)",8,16,67,1,2,1,false,false,
3258,16711-12-12,"20 JIC 1,1/16"" (Ш)",8,20,67,1,2,1,false,false,
3259,16711-12-16,"25 JIC 1,1/16"" (Ш)",8,25,67,1,2,1,false,false,
3260,16711-14-10,"16 JIC 1,3/16"" (Ш)",8,16,64,1,2,1,false,false,
3261,16711-14-12,"20 JIC 1,3/16"" (Ш)",8,20,64,1,2,1,false,false,
3262,16711-14-16,"25 JIC 1,3/16"" (Ш)",8,25,64,1,2,1,false,false,
3263,16711-16-12,"20 JIC 1,5/16"" (Ш)",8,20,68,1,2,1,false,false,
3264,16711-16-16,"25 JIC 1,5/16"" (Ш)",8,25,68,1,2,1,false,false,
3265,16711-16-20,"32 JIC 1,5/16"" (Ш)",8,32,68,1,2,1,false,false,
3266,16711-20-16,"25 JIC 1,5/8"" (Ш)",8,25,69,1,2,1,false,false,
3267,16711-20-20,"32 JIC 1,5/8"" (Ш)",8,32,69,1,2,1,false,false,
3268,16711-24-20,"32 JIC 1,7/8"" (Ш)",8,32,70,1,2,1,false,false,
3269,16711-24-24,"38 JIC 1,7/8"" (Ш)",8,38,70,1,2,1,false,false,
3270,16711-32-32,"50 JIC 2,1/2"" (Ш)",8,50,63,1,2,1,false,false,
3271,16712-06-08,"12 JIC 9/16"" (Ш)",8,12,94,1,2,2,false,false,
3272,16712-07-08,"12 JIC 5/8"" (Ш)",8,12,93,1,2,2,false,false,
3273,16712-08-08,"12 JIC 3/4"" (Ш)",8,12,58,1,2,2,false,false,
3274,16712-08-10,"16 JIC 3/4"" (Ш)",8,16,58,1,2,2,false,false,
3275,16712-08-12,"20 JIC 3/4"" (Ш)",8,20,58,1,2,2,false,false,
3276,16712-10-08,"12 JIC 7/8"" (Ш)",8,12,59,1,2,2,false,false,
3277,16712-10-10,"16 JIC 7/8"" (Ш)",8,16,59,1,2,2,false,false,
3278,16712-10-10 S24,"16 JIC 7/8"" (Ш) S=24",8,16,59,1,2,2,false,false,24
3279,16712-10-12,"20 JIC 7/8"" (Ш)",8,20,59,1,2,2,false,false,
3280,16712-12-08,"12 JIC 1,1/16"" (Ш)",8,12,67,1,2,2,false,false,
3281,16712-12-10,"16 JIC 1,1/16"" (Ш)",8,16,67,1,2,2,false,false,
3282,16712-12-12,"20 JIC 1,1/16"" (Ш)",8,20,67,1,2,2,false,false,
3283,16712-12-16,"25 JIC 1,1/16"" (Ш)",8,25,67,1,2,2,false,false,
3284,16712-14-10,"16 JIC 1,3/16"" (Ш)",8,16,64,1,2,2,false,false,
3285,16712-14-12,"20 JIC 1,3/16"" (Ш)",8,20,64,1,2,2,false,false,
3286,16712-14-16,"25 JIC 1,3/16"" (Ш)",8,25,64,1,2,2,false,false,
3287,16712-16-12,"20 JIC 1,5/16"" (Ш)",8,20,68,1,2,2,false,false,
3288,16712-16-16,"25 JIC 1,5/16"" (Ш)",8,25,68,1,2,2,false,false,
3289,16712-16-20,"32 JIC 1,5/16"" (Ш)",8,32,68,1,2,2,false,false,
3290,16712-20-16,"25 JIC 1,5/8"" (Ш)",8,25,69,1,2,2,false,false,
3291,16712-20-20,"32 JIC 1,5/8"" (Ш)",8,32,69,1,2,2,false,false,
3292,16712-24-20,"32 JIC 1,7/8"" (Ш)",8,32,70,1,2,2,false,false,
3293,16712-24-24,"38 JIC 1,7/8"" (Ш)",8,38,70,1,2,2,false,false,
3294,16712-32-32,"50 JIC 2,1/2"" (Ш)",8,50,63,1,2,2,false,false,
3295,16713-16-16,"25 JIC 1,5/16"" (Ш) Interlock",8,25,68,1,2,3,false,false,
3296,26711-04-03,"05 JIC 7/16"" (0)(Г)",8,5,57,1,1,1,false,false,
3297,26711-04-03T,"05 JIC 7/16"" (0)(Г)",8,5,57,1,1,1,false,false,
3298,26711-04-04,"06 JIC 7/16"" (0)(Г)",8,6,57,1,1,1,false,false,
3299,26711-04-04T,"06 JIC 7/16"" (0)(Г)",8,6,57,1,1,1,false,false,
3300,26711-04-05,"08 JIC 7/16"" (0)(Г)",8,8,57,1,1,1,false,false,
3301,26711-04-05T,"08 JIC 7/16"" (0)(Г)",8,8,57,1,1,1,false,false,
3302,26711-04-06,"10 JIC 7/16"" (0)(Г)",8,10,57,1,1,1,false,false,
3303,26711-05-04,"06 JIC 1/2"" (0)(Г)",8,6,89,1,1,1,false,false,
3304,26711-05-04T,"06 JIC 1/2"" (0)(Г)",8,6,89,1,1,1,false,false,
3305,26711-05-05,"08 JIC 1/2"" (0)(Г)",8,8,89,1,1,1,false,false,
3306,26711-05-05T,"08 JIC 1/2"" (0)(Г)",8,8,89,1,1,1,false,false,
3307,26711-05-06,"10 JIC 1/2"" (0)(Г)",8,10,89,1,1,1,false,false,
3308,26711-05-06T,"10 JIC 1/2"" (0)(Г)",8,10,89,1,1,1,false,false,
3309,26711-06-04,"06 JIC 9/16"" (0)(Г)",8,6,94,1,1,1,false,false,
3310,26711-06-04T,"06 JIC 9/16"" (0)(Г)",8,6,94,1,1,1,false,false,
3311,26711-06-05,"08 JIC 9/16"" (0)(Г)",8,8,94,1,1,1,false,false,
3312,26711-06-05T,"08 JIC 9/16"" (0)(Г)",8,8,94,1,1,1,false,false,
3313,26711-06-06,"10 JIC 9/16"" (0)(Г)",8,10,94,1,1,1,false,false,
3314,26711-06-06T,"10 JIC 9/16"" (0)(Г)",8,10,94,1,1,1,false,false,
3315,26711-06-08,"12 JIC 9/16"" (0)(Г)",8,12,94,1,1,1,false,false,
3316,26711-06-08T,"12 JIC 9/16"" (0)(Г)",8,12,94,1,1,1,false,false,
3317,26711-07-05,"08 JIC 5/8"" (0)(Г)",8,8,93,1,1,1,false,false,
3318,26711-07-05T,"08 JIC 5/8"" (0)(Г)",8,8,93,1,1,1,false,false,
3319,26711-07-06,"10 JIC 5/8"" (0)(Г)",8,10,93,1,1,1,false,false,
3320,26711-07-06T,"10 JIC 5/8"" (0)(Г)",8,10,93,1,1,1,false,false,
3321,26711-07-08,"12 JIC 5/8"" (0)(Г)",8,12,93,1,1,1,false,false,
3322,26711-07-08T,"12 JIC 5/8"" (0)(Г)",8,12,93,1,1,1,false,false,
3323,26711-08-05,"08 JIC 3/4"" (0)(Г)",8,8,58,1,1,1,false,false,
3324,26711-08-05T,"08 JIC 3/4"" (0)(Г)",8,8,58,1,1,1,false,false,
3325,26711-08-06,"10 JIC 3/4"" (0)(Г)",8,10,58,1,1,1,false,false,
3326,26711-08-06T,"10 JIC 3/4"" (0)(Г)",8,10,58,1,1,1,false,false,
3327,26711-08-08,"12 JIC 3/4"" (0)(Г)",8,12,58,1,1,1,false,false,
3328,26711-08-08T,"12 JIC 3/4"" (0)(Г)",8,12,58,1,1,1,false,false,
3329,26711-08-10,"16 JIC 3/4"" (0)(Г)",8,16,58,1,1,1,false,false,
3330,26711-08-10T,"16 JIC 3/4"" (0)(Г)",8,16,58,1,1,1,false,false,
3331,26711-08-12,"20 JIC 3/4"" (0)(Г)",8,20,58,1,1,1,false,false,
3332,26711-08-12T,"20 JIC 3/4"" (0)(Г)",8,20,58,1,1,1,false,false,
3333,26711-10-06,"10 JIC 7/8"" (0)(Г)",8,10,59,1,1,1,false,false,
3334,26711-10-06T,"10 JIC 7/8"" (0)(Г)",8,10,59,1,1,1,false,false,
3335,26711-10-08,"12 JIC 7/8"" (0)(Г)",8,12,59,1,1,1,false,false,
3336,26711-10-08T,"12 JIC 7/8"" (0)(Г)",8,12,59,1,1,1,false,false,
3337,26711-10-10,"16 JIC 7/8"" (0)(Г)",8,16,59,1,1,1,false,false,
3338,26711-10-10T,"16 JIC 7/8"" (0)(Г)",8,16,59,1,1,1,false,false,
3339,26711-10-12,"20 JIC 7/8"" (0)(Г)",8,20,59,1,1,1,false,false,
3340,26711-10-12T,"20 JIC 7/8"" (0)(Г)",8,20,59,1,1,1,false,false,
3341,26711-12-08,"12 JIC 1,1/16"" (0)(Г)",8,12,67,1,1,1,false,false,
3342,26711-12-08T,"12 JIC 1,1/16"" (0)(Г)",8,12,67,1,1,1,false,false,
3343,26711-12-10,"16 JIC 1,1/16"" (0)(Г)",8,16,67,1,1,1,false,false,
3344,26711-12-10T,"16 JIC 1,1/16"" (0)(Г)",8,16,67,1,1,1,false,false,
3345,26711-12-12,"20 JIC 1,1/16"" (0)(Г)",8,20,67,1,1,1,false,false,
3346,26711-12-12T,"20 JIC 1,1/16"" (0)(Г)",8,20,67,1,1,1,false,false,
3347,26711-12-16,"25 JIC 1,1/16"" (0)(Г)",8,25,67,1,1,1,false,false,
3348,26711-12-16T,"25 JIC 1,1/16"" (0)(Г)",8,25,67,1,1,1,false,false,
3349,26711-14-10,"16 JIC 1,3/16"" (0)(Г)",8,16,64,1,1,1,false,false,
3350,26711-14-10T,"16 JIC 1,3/16"" (0)(Г)",8,16,64,1,1,1,false,false,
3351,26711-14-12,"20 JIC 1,3/16"" (0)(Г)",8,20,64,1,1,1,false,false,
3352,26711-14-12T,"20 JIC 1,3/16"" (0)(Г)",8,20,64,1,1,1,false,false,
3353,26711-14-16,"25 JIC 1,3/16"" (0)(Г)",8,25,64,1,1,1,false,false,
3354,26711-14-16T,"25 JIC 1,3/16"" (0)(Г)",8,25,64,1,1,1,false,false,
3355,26711-16-12,"20 JIC 1,5/16"" (0)(Г)",8,20,68,1,1,1,false,false,
3356,26711-16-12T,"20 JIC 1,5/16"" (0)(Г)",8,20,68,1,1,1,false,false,
3357,26711-16-16,"25 JIC 1,5/16"" (0)(Г)",8,25,68,1,1,1,false,false,
3358,26711-16-16T,"25 JIC 1,5/16"" (0)(Г)",8,25,68,1,1,1,false,false,
3359,26711-16-20,"32 JIC 1,5/16"" (0)(Г)",8,32,68,1,1,1,false,false,
3360,26711-16-20T,"32 JIC 1,5/16"" (0)(Г)",8,32,68,1,1,1,false,false,
3361,26711-20-16,"25 JIC 1,5/8"" (0)(Г)",8,25,69,1,1,1,false,false,
3362,26711-20-16T,"25 JIC 1,5/8"" (0)(Г)",8,25,69,1,1,1,false,false,
3363,26711-20-20,"32 JIC 1,5/8"" (0)(Г)",8,32,69,1,1,1,false,false,
3364,26711-20-20T,"32 JIC 1,5/8"" (0)(Г)",8,32,69,1,1,1,false,false,
3365,26711-24-20,"32 JIC 1,7/8"" (0)(Г)",8,32,70,1,1,1,false,false,
3366,26711-24-20T,"32 JIC 1,7/8"" (0)(Г)",8,32,70,1,1,1,false,false,
3367,26711-24-24,"38 JIC 1,7/8"" (0)(Г)",8,38,70,1,1,1,false,false,
3368,26711-24-24T,"38 JIC 1,7/8"" (0)(Г)",8,38,70,1,1,1,false,false,
3369,26711-32-32,"50 JIC 2,1/2"" (0)(Г)",8,50,63,1,1,1,false,false,
3370,26711-32-32T,"50 JIC 2,1/2"" (0)(Г)",8,50,63,1,1,1,false,false,
3371,26712-06-08,"12 JIC 9/16"" (0)(Г)",8,12,94,1,1,2,false,false,
3372,26712-06-08T,"12 JIC 9/16"" (0)(Г)",8,12,94,1,1,2,false,false,
3373,26712-07-08,"12 JIC 5/8"" (0)(Г)",8,12,93,1,1,2,false,false,
3374,26712-07-08T,"12 JIC 5/8"" (0)(Г)",8,12,93,1,1,2,false,false,
3375,26712-08-08,"12 JIC 3/4"" (0)(Г)",8,12,58,1,1,2,false,false,
3376,26712-08-08T,"12 JIC 3/4"" (0)(Г)",8,12,58,1,1,2,false,false,
3377,26712-08-10,"16 JIC 3/4"" (0)(Г)",8,16,58,1,1,2,false,false,
3378,26712-08-10T,"16 JIC 3/4"" (0)(Г)",8,16,58,1,1,2,false,false,
3379,26712-08-12,"20 JIC 3/4"" (0)(Г)",8,20,58,1,1,2,false,false,
3380,26712-08-12T,"20 JIC 3/4"" (0)(Г)",8,20,58,1,1,2,false,false,
3381,26712-10-08,"12 JIC 7/8"" (0)(Г)",8,12,59,1,1,2,false,false,
3382,26712-10-08T,"12 JIC 7/8"" (0)(Г)",8,12,59,1,1,2,false,false,
3383,26712-10-10,"16 JIC 7/8"" (0)(Г)",8,16,59,1,1,2,false,false,
3384,26712-10-10T,"16 JIC 7/8"" (0)(Г)",8,16,59,1,1,2,false,false,
3385,26712-10-12,"20 JIC 7/8"" (0)(Г)",8,20,59,1,1,2,false,false,
3386,26712-10-12T,"20 JIC 7/8"" (0)(Г)",8,20,59,1,1,2,false,false,
3387,26712-12-08,"12 JIC 1,1/16"" (0)(Г)",8,12,67,1,1,2,false,false,
3388,26712-12-08T,"12 JIC 1,1/16"" (0)(Г)",8,12,67,1,1,2,false,false,
3389,26712-12-10,"16 JIC 1,1/16"" (0)(Г)",8,16,67,1,1,2,false,false,
3390,26712-12-10T,"16 JIC 1,1/16"" (0)(Г)",8,16,67,1,1,2,false,false,
3391,26712-12-12,"20 JIC 1,1/16"" (0)(Г)",8,20,67,1,1,2,false,false,
3392,26712-12-12T,"20 JIC 1,1/16"" (0)(Г)",8,20,67,1,1,2,false,false,
3393,26712-12-16,"25 JIC 1,1/16"" (0)(Г)",8,25,67,1,1,2,false,false,
3394,26712-12-16T,"25 JIC 1,1/16"" (0)(Г)",8,25,67,1,1,2,false,false,
3395,26712-14-10,"16 JIC 1,3/16"" (0)(Г)",8,16,64,1,1,2,false,false,
3396,26712-14-10T,"16 JIC 1,3/16"" (0)(Г)",8,16,64,1,1,2,false,false,
3397,26712-14-12,"20 JIC 1,3/16"" (0)(Г)",8,20,64,1,1,2,false,false,
3398,26712-14-12T,"20 JIC 1,3/16"" (0)(Г)",8,20,64,1,1,2,false,false,
3399,26712-14-16,"25 JIC 1,3/16"" (0)(Г)",8,25,64,1,1,2,false,false,
3400,26712-14-16T,"25 JIC 1,3/16"" (0)(Г)",8,25,64,1,1,2,false,false,
3401,26712-16-12,"20 JIC 1,5/16"" (0)(Г)",8,20,68,1,1,2,false,false,
3402,26712-16-12T,"20 JIC 1,5/16"" (0)(Г)",8,20,68,1,1,2,false,false,
3403,26712-16-16,"25 JIC 1,5/16"" (0)(Г)",8,25,68,1,1,2,false,false,
3404,26712-16-16T,"25 JIC 1,5/16"" (0)(Г)",8,25,68,1,1,2,false,false,
3405,26712-16-20,"32 JIC 1,5/16"" (0)(Г)",8,32,68,1,1,2,false,false,
3406,26712-16-20T,"32 JIC 1,5/16"" (0)(Г)",8,32,68,1,1,2,false,false,
3407,26712-20-16,"25 JIC 1,5/8"" (0)(Г)",8,25,69,1,1,2,false,false,
3408,26712-20-16T,"25 JIC 1,5/8"" (0)(Г)",8,25,69,1,1,2,false,false,
3409,26712-20-20,"32 JIC 1,5/8"" (0)(Г)",8,32,69,1,1,2,false,false,
3410,26712-20-20T,"32 JIC 1,5/8"" (0)(Г)",8,32,69,1,1,2,false,false,
3411,26712-24-20,"32 JIC 1,7/8"" (0)(Г)",8,32,70,1,1,2,false,false,
3412,26712-24-20T,"32 JIC 1,7/8"" (0)(Г)",8,32,70,1,1,2,false,false,
3413,26712-24-24,"38 JIC 1,7/8"" (0)(Г)",8,38,70,1,1,2,false,false,
3414,26712-24-24T,"38 JIC 1,7/8"" (0)(Г)",8,38,70,1,1,2,false,false,
3415,26712-32-24,"38 JIC 2,1/2"" (0)(Г)",8,38,63,1,1,2,false,false,
3416,26712-32-24T,"38 JIC 2,1/2"" (0)(Г) ",8,38,63,1,1,2,false,false,
3417,26712-32-32,"50 JIC 2,1/2"" (0)(Г)",8,50,63,1,1,2,false,false,
3418,26712-32-32T,"50 JIC 2,1/2"" (0)(Г)",8,50,63,1,1,2,false,false,
3419,26713-20-20,"32 JIC 1,5/8"" (0)(Г) Interlock",8,32,69,1,1,3,false,false,
3420,26741-04-03,"05 JIC 7/16"" (45)(Г)",8,5,57,2,1,1,false,false,
3421,26741-04-03T,"05 JIC 7/16"" (45)(Г)",8,5,57,2,1,1,false,false,
3422,26741-04-04,"06 JIC 7/16"" (45)(Г)",8,6,57,2,1,1,false,false,
3423,26741-04-04T,"06 JIC 7/16"" (45)(Г)",8,6,57,2,1,1,false,false,
3424,26741-04-05,"08 JIC 7/16"" (45)(Г)",8,8,57,2,1,1,false,false,
3425,26741-04-05T,"08 JIC 7/16"" (45)(Г)",8,8,57,2,1,1,false,false,
3426,26741-04-06,"10 JIC 7/16"" (45)(Г)",8,10,57,2,1,1,false,false,
3427,26741-05-04,"06 JIC 1/2"" (45)(Г)",8,6,89,2,1,1,false,false,
3428,26741-05-04T,"06 JIC 1/2"" (45)(Г)",8,6,89,2,1,1,false,false,
3429,26741-05-05,"08 JIC 1/2"" (45)(Г)",8,8,89,2,1,1,false,false,
3430,26741-05-05T,"08 JIC 1/2"" (45)(Г)",8,8,89,2,1,1,false,false,
3431,26741-05-06,"10 JIC 1/2"" (45)(Г)",8,10,89,2,1,1,false,false,
3432,26741-05-06T,"10 JIC 1/2"" (45)(Г)",8,10,89,2,1,1,false,false,
3433,26741-06-04,"06 JIC 9/16"" (45)(Г)",8,6,94,2,1,1,false,false,
3434,26741-06-04T,"06 JIC 9/16"" (45)(Г)",8,6,94,2,1,1,false,false,
3435,26741-06-05,"08 JIC 9/16"" (45)(Г)",8,8,94,2,1,1,false,false,
3436,26741-06-05T,"08 JIC 9/16"" (45)(Г)",8,8,94,2,1,1,false,false,
3437,26741-06-06,"10 JIC 9/16"" (45)(Г)",8,10,94,2,1,1,false,false,
3438,26741-06-06T,"10 JIC 9/16"" (45)(Г)",8,10,94,2,1,1,false,false,
3439,26741-06-08,"12 JIC 9/16"" (45)(Г)",8,12,94,2,1,1,false,false,
3440,26741-06-08T,"12 JIC 9/16"" (45)(Г)",8,12,94,2,1,1,false,false,
3441,26741-07-05,"08 JIC 5/8"" (45)(Г)",8,8,93,2,1,1,false,false,
3442,26741-07-05T,"08 JIC 5/8"" (45)(Г)",8,8,93,2,1,1,false,false,
3443,26741-07-06,"10 JIC 5/8"" (45)(Г)",8,10,93,2,1,1,false,false,
3444,26741-07-06T,"10 JIC 5/8"" (45)(Г)",8,10,93,2,1,1,false,false,
3445,26741-07-08,"12 JIC 5/8"" (45)(Г)",8,12,93,2,1,1,false,false,
3446,26741-07-08T,"12 JIC 5/8"" (45)(Г)",8,12,93,2,1,1,false,false,
3447,26741-08-05,"08 JIC 3/4"" (45)(Г)",8,8,58,2,1,1,false,false,
3448,26741-08-05T,"08 JIC 3/4"" (45)(Г)",8,8,58,2,1,1,false,false,
3449,26741-08-06,"10 JIC 3/4"" (45)(Г)",8,10,58,2,1,1,false,false,
3450,26741-08-06T,"10 JIC 3/4"" (45)(Г)",8,10,58,2,1,1,false,false,
3451,26741-08-08,"12 JIC 3/4"" (45)(Г)",8,12,58,2,1,1,false,false,
3452,26741-08-08T,"12 JIC 3/4"" (45)(Г)",8,12,58,2,1,1,false,false,
3453,26741-08-10,"16 JIC 3/4"" (45)(Г)",8,16,58,2,1,1,false,false,
3454,26741-08-10T,"16 JIC 3/4"" (45)(Г)",8,16,58,2,1,1,false,false,
3455,26741-08-12,"20 JIC 3/4"" (45)(Г)",8,20,58,2,1,1,false,false,
3456,26741-08-12T,"20 JIC 3/4"" (45)(Г)",8,20,58,2,1,1,false,false,
3457,26741-10-06,"10 JIC 7/8"" (45)(Г)",8,10,59,2,1,1,false,false,
3458,26741-10-06T,"10 JIC 7/8"" (45)(Г)",8,10,59,2,1,1,false,false,
3459,26741-10-08,"12 JIC 7/8"" (45)(Г)",8,12,59,2,1,1,false,false,
3460,26741-10-08T,"12 JIC 7/8"" (45)(Г)",8,12,59,2,1,1,false,false,
3461,26741-10-10,"16 JIC 7/8"" (45)(Г)",8,16,59,2,1,1,false,false,
3462,26741-10-10T,"16 JIC 7/8"" (45)(Г)",8,16,59,2,1,1,false,false,
3463,26741-10-12,"20 JIC 7/8"" (45)(Г)",8,20,59,2,1,1,false,false,
3464,26741-10-12T,"20 JIC 7/8"" (45)(Г)",8,20,59,2,1,1,false,false,
3465,26741-12-08,"12 JIC 1,1/16"" (45)(Г)",8,12,67,2,1,1,false,false,
3466,26741-12-08T,"12 JIC 1,1/16"" (45)(Г)",8,12,67,2,1,1,false,false,
3467,26741-12-10,"16 JIC 1,1/16"" (45)(Г)",8,16,67,2,1,1,false,false,
3468,26741-12-10T,"16 JIC 1,1/16"" (45)(Г)",8,16,67,2,1,1,false,false,
3469,26741-12-12,"20 JIC 1,1/16"" (45)(Г)",8,20,67,2,1,1,false,false,
3470,26741-12-12T,"20 JIC 1,1/16"" (45)(Г)",8,20,67,2,1,1,false,false,
3471,26741-12-16,"25 JIC 1,1/16"" (45)(Г)",8,25,67,2,1,1,false,false,
3472,26741-12-16T,"25 JIC 1,1/16"" (45)(Г)",8,25,67,2,1,1,false,false,
3473,26741-14-10,"16 JIC 1,3/16"" (45)(Г)",8,16,64,2,1,1,false,false,
3474,26741-14-10T,"16 JIC 1,3/16"" (45)(Г)",8,16,64,2,1,1,false,false,
3475,26741-14-12,"20 JIC 1,3/16"" (45)(Г)",8,20,64,2,1,1,false,false,
3476,26741-14-12T,"20 JIC 1,3/16"" (45)(Г)",8,20,64,2,1,1,false,false,
3477,26741-14-16,"25 JIC 1,3/16"" (45)(Г)",8,25,64,2,1,1,false,false,
3478,26741-14-16T,"25 JIC 1,3/16"" (45)(Г)",8,25,64,2,1,1,false,false,
3479,26741-16-12,"20 JIC 1,5/16"" (45)(Г)",8,20,68,2,1,1,false,false,
3480,26741-16-12T,"20 JIC 1,5/16"" (45)(Г)",8,20,68,2,1,1,false,false,
3481,26741-16-16,"25 JIC 1,5/16"" (45)(Г)",8,25,68,2,1,1,false,false,
3482,26741-16-16T,"25 JIC 1,5/16"" (45)(Г)",8,25,68,2,1,1,false,false,
3483,26741-16-20,"32 JIC 1,5/16"" (45)(Г)",8,32,68,2,1,1,false,false,
3484,26741-16-20T,"32 JIC 1,5/16"" (45)(Г)",8,32,68,2,1,1,false,false,
3485,26741-20-16,"25 JIC 1,5/8"" (45)(Г)",8,25,69,2,1,1,false,false,
3486,26741-20-16T,"25 JIC 1,5/8"" (45)(Г)",8,25,69,2,1,1,false,false,
3487,26741-20-20,"32 JIC 1,5/8"" (45)(Г)",8,32,69,2,1,1,false,false,
3488,26741-20-20T,"32 JIC 1,5/8"" (45)(Г)",8,32,69,2,1,1,false,false,
3489,26741-24-20,"32 JIC 1,7/8"" (45)(Г)",8,32,70,2,1,1,false,false,
3490,26741-24-20T,"32 JIC 1,7/8"" (45)(Г)",8,32,70,2,1,1,false,false,
3491,26741-24-24,"38 JIC 1,7/8"" (45)(Г)",8,38,70,2,1,1,false,false,
3492,26741-24-24T,"38 JIC 1,7/8"" (45)(Г)",8,38,70,2,1,1,false,false,
3493,26741-32-32,"50 JIC 2,1/2"" (45)(Г)",8,50,63,2,1,1,false,false,
3494,26741-32-32T,"50 JIC 2,1/2"" (45)(Г)",8,50,63,2,1,1,false,false,
3495,26742-06-08,"12 JIC 9/16"" (45)(Г)",8,12,94,2,1,2,false,false,
3496,26742-06-08T,"12 JIC 9/16"" (45)(Г)",8,12,94,2,1,2,false,false,
3497,26742-07-08,"12 JIC 5/8"" (45)(Г)",8,12,93,2,1,2,false,false,
3498,26742-07-08T,"12 JIC 5/8"" (45)(Г)",8,12,93,2,1,2,false,false,
3499,26742-08-08,"12 JIC 3/4"" (45)(Г)",8,12,58,2,1,2,false,false,
3500,26742-08-08T,"12 JIC 3/4"" (45)(Г)",8,12,58,2,1,2,false,false,
3501,26742-08-10,"16 JIC 3/4"" (45)(Г)",8,16,58,2,1,2,false,false,
3502,26742-08-10T,"16 JIC 3/4"" (45)(Г)",8,16,58,2,1,2,false,false,
3503,26742-08-12,"20 JIC 3/4"" (45)(Г)",8,20,58,2,1,2,false,false,
3504,26742-08-12T,"20 JIC 3/4"" (45)(Г)",8,20,58,2,1,2,false,false,
3505,26742-10-08,"12 JIC 7/8"" (45)(Г)",8,12,59,2,1,2,false,false,
3506,26742-10-08T,"12 JIC 7/8"" (45)(Г)",8,12,59,2,1,2,false,false,
3507,26742-10-10,"16 JIC 7/8"" (45)(Г)",8,16,59,2,1,2,false,false,
3508,26742-10-10T,"16 JIC 7/8"" (45)(Г)",8,16,59,2,1,2,false,false,
3509,26742-10-12,"20 JIC 7/8"" (45)(Г)",8,20,59,2,1,2,false,false,
3510,26742-10-12T,"20 JIC 7/8"" (45)(Г)",8,20,59,2,1,2,false,false,
3511,26742-12-08,"12 JIC 1,1/16"" (45)(Г)",8,12,67,2,1,2,false,false,
3512,26742-12-08T,"12 JIC 1,1/16"" (45)(Г)",8,12,67,2,1,2,false,false,
3513,26742-12-10,"16 JIC 1,1/16"" (45)(Г)",8,16,67,2,1,2,false,false,
3514,26742-12-10T,"16 JIC 1,1/16"" (45)(Г)",8,16,67,2,1,2,false,false,
3515,26742-12-12,"20 JIC 1,1/16"" (45)(Г)",8,20,67,2,1,2,false,false,
3516,26742-12-12T,"20 JIC 1,1/16"" (45)(Г)",8,20,67,2,1,2,false,false,
3517,26742-12-16,"25 JIC 1,1/16"" (45)(Г)",8,25,67,2,1,2,false,false,
3518,26742-12-16T,"25 JIC 1,1/16"" (45)(Г)",8,25,67,2,1,2,false,false,
3519,26742-14-10,"16 JIC 1,3/16"" (45)(Г)",8,16,64,2,1,2,false,false,
3520,26742-14-10T,"16 JIC 1,3/16"" (45)(Г)",8,16,64,2,1,2,false,false,
3521,26742-14-12,"20 JIC 1,3/16"" (45)(Г)",8,20,64,2,1,2,false,false,
3522,26742-14-12T,"20 JIC 1,3/16"" (45)(Г)",8,20,64,2,1,2,false,false,
3523,26742-14-16,"25 JIC 1,3/16"" (45)(Г)",8,25,64,2,1,2,false,false,
3524,26742-14-16T,"25 JIC 1,3/16"" (45)(Г)",8,25,64,2,1,2,false,false,
3525,26742-16-12,"20 JIC 1,5/16"" (45)(Г)",8,20,68,2,1,2,false,false,
3526,26742-16-12T,"20 JIC 1,5/16"" (45)(Г)",8,20,68,2,1,2,false,false,
3527,26742-16-16,"25 JIC 1,5/16"" (45)(Г)",8,25,68,2,1,2,false,false,
3528,26742-16-16T,"25 JIC 1,5/16"" (45)(Г)",8,25,68,2,1,2,false,false,
3529,26742-16-20,"32 JIC 1,5/16"" (45)(Г)",8,32,68,2,1,2,false,false,
3530,26742-16-20T,"32 JIC 1,5/16"" (45)(Г)",8,32,68,2,1,2,false,false,
3531,26742-20-16,"25 JIC 1,5/8"" (45)(Г)",8,25,69,2,1,2,false,false,
3532,26742-20-16T,"25 JIC 1,5/8"" (45)(Г)",8,25,69,2,1,2,false,false,
3533,26742-20-20,"32 JIC 1,5/8"" (45)(Г)",8,32,69,2,1,2,false,false,
3534,26742-20-20T,"32 JIC 1,5/8"" (45)(Г)",8,32,69,2,1,2,false,false,
3535,26742-24-20,"32 JIC 1,7/8"" (45)(Г)",8,32,70,2,1,2,false,false,
3536,26742-24-20T,"32 JIC 1,7/8"" (45)(Г)",8,32,70,2,1,2,false,false,
3537,26742-24-24,"38 JIC 1,7/8"" (45)(Г)",8,38,70,2,1,2,false,false,
3538,26742-24-24T,"38 JIC 1,7/8"" (45)(Г)",8,38,70,2,1,2,false,false,
3539,26742-32-32,"50 JIC 2,1/2"" (45)(Г)",8,50,63,2,1,2,false,false,
3540,26742-32-32T,"50 JIC 2,1/2"" (45)(Г)",8,50,63,2,1,2,false,false,
3541,26791-04-03,"05 JIC 7/16"" (90)(Г)",8,5,57,3,1,1,false,false,
3542,26791-04-03T,"05 JIC 7/16"" (90)(Г)",8,5,57,3,1,1,false,false,
3543,26791-04-04,"06 JIC 7/16"" (90)(Г)",8,6,57,3,1,1,false,false,
3544,26791-04-04T,"06 JIC 7/16"" (90)(Г)",8,6,57,3,1,1,false,false,
3545,26791-04-05,"08 JIC 7/16"" (90)(Г)",8,8,57,3,1,1,false,false,
3546,26791-04-05T,"08 JIC 7/16"" (90)(Г)",8,8,57,3,1,1,false,false,
3547,26791-04-06,"10 JIC 7/16"" (90)(Г)",8,10,57,3,1,1,false,false,
3548,26791-05-04,"06 JIC 1/2"" (90)(Г)",8,6,89,3,1,1,false,false,
3549,26791-05-04T,"06 JIC 1/2"" (90)(Г)",8,6,89,3,1,1,false,false,
3550,26791-05-05,"08 JIC 1/2"" (90)(Г)",8,8,89,3,1,1,false,false,
3551,26791-05-05T,"08 JIC 1/2"" (90)(Г)",8,8,89,3,1,1,false,false,
3552,26791-05-06,"10 JIC 1/2"" (90)(Г)",8,10,89,3,1,1,false,false,
3553,26791-05-06T,"10 JIC 1/2"" (90)(Г)",8,10,89,3,1,1,false,false,
3554,26791-06-04,"06 JIC 9/16"" (90)(Г)",8,6,94,3,1,1,false,false,
3555,26791-06-04T,"06 JIC 9/16"" (90)(Г)",8,6,94,3,1,1,false,false,
3556,26791-06-05,"08 JIC 9/16"" (90)(Г)",8,8,94,3,1,1,false,false,
3557,26791-06-05T,"08 JIC 9/16"" (90)(Г)",8,8,94,3,1,1,false,false,
3558,26791-06-06,"10 JIC 9/16"" (90)(Г)",8,10,94,3,1,1,false,false,
3559,26791-06-06T,"10 JIC 9/16"" (90)(Г)",8,10,94,3,1,1,false,false,
3560,26791-06-08,"12 JIC 9/16"" (90)(Г)",8,12,94,3,1,1,false,false,
3561,26791-06-08T,"12 JIC 9/16"" (90)(Г)",8,12,94,3,1,1,false,false,
3562,26791-07-05,"08 JIC 5/8"" (90)(Г)",8,8,93,3,1,1,false,false,
3563,26791-07-05T,"08 JIC 5/8"" (90)(Г)",8,8,93,3,1,1,false,false,
3564,26791-07-06,"10 JIC 5/8"" (90)(Г)",8,10,93,3,1,1,false,false,
3565,26791-07-06T,"10 JIC 5/8"" (90)(Г)",8,10,93,3,1,1,false,false,
3566,26791-07-08,"12 JIC 5/8"" (90)(Г)",8,12,93,3,1,1,false,false,
3567,26791-07-08T,"12 JIC 5/8"" (90)(Г)",8,12,93,3,1,1,false,false,
3568,26791-08-05,"08 JIC 3/4"" (90)(Г)",8,8,58,3,1,1,false,false,
3569,26791-08-05T,"08 JIC 3/4"" (90)(Г)",8,8,58,3,1,1,false,false,
3570,26791-08-06,"10 JIC 3/4"" (90)(Г)",8,10,58,3,1,1,false,false,
3571,26791-08-06T,"10 JIC 3/4"" (90)(Г)",8,10,58,3,1,1,false,false,
3572,26791-08-08,"12 JIC 3/4"" (90)(Г)",8,12,58,3,1,1,false,false,
3573,26791-08-08T,"12 JIC 3/4"" (90)(Г)",8,12,58,3,1,1,false,false,
3574,26791-08-10,"16 JIC 3/4"" (90)(Г)",8,16,58,3,1,1,false,false,
3575,26791-08-10T,"16 JIC 3/4"" (90)(Г)",8,16,58,3,1,1,false,false,
3576,26791-08-12,"20 JIC 3/4"" (90)(Г)",8,20,58,3,1,1,false,false,
3577,26791-08-12T,"20 JIC 3/4"" (90)(Г)",8,20,58,3,1,1,false,false,
3578,26791-10-06,"10 JIC 7/8"" (90)(Г)",8,10,59,3,1,1,false,false,
3579,26791-10-06T,"10 JIC 7/8"" (90)(Г)",8,10,59,3,1,1,false,false,
3580,26791-10-08,"12 JIC 7/8"" (90)(Г)",8,12,59,3,1,1,false,false,
3581,26791-10-08T,"12 JIC 7/8"" (90)(Г)",8,12,59,3,1,1,false,false,
3582,26791-10-10,"16 JIC 7/8"" (90)(Г)",8,16,59,3,1,1,false,false,
3583,26791-10-10T,"16 JIC 7/8"" (90)(Г)",8,16,59,3,1,1,false,false,
3584,26791-10-12,"20 JIC 7/8"" (90)(Г)",8,20,59,3,1,1,false,false,
3585,26791-10-12T,"20 JIC 7/8"" (90)(Г)",8,20,59,3,1,1,false,false,
3586,26791-12-08,"12 JIC 1,1/16"" (90)(Г)",8,12,67,3,1,1,false,false,
3587,26791-12-08T,"12 JIC 1,1/16"" (90)(Г)",8,12,67,3,1,1,false,false,
3588,26791-12-10,"16 JIC 1,1/16"" (90)(Г)",8,16,67,3,1,1,false,false,
3589,26791-12-10T,"16 JIC 1,1/16"" (90)(Г)",8,16,67,3,1,1,false,false,
3590,26791-12-12,"20 JIC 1,1/16"" (90)(Г)",8,20,67,3,1,1,false,false,
3591,26791-12-12T,"20 JIC 1,1/16"" (90)(Г)",8,20,67,3,1,1,false,false,
3592,26791-12-16,"25 JIC 1,1/16"" (90)(Г)",8,25,67,3,1,1,false,false,
3593,26791-12-16T,"25 JIC 1,1/16"" (90)(Г)",8,25,67,3,1,1,false,false,
3594,26791-14-10,"16 JIC 1,3/16"" (90)(Г)",8,16,64,3,1,1,false,false,
3595,26791-14-10T,"16 JIC 1,3/16"" (90)(Г)",8,16,64,3,1,1,false,false,
3596,26791-14-12,"20 JIC 1,3/16"" (90)(Г)",8,20,64,3,1,1,false,false,
3597,26791-14-12T,"20 JIC 1,3/16"" (90)(Г)",8,20,64,3,1,1,false,false,
3598,26791-14-16,"25 JIC 1,3/16"" (90)(Г)",8,25,64,3,1,1,false,false,
3599,26791-14-16T,"25 JIC 1,3/16"" (90)(Г)",8,25,64,3,1,1,false,false,
3600,26791-16-12,"20 JIC 1,5/16"" (90)(Г)",8,20,68,3,1,1,false,false,
3601,26791-16-12T,"20 JIC 1,5/16"" (90)(Г)",8,20,68,3,1,1,false,false,
3602,26791-16-16,"25 JIC 1,5/16"" (90)(Г)",8,25,68,3,1,1,false,false,
3603,26791-16-16T,"25 JIC 1,5/16"" (90)(Г)",8,25,68,3,1,1,false,false,
3604,26791-16-20,"32 JIC 1,5/16"" (90)(Г)",8,32,68,3,1,1,false,false,
3605,26791-16-20T,"32 JIC 1,5/16"" (90)(Г)",8,32,68,3,1,1,false,false,
3606,26791-20-16,"25 JIC 1,5/8"" (90)(Г)",8,25,69,3,1,1,false,false,
3607,26791-20-16T,"25 JIC 1,5/8"" (90)(Г)",8,25,69,3,1,1,false,false,
3608,26791-20-20,"32 JIC 1,5/8"" (90)(Г)",8,32,69,3,1,1,false,false,
3609,26791-20-20T,"32 JIC 1,5/8"" (90)(Г)",8,32,69,3,1,1,false,false,
3610,26791-24-20,"32 JIC 1,7/8"" (90)(Г)",8,32,70,3,1,1,false,false,
3611,26791-24-20T,"32 JIC 1,7/8"" (90)(Г)",8,32,70,3,1,1,false,false,
3612,26791-24-24,"38 JIC 1,7/8"" (90)(Г)",8,38,70,3,1,1,false,false,
3613,26791-24-24T,"38 JIC 1,7/8"" (90)(Г)",8,38,70,3,1,1,false,false,
3614,26791-32-32,"50 JIC 2,1/2"" (90)(Г)",8,50,63,3,1,1,false,false,
3615,26791-32-32T,"50 JIC 2,1/2"" (90)(Г)",8,50,63,3,1,1,false,false,
3616,26792-06-08,"12 JIC 9/16"" (90)(Г)",8,12,94,3,1,2,false,false,
3617,26792-06-08T,"12 JIC 9/16"" (90)(Г)",8,12,94,3,1,2,false,false,
3618,26792-07-08,"12 JIC 5/8"" (90)(Г)",8,12,93,3,1,2,false,false,
3619,26792-07-08T,"12 JIC 5/8"" (90)(Г)",8,12,93,3,1,2,false,false,
3620,26792-08-08,"12 JIC 3/4"" (90)(Г)",8,12,58,3,1,2,false,false,
3621,26792-08-08T,"12 JIC 3/4"" (90)(Г)",8,12,58,3,1,2,false,false,
3622,26792-08-10,16 JIC 3/4'' (90)(Г),8,16,94,3,1,2,false,false,
3623,26792-08-10T,"16 JIC 3/4"" (90)(Г)",8,16,58,3,1,2,false,false,
3624,26792-08-12,"20 JIC 3/4"" (90)(Г)",8,20,58,3,1,2,false,false,
3625,26792-08-12T,"20 JIC 3/4"" (90)(Г)",8,20,58,3,1,2,false,false,
3626,26792-10-08,"12 JIC 7/8"" (90)(Г)",8,12,59,3,1,2,false,false,
3627,26792-10-08T,"12 JIC 7/8"" (90)(Г)",8,12,59,3,1,2,false,false,
3628,26792-10-10,"16 JIC 7/8"" (90)(Г)",8,16,59,3,1,2,false,false,
3629,26792-10-10T,"16 JIC 7/8"" (90)(Г)",8,16,59,3,1,2,false,false,
3630,26792-10-12,"20 JIC 7/8"" (90)(Г)",8,20,59,3,1,2,false,false,
3631,26792-10-12T,"20 JIC 7/8"" (90)(Г)",8,20,59,3,1,2,false,false,
3632,26792-12-08,"12 JIC 1,1/16"" (90)(Г)",8,12,67,3,1,2,false,false,
3633,26792-12-08T,"12 JIC 1,1/16"" (90)(Г)",8,12,67,3,1,2,false,false,
3634,26792-12-10,"16 JIC 1,1/16"" (90)(Г)",8,16,67,3,1,2,false,false,
3635,26792-12-10T,"16 JIC 1,1/16"" (90)(Г)",8,16,67,3,1,2,false,false,
3636,26792-12-12,"20 JIC 1,1/16"" (90)(Г)",8,20,67,3,1,2,false,false,
3637,26792-12-12T,"20 JIC 1,1/16"" (90)(Г)",8,20,67,3,1,2,false,false,
3638,26792-12-16,"25 JIC 1,1/16"" (90)(Г)",8,25,67,3,1,2,false,false,
3639,26792-12-16T,"25 JIC 1,1/16"" (90)(Г)",8,25,67,3,1,2,false,false,
3640,26792-14-10,"16 JIC 1,3/16"" (90)(Г)",8,16,64,3,1,2,false,false,
3641,26792-14-10T,"16 JIC 1,3/16"" (90)(Г)",8,16,64,3,1,2,false,false,
3642,26792-14-12,"20 JIC 1,3/16"" (90)(Г)",8,20,64,3,1,2,false,false,
3643,26792-14-12T,"20 JIC 1,3/16"" (90)(Г)",8,20,64,3,1,2,false,false,
3644,26792-14-16,"25 JIC 1,3/16"" (90)(Г)",8,25,64,3,1,2,false,false,
3645,26792-14-16T,"25 JIC 1,3/16"" (90)(Г)",8,25,64,3,1,2,false,false,
3646,26792-16-12,"20 JIC 1,5/16"" (90)(Г)",8,20,68,3,1,2,false,false,
3647,26792-16-12T,"20 JIC 1,5/16"" (90)(Г)",8,20,68,3,1,2,false,false,
3648,26792-16-16,"25 JIC 1,5/16"" (90)(Г)",8,25,68,3,1,2,false,false,
3649,26792-16-16T,"25 JIC 1,5/16"" (90)(Г)",8,25,68,3,1,2,false,false,
3650,26792-16-20,"32 JIC 1,5/16"" (90)(Г)",8,32,68,3,1,2,false,false,
3651,26792-16-20T,"32 JIC 1,5/16"" (90)(Г)",8,32,68,3,1,2,false,false,
3652,26792-20-16,"25 JIC 1,5/8"" (90)(Г)",8,25,69,3,1,2,false,false,
3653,26792-20-16T,"25 JIC 1,5/8"" (90)(Г)",8,25,69,3,1,2,false,false,
3654,26792-20-20,"32 JIC 1,5/8"" (90)(Г)",8,32,69,3,1,2,false,false,
3655,26792-20-20T,"32 JIC 1,5/8"" (90)(Г)",8,32,69,3,1,2,false,false,
3656,26792-24-20,"32 JIC 1,7/8"" (90)(Г)",8,32,70,3,1,2,false,false,
3657,26792-24-20T,"32 JIC 1,7/8"" (90)(Г)",8,32,70,3,1,2,false,false,
3658,26792-24-24,"38 JIC 1,7/8"" (90)(Г)",8,38,70,3,1,2,false,false,
3659,26792-24-24T,"38 JIC 1,7/8"" (90)(Г)",8,38,70,3,1,2,false,false,
3660,26792-32-32,"50 JIC 2,1/2"" (90)(Г)",8,50,63,3,1,2,false,false,
3661,26792-32-32T,"50 JIC 2,1/2"" (90)(Г)",8,50,63,3,1,2,false,false,
3662,26793-20-20,"32 JIC 1,5/8"" (90)(Г) Interlock",8,32,69,3,1,3,false,false,
3663,19611-02-04,"06 JIS 60гр. 1/8"" (Ш)",7,6,73,1,2,1,false,false,
3664,19611-04-04,"06 JIS 60гр. 1/4"" (Ш)",7,6,61,1,2,1,false,false,
3665,19611-04-05,"08 JIS 60гр. 1/4"" (Ш)",7,8,61,1,2,1,false,false,
3666,19611-06-05,"08 JIS 60гр. 3/8"" (Ш)",7,8,92,1,2,1,false,false,
3667,19611-06-06,"10 JIS 60гр. 3/8"" (Ш) ",7,10,92,1,2,1,false,false,
3668,19611-06-08,"12 JIS 60гр. 3/8"" (Ш)",7,12,92,1,2,1,false,false,
3669,19611-08-08,"12 JIS 60гр. 1/2"" (Ш) ",7,12,89,1,2,1,false,false,
3670,19611-10-10,"16 JIS 60гр. 5/8"" (Ш) ",7,16,93,1,2,1,false,false,
3671,19611-12-12,"20 JIS 60гр. 3/4"" (Ш) ",7,20,58,1,2,1,false,false,
3672,19611-16-16,"25 JIS 60гр. 1"" (Ш) ",7,25,56,1,2,1,false,false,
3673,19611-20-16,"25 JIS 60гр. 1.1/4"" (Ш) ",7,25,60,1,2,1,false,false,
3674,19611-20-20,"32 JIS 60гр. 1.1/4"" (Ш) ",7,32,60,1,2,1,false,false,
3675,19611-24-24,"38 JIS 60гр. 1.1/2"" (Ш)",7,38,61,1,2,1,false,false,
3676,19611-32-32,"50 JIS 60гр. 2"" (Ш)",7,50,62,1,2,1,false,false,
3677,19612-06-08,"12 JIS 60гр. 3/8"" (Ш)",7,12,92,1,2,2,false,false,
3678,19612-08-08,"12 JIS 60гр. 1/2"" (Ш) ",7,12,89,1,2,2,false,false,
3679,19612-10-10,"16 JIS 60гр. 5/8"" (Ш) ",7,16,93,1,2,2,false,false,
3680,19612-12-12,"20 JIS 60гр. 3/4"" (Ш) ",7,20,58,1,2,2,false,false,
3681,19612-16-16,"25 JIS 60гр. 1"" (Ш) ",7,25,56,1,2,2,false,false,
3682,19612-20-16,"25 JIS 60гр. 1.1/4"" (Ш) ",7,25,60,1,2,2,false,false,
3683,19612-20-20,"32 JIS 60гр. 1.1/4"" (Ш) ",7,32,60,1,2,2,false,false,
3684,19612-24-24,"38 JIS 60гр. 1.1/2"" (Ш)",7,38,61,1,2,2,false,false,
3685,19612-32-32,"50 JIS 60гр. 2"" (Ш)",7,50,62,1,2,2,false,false,
3686,29611-02-04,"06 JIS 60гр. 1/8"" (0)(Г)",7,6,73,1,1,1,false,false,
3687,29611-04-04,"06 JIS 60гр. 1/4"" (0)(Г)",7,6,61,1,1,1,false,false,
3688,29611-04-05,"08 JIS 60гр. 1/4"" (0)(Г)",7,8,61,1,1,1,false,false,
3689,29611-06-05,"08 JIS 60гр. 3/8"" (0)(Г)",7,8,92,1,1,1,false,false,
3690,29611-06-06,"10 JIS 60гр. 3/8"" (0)(Г)",7,10,92,1,1,1,false,false,
3691,29611-06-08,"12 JIS 60гр. 3/8"" (0)(Г)",7,12,92,1,1,1,false,false,
3692,29611-08-08,"12 JIS 60гр. 1/2"" (0)(Г) ",7,12,89,1,1,1,false,false,
3693,29611-10-10,"16 JIS 60гр. 5/8"" (0)(Г) ",7,16,93,1,1,1,false,false,
3694,29611-12-12,"20 JIS 60гр. 3/4"" (0)(Г) ",7,20,58,1,1,1,false,false,
3695,29611-16-16,"25 JIS 60гр. 1"" (0)(Г)",7,25,56,1,1,1,false,false,
3696,29611-20-16,"25 JIS 60гр. 1.1/4"" (0)(Г) ",7,25,60,1,1,1,false,false,
3697,29611-20-20,"32 JIS 60гр. 1.1/4"" (0)(Г) ",7,32,60,1,1,1,false,false,
3698,29611-24-24,"38 JIS 60гр. 1.1/2"" (0)(Г) ",7,38,61,1,1,1,false,false,
3699,29611-32-32,"50 JIS 60гр. 2"" (0)(Г)",7,50,62,1,1,1,false,false,
3700,29612-06-08,"12 JIS 60гр. 3/8"" (0)(Г)",7,12,92,1,1,2,false,false,
3701,29612-08-08,"12 JIS 60гр. 1/2"" (0)(Г) ",7,12,89,1,1,2,false,false,
3702,29612-10-10,"16 JIS 60гр. 5/8"" (0)(Г) ",7,16,93,1,1,2,false,false,
3703,29612-12-12,"20 JIS 60гр. 3/4"" (0)(Г) ",7,20,58,1,1,2,false,false,
3704,29612-16-16,"25 JIS 60гр. 1"" (0)(Г)",7,25,56,1,1,2,false,false,
3705,29612-20-16,"25 JIS 60гр. 1.1/4"" (0)(Г) ",7,25,60,1,1,2,false,false,
3706,29612-20-20,"32 JIS 60гр. 1.1/4"" (0)(Г) ",7,32,60,1,1,2,false,false,
3707,29612-24-24,"38 JIS 60гр. 1.1/2"" (0)(Г) ",7,38,61,1,1,2,false,false,
3708,29612-32-32,"50 JIS 60гр. 2"" (0)(Г)",7,50,62,1,1,2,false,false,
3709,29641-02-04,"06 JIS 60гр. 1/8"" (45)(Г)",7,6,73,2,1,1,false,false,
3710,29641-04-04,"06 JIS 60гр. 1/4"" (45)(Г)",7,6,61,2,1,1,false,false,
3711,29641-04-05,"08 JIS 60гр. 1/4"" (45)(Г)",7,8,61,2,1,1,false,false,
3712,29641-06-05,"08 JIS 60гр. 3/8"" (45)(Г)",7,8,92,2,1,1,false,false,
3713,29641-06-06,"10 JIS 60гр. 3/8"" (45)(Г)",7,10,92,2,1,1,false,false,
3714,29641-06-08,"12 JIS 60гр. 3/8"" (45)(Г)",7,12,92,2,1,1,false,false,
3715,29641-08-08,"12 JIS 60гр. 1/2"" (45)(Г) ",7,12,89,2,1,1,false,false,
3716,29641-10-10,"16 JIS 60гр. 5/8"" (45)(Г) ",7,16,93,2,1,1,false,false,
3717,29641-12-12,"20 JIS 60гр. 3/4"" (45)(Г) ",7,20,58,2,1,1,false,false,
3718,29641-16-16,"25 JIS 60гр. 1"" (45)(Г) ",7,25,56,2,1,1,false,false,
3719,29641-20-16,"25 JIS 60гр. 1.1/4"" (45)(Г) ",7,25,60,2,1,1,false,false,
3720,29641-20-20,"32 JIS 60гр. 1.1/4"" (45)(Г) ",7,32,60,2,1,1,false,false,
3721,29641-24-24,"38 JIS 60гр. 1.1/2"" (45)(Г)",7,38,61,2,1,1,false,false,
3722,29641-32-32,"50 JIS 60гр. 2"" (45)(Г)",7,50,62,2,1,1,false,false,
3723,29642-06-08,"12 JIS 60гр. 3/8"" (45)(Г)",7,12,92,2,1,2,false,false,
3724,29642-08-08,"12 JIS 60гр. 1/2"" (45)(Г) ",7,12,89,2,1,2,false,false,
3725,29642-10-10,"16 JIS 60гр. 5/8"" (45)(Г) ",7,16,93,2,1,2,false,false,
3726,29642-12-12,"20 JIS 60гр. 3/4"" (45)(Г) ",7,20,58,2,1,2,false,false,
3727,29642-16-16,"25 JIS 60гр. 1"" (45)(Г) ",7,25,56,2,1,2,false,false,
3728,29642-20-16,"25 JIS 60гр. 1.1/4"" (45)(Г) ",7,25,60,2,1,2,false,false,
3729,29642-20-20,"32 JIS 60гр. 1.1/4"" (45)(Г) ",7,32,60,2,1,2,false,false,
3730,29642-24-24,"38 JIS 60гр. 1.1/2"" (45)(Г)",7,38,61,2,1,2,false,false,
3731,29642-32-32,"50 JIS 60гр. 2"" (45)(Г)",7,50,62,2,1,2,false,false,
3732,29691-02-04,"06 JIS 60гр. 1/8"" (90)(Г)",7,6,73,3,1,1,false,false,
3733,29691-04-04,"06 JIS 60гр. 1/4"" (90)(Г) ",7,6,61,3,1,1,false,false,
3734,29691-04-05,"08 JIS 60гр. 1/4"" (90)(Г)",7,8,61,3,1,1,false,false,
3735,29691-06-05,"08 JIS 60гр. 3/8"" (90)(Г)",7,8,92,3,1,1,false,false,
3736,29691-06-06,"10 JIS 60гр. 3/8"" (90)(Г) ",7,10,92,3,1,1,false,false,
3737,29691-06-08,"12 JIS 60гр. 3/8"" (90)(Г)",7,12,92,3,1,1,false,false,
3738,29691-08-08,"12 JIS 60гр. 1/2"" (90)(Г) ",7,12,89,3,1,1,false,false,
3739,29691-10-10,"16 JIS 60гр. 5/8"" (90)(Г) ",7,16,93,3,1,1,false,false,
3740,29691-12-12,"20 JIS 60гр. 3/4"" (90)(Г) ",7,20,58,3,1,1,false,false,
3741,29691-16-16,"25 JIS 60гр. 1"" (90)(Г) ",7,25,56,3,1,1,false,false,
3742,29691-20-16,"25 JIS 60гр. 1.1/4"" (90)(Г) ",7,25,60,3,1,1,false,false,
3743,29691-20-20,"32 JIS 60гр. 1.1/4"" (90)(Г) ",7,32,60,3,1,1,false,false,
3744,29691-24-24,"38 JIS 60гр. 1.1/2"" (90)(Г)",7,38,61,3,1,1,false,false,
3745,29691-32-32,"50 JIS 60гр. 2"" (90)(Г)",7,50,62,3,1,1,false,false,
3746,29692-06-08,"12 JIS 60гр. 3/8"" (90)(Г)",7,12,92,3,1,2,false,false,
3747,29692-08-08,"12 JIS 60гр. 1/2"" (90)(Г) ",7,12,89,3,1,2,false,false,
3748,29692-10-10,"16 JIS 60гр. 5/8"" (90)(Г) ",7,16,93,3,1,2,false,false,
3749,29692-12-12,"20 JIS 60гр. 3/4"" (90)(Г) ",7,20,58,3,1,2,false,false,
3750,29692-16-16,"25 JIS 60гр. 1"" (90)(Г) ",7,25,56,3,1,2,false,false,
3751,29692-20-16,"25 JIS 60гр. 1.1/4"" (90)(Г) ",7,25,60,3,1,2,false,false,
3752,29692-20-20,"32 JIS 60гр. 1.1/4"" (90)(Г) ",7,32,60,3,1,2,false,false,
3753,29692-24-24,"38 JIS 60гр. 1.1/2"" (90)(Г)",7,38,61,3,1,2,false,false,
3754,29692-32-32,"50 JIS 60гр. 2"" (90)(Г)",7,50,62,3,1,2,false,false,
3755,18611-10-04,06 JIS METRIC 60гр. 10х1 (Ш),7,6,1,1,2,1,false,false,
3756,18611-10-04D,"06 JIS METRIC 60гр. 10х1,5 (Ш)",7,6,2,1,2,1,false,false,
3757,18611-12-04,06 JIS METRIC 60гр. 12х1 (Ш),7,6,21,1,2,1,false,false,
3758,18611-12-04D,"06 JIS METRIC 60гр. 12х1,5 (Ш)",7,6,3,1,2,1,false,false,
3759,18611-12-04D A,"06 JIS METRIC 60гр. 12х1,5 (Ш)",7,6,3,1,2,1,false,false,
3760,18611-12-04D L30 A,"06 JIS METRIC 60гр. 12х1,5 (Ш) L30мм",7,6,3,1,2,1,false,false,
3761,18611-14-04,06 JIS METRIC 60гр. 14х1 (Ш),7,6,32,1,2,1,false,false,
3762,18611-14-04D,"06 JIS METRIC 60гр. 14х1,5 (Ш)",7,6,4,1,2,1,false,false,
3763,18611-14-05D,"08 JIS METRIC 60гр. 14х1,5 (Ш)",7,8,4,1,2,1,false,false,
3764,18611-14-06D,"10 JIS METRIC 60гр. 14х1,5 (Ш) ",7,10,4,1,2,1,false,false,
3765,18611-16-04,06 JIS METRIC 60гр. 16х1 (Ш),7,6,5,1,2,1,false,false,
3766,18611-16-04D,"06 JIS METRIC 60гр. 16х1,5 (Ш)",7,6,6,1,2,1,false,false,
3767,18611-16-05,08 JIS METRIC 60гр. 16х1 (Ш),7,8,5,1,2,1,false,false,
3768,18611-16-05D,"08 JIS METRIC 60гр. 16х1,5 (Ш) ",7,8,6,1,2,1,false,false,
3769,18611-16-06D,"10 JIS METRIC 60гр. 16х1,5 (Ш) ",7,10,6,1,2,1,false,false,
3770,18611-16-08D,"12 JIS METRIC 60гр. 16х1,5 (Ш)",7,12,6,1,2,1,false,false,
3771,18611-18-04,"06 JIS METRIC 60гр. 18х1,5 (Ш)",7,6,7,1,2,1,false,false,
3772,18611-18-05,"08 JIS METRIC 60гр. 18х1,5 (Ш)",7,8,7,1,2,1,false,false,
3773,18611-18-06,"10 JIS METRIC 60гр. 18х1,5 (Ш)",7,10,7,1,2,1,false,false,
3774,18611-18-08,"12 JIS METRIC 60гр. 18х1,5 (Ш) ",7,12,7,1,2,1,false,false,
3775,18611-18-10,"16 JIS METRIC 60гр. 18х1,5 (Ш)",7,16,7,1,2,1,false,false,
3776,18611-20-06,"10 JIS METRIC 60гр. 20х1,5 (Ш) ",7,10,8,1,2,1,false,false,
3777,18611-20-08,"12 JIS METRIC 60гр. 20х1,5 (Ш) ",7,12,8,1,2,1,false,false,
3778,18611-20-10,"16 JIS METRIC 60гр. 20х1,5 (Ш)",7,16,8,1,2,1,false,false,
3779,18611-22-08,"12 JIS METRIC 60гр. 22х1,5 (Ш)",7,12,9,1,2,1,false,false,
3780,18611-22-10,"16 JIS METRIC 60гр. 22х1,5 (Ш)",7,16,9,1,2,1,false,false,
3781,18611-24-08,"12 JIS METRIC 60гр. 24х1,5 (Ш) ",7,12,10,1,2,1,false,false,
3782,18611-24-10,"16 JIS METRIC 60гр. 24х1,5 (Ш)",7,16,10,1,2,1,false,false,
3783,18611-24-12,"20 JIS METRIC 60гр. 24х1,5 (Ш)",7,20,10,1,2,1,false,false,
3784,18611-26-10D,"16 JIS METRIC 60гр. 26х1,5 (Ш)",7,16,11,1,2,1,false,false,
3785,18611-27-10D,"16 JIS METRIC 60гр. 27х1,5 (Ш)",7,16,12,1,2,1,false,false,
3786,18611-30-10D,"16 JIS METRIC 60гр. 30х1,5 (Ш)",7,16,13,1,2,1,false,false,
3787,18611-30-12,20 JIS METRIC 60гр. 30х2 (Ш),7,20,14,1,2,1,false,false,
3788,18611-30-12D,"20 JIS METRIC 60гр. 30х1,5 (Ш)",7,20,13,1,2,1,false,false,
3789,18611-33-10D,"16 JIS METRIC 60гр. 33х1,5 (Ш)",7,16,15,1,2,1,false,false,
3790,18611-33-12D,"20 JIS METRIC 60гр. 33х1,5 (Ш)",7,20,15,1,2,1,false,false,
3791,18611-33-16,25 JIS METRIC 60гр. 33х2 (Ш),7,25,16,1,2,1,false,false,
3792,18611-33-16D,"25 JIS METRIC 60гр. 33х1,5 (Ш)",7,25,15,1,2,1,false,false,
3793,18611-36-12D,"20 JIS METRIC 60гр. 36х1,5 (Ш)",7,20,17,1,2,1,false,false,
3794,18611-36-16D,"25 JIS METRIC 60гр. 36х1,5 (Ш)",7,25,17,1,2,1,false,false,
3795,18611-36-20D,"32 JIS METRIC 60гр. 36х1,5 (Ш)",7,32,17,1,2,1,false,false,
3796,18611-39-16D,"25 JIS METRIC 60гр. 39х1,5 (Ш)",7,25,18,1,2,1,false,false,
3797,18611-42-20D,"32 JIS METRIC 60гр. 42х1,5 (Ш)",7,32,19,1,2,1,false,false,
3798,18611-42-24D,"38 JIS METRIC 60гр. 42х1,5 (Ш)",7,38,19,1,2,1,false,false,
3799,18612-16-08D,"12 JIS METRIC 60гр. 16х1,5 (Ш)",7,12,6,1,2,2,false,false,
3800,18612-18-08,"12 JIS METRIC 60гр. 18х1,5 (Ш) ",7,12,7,1,2,2,false,false,
3801,18612-18-10,"16 JIS METRIC 60гр. 18х1,5 (Ш)",7,16,7,1,2,2,false,false,
3802,18612-20-08,"12 JIS METRIC 60гр. 20х1,5 (Ш) ",7,12,8,1,2,2,false,false,
3803,18612-20-10,"16 JIS METRIC 60гр. 20х1,5 (Ш)",7,16,8,1,2,2,false,false,
3804,18612-22-08,"12 JIS METRIC 60гр. 22х1,5 (Ш)",7,12,9,1,2,2,false,false,
3805,18612-22-10,"16 JIS METRIC 60гр. 22х1,5 (Ш)",7,16,9,1,2,2,false,false,
3806,18612-24-08,"12 JIS METRIC 60гр. 24х1,5 (Ш) ",7,12,10,1,2,2,false,false,
3807,18612-24-10,"16 JIS METRIC 60гр. 24х1,5 (Ш)",7,16,10,1,2,2,false,false,
3808,18612-24-12,"20 JIS METRIC 60гр. 24х1,5 (Ш)",7,20,10,1,2,2,false,false,
3809,18612-26-10D,"16 JIS METRIC 60гр. 26х1,5 (Ш)",7,16,11,1,2,2,false,false,
3810,18612-27-10D,"16 JIS METRIC 60гр. 27х1,5 (Ш)",7,16,12,1,2,2,false,false,
3811,18612-30-10D,"16 JIS METRIC 60гр. 30х1,5 (Ш)",7,16,13,1,2,2,false,false,
3812,18612-30-12,20 JIS METRIC 60гр. 30х2 (Ш),7,20,14,1,2,2,false,false,
3813,18612-30-12D,"20 JIS METRIC 60гр. 30х1,5 (Ш)",7,20,13,1,2,2,false,false,
3814,18612-33-10D,"16 JIS METRIC 60гр. 33х1,5 (Ш)",7,16,15,1,2,2,false,false,
3815,18612-33-12D,"20 JIS METRIC 60гр. 33х1,5 (Ш)",7,20,15,1,2,2,false,false,
3816,18612-33-16,25 JIS METRIC 60гр. 33х2 (Ш),7,25,16,1,2,2,false,false,
3817,18612-33-16D,"25 JIS METRIC 60гр. 33х1,5 (Ш)",7,25,15,1,2,2,false,false,
3818,18612-36-12D,"20 JIS METRIC 60гр. 36х1,5 (Ш)",7,20,17,1,2,2,false,false,
3819,18612-36-16D,"25 JIS METRIC 60гр. 36х1,5 (Ш)",7,25,17,1,2,2,false,false,
3820,18612-36-20D,"32 JIS METRIC 60гр. 36х1,5 (Ш)",7,32,17,1,2,2,false,false,
3821,18612-39-16D,"25 JIS METRIC 60гр. 39х1,5 (Ш)",7,25,18,1,2,2,false,false,
3822,18612-42-20D,"32 JIS METRIC 60гр. 42х1,5 (Ш)",7,32,19,1,2,2,false,false,
3823,18612-42-24D,"38 JIS METRIC 60гр. 42х1,5 (Ш)",7,38,19,1,2,2,false,false,
3824,28611-10-04,06 JIS METRIC 60гр. 10х1 (0)(Г),7,6,1,1,1,1,false,false,
3825,28611-10-04D,"06 JIS METRIC 60гр. 10х1,5 (0)(Г)",7,6,2,1,1,1,false,false,
3826,28611-12-04,06 JIS METRIC 60гр. 12х1 (0)(Г),7,6,21,1,1,1,false,false,
3827,28611-12-04D,"06 JIS METRIC 60гр. 12х1,5 (0)(Г)",7,6,3,1,1,1,false,false,
3828,28611-14-04,06 JIS METRIC 60гр. 14х1 (0)(Г),7,6,32,1,1,1,false,false,
3829,28611-14-04D,"06 JIS METRIC 60гр. 14х1,5 (0)(Г)",7,6,4,1,1,1,false,false,
3830,28611-14-05D,"08 JIS METRIC 60гр. 14х1,5 (0)(Г)",7,8,4,1,1,1,false,false,
3831,28611-14-06D,"10 JIS METRIC 60гр. 14х1,5 (0)(Г)",7,10,4,1,1,1,false,false,
3832,28611-16-04,06 JIS METRIC 60гр. 16х1 (0)(Г),7,6,5,1,1,1,false,false,
3833,28611-16-04D,"06 JIS METRIC 60гр. 16х1,5 (0)(Г)",7,6,6,1,1,1,false,false,
3834,28611-16-05,08 JIS METRIC 60гр. 16х1 (0)(Г),7,8,5,1,1,1,false,false,
3835,28611-16-05D,"08 JIS METRIC 60гр. 16х1,5 (0)(Г)",7,8,6,1,1,1,false,false,
3836,28611-16-06D,"10 JIS METRIC 60гр. 16х1,5 (0)(Г)",7,10,6,1,1,1,false,false,
3837,28611-16-08D,"12 JIS METRIC 60гр. 16х1,5 (0)(Г)",7,12,6,1,1,1,false,false,
3838,28611-18-04,"06 JIS METRIC 60гр. 18х1,5 (0)(Г)",7,6,7,1,1,1,false,false,
3839,28611-18-05,"08 JIS METRIC 60гр. 18х1,5 (0)(Г)",7,8,7,1,1,1,false,false,
3840,28611-18-06,"10 JIS METRIC 60гр. 18х1,5 (0)(Г)",7,10,7,1,1,1,false,false,
3841,28611-18-08,"12 JIS METRIC 60гр. 18х1,5 (0)(Г)",7,12,7,1,1,1,false,false,
3842,28611-18-10,"16 JIS METRIC 60гр. 18х1,5 (0)(Г)",7,16,7,1,1,1,false,false,
3843,28611-20-06,"10 JIS METRIC 60гр. 20х1,5 (0)(Г)",7,10,8,1,1,1,false,false,
3844,28611-20-08,"12 JIS METRIC 60гр. 20х1,5 (0)(Г)",7,12,8,1,1,1,false,false,
3845,28611-20-10,"16 JIS METRIC 60гр. 20х1,5 (0)(Г)",7,16,8,1,1,1,false,false,
3846,28611-22-08,"12 JIS METRIC 60гр. 22х1,5 (0)(Г)",7,12,9,1,1,1,false,false,
3847,28611-22-10,"16 JIS METRIC 60гр. 22х1,5 (0)(Г)",7,16,9,1,1,1,false,false,
3848,28611-24-08,"12 JIS METRIC 60гр. 24х1,5 (0)(Г)",7,12,10,1,1,1,false,false,
3849,28611-24-10,"16 JIS METRIC 60гр. 24х1,5 (0)(Г)",7,16,10,1,1,1,false,false,
3850,28611-24-12,"20 JIS METRIC 60гр. 24х1,5 (0)(Г)",7,20,10,1,1,1,false,false,
3851,28611-26-10D,"16 JIS METRIC 60гр. 26х1,5 (0)(Г)",7,16,11,1,1,1,false,false,
3852,28611-27-10D,"16 JIS METRIC 60гр. 27х1,5 (0)(Г)",7,16,12,1,1,1,false,false,
3853,28611-30-10D,"16 JIS METRIC 60гр. 30х1,5 (0)(Г)",7,16,13,1,1,1,false,false,
3854,28611-30-12,20 JIS METRIC 60гр. 30х2 (0)(Г),7,20,14,1,1,1,false,false,
3855,28611-30-12D,"20 JIS METRIC 60гр. 30х1,5 (0)(Г)",7,20,13,1,1,1,false,false,
3856,28611-33-10D,"16 JIS METRIC 60гр. 33х1,5 (0)(Г)",7,16,15,1,1,1,false,false,
3857,28611-33-12D,"20 JIS METRIC 60гр. 33х1,5 (0)(Г)",7,20,15,1,1,1,false,false,
3858,28611-33-16,25 JIS METRIC 60гр. 33х2 (0)(Г),7,25,16,1,1,1,false,false,
3859,28611-33-16D,"25 JIS METRIC 60гр. 33х1,5 (0)(Г)",7,25,15,1,1,1,false,false,
3860,28611-36-12D,"20 JIS METRIC 60гр. 36х1,5 (0)(Г)",7,20,17,1,1,1,false,false,
3861,28611-36-16D,"25 JIS METRIC 60гр. 36х1,5 (0)(Г)",7,25,17,1,1,1,false,false,
3862,28611-36-20D,"32 JIS METRIC 60гр. 36х1,5 (0)(Г)",7,32,17,1,1,1,false,false,
3863,28611-39-16D,"25 JIS METRIC 60гр. 39х1,5 (0)(Г)",7,25,18,1,1,1,false,false,
3864,28611-42-20D,"32 JIS METRIC 60гр. 42х1,5 (0)(Г)",7,32,19,1,1,1,false,false,
3865,28611-42-24D,"38 JIS METRIC 60гр. 42х1,5 (0)(Г)",7,38,19,1,1,1,false,false,
3866,28612-16-08D,"12 JIS METRIC 60гр. 16х1,5 (0)(Г)",7,12,6,1,1,2,false,false,
3867,28612-18-08,"12 JIS METRIC 60гр. 18х1,5 (0)(Г)",7,12,7,1,1,2,false,false,
3868,28612-18-10,"16 JIS METRIC 60гр. 18х1,5 (0)(Г)",7,16,7,1,1,2,false,false,
3869,28612-20-08,"12 JIS METRIC 60гр. 20х1,5 (0)(Г)",7,12,8,1,1,2,false,false,
3870,28612-20-10,"16 JIS METRIC 60гр. 20х1,5 (0)(Г)",7,16,8,1,1,2,false,false,
3871,28612-22-08,"12 JIS METRIC 60гр. 22х1,5 (0)(Г)",7,12,9,1,1,2,false,false,
3872,28612-22-10,"16 JIS METRIC 60гр. 22х1,5 (0)(Г)",7,16,9,1,1,2,false,false,
3873,28612-24-08,"12 JIS METRIC 60гр. 24х1,5 (0)(Г)",7,12,10,1,1,2,false,false,
3874,28612-24-10,"16 JIS METRIC 60гр. 24х1,5 (0)(Г)",7,16,10,1,1,2,false,false,
3875,28612-24-12,"20 JIS METRIC 60гр. 24х1,5 (0)(Г)",7,20,10,1,1,2,false,false,
3876,28612-26-10D,"16 JIS METRIC 60гр. 26х1,5 (0)(Г)",7,16,11,1,1,2,false,false,
3877,28612-27-10D,"16 JIS METRIC 60гр. 27х1,5 (0)(Г)",7,16,12,1,1,2,false,false,
3878,28612-30-10D,"16 JIS METRIC 60гр. 30х1,5 (0)(Г)",7,16,13,1,1,2,false,false,
3879,28612-30-12,20 JIS METRIC 60гр. 30х2 (0)(Г),7,20,14,1,1,2,false,false,
3880,28612-30-12D,"20 JIS METRIC 60гр. 30х1,5 (0)(Г)",7,20,13,1,1,2,false,false,
3881,28612-33-10D,"16 JIS METRIC 60гр. 33х1,5 (0)(Г)",7,16,15,1,1,2,false,false,
3882,28612-33-12D,"20 JIS METRIC 60гр. 33х1,5 (0)(Г)",7,20,15,1,1,2,false,false,
3883,28612-33-16,25 JIS METRIC 60гр. 33х2 (0)(Г),7,25,16,1,1,2,false,false,
3884,28612-33-16D,"25 JIS METRIC 60гр. 33х1,5 (0)(Г)",7,25,15,1,1,2,false,false,
3885,28612-36-12D,"20 JIS METRIC 60гр. 36х1,5 (0)(Г)",7,20,17,1,1,2,false,false,
3886,28612-36-16D,"25 JIS METRIC 60гр. 36х1,5 (0)(Г)",7,25,17,1,1,2,false,false,
3887,28612-36-20D,"32 JIS METRIC 60гр. 36х1,5 (0)(Г)",7,32,17,1,1,2,false,false,
3888,28612-39-16D,"25 JIS METRIC 60гр. 39х1,5 (0)(Г)",7,25,18,1,1,2,false,false,
3889,28612-42-20D,"32 JIS METRIC 60гр. 42х1,5 (0)(Г)",7,32,19,1,1,2,false,false,
3890,28612-42-24D,"38 JIS METRIC 60гр. 42х1,5 (0)(Г)",7,38,19,1,1,2,false,false,
3891,28612-52-24D,"38 JIS METRIC 60гр. 52х1,5 (0)(Г)",7,38,20,1,1,2,false,false,
3892,28641-10-04,06 JIS METRIC 60гр. 10х1 (45)(Г),7,6,1,2,1,1,false,false,
3893,28641-10-04D,"06 JIS METRIC 60гр. 10х1,5 (45)(Г)",7,6,2,2,1,1,false,false,
3894,28641-12-04,06 JIS METRIC 60гр. 12х1 (45)(Г),7,6,21,2,1,1,false,false,
3895,28641-12-04D,"06 JIS METRIC 60гр. 12х1,5 (45)(Г)",7,6,3,2,1,1,false,false,
3896,28641-14-04,06 JIS METRIC 60гр. 14х1 (45)(Г),7,6,32,2,1,1,false,false,
3897,28641-14-04D,"06 JIS METRIC 60гр. 14х1,5 (45)(Г)",7,6,4,2,1,1,false,false,
3898,28641-14-05D,"08 JIS METRIC 60гр. 14х1,5 (45)(Г)",7,8,4,2,1,1,false,false,
3899,28641-14-06D,"10 JIS METRIC 60гр. 14х1,5 (45)(Г)",7,10,4,2,1,1,false,false,
3900,28641-16-04,06 JIS METRIC 60гр. 16х1 (45)(Г),7,6,5,2,1,1,false,false,
3901,28641-16-04D,"06 JIS METRIC 60гр. 16х1,5 (45)(Г)",7,6,6,2,1,1,false,false,
3902,28641-16-05,08 JIS METRIC 60гр. 16х1 (45)(Г),7,8,5,2,1,1,false,false,
3903,28641-16-05D,"08 JIS METRIC 60гр. 16х1,5 (45)(Г)",7,8,6,2,1,1,false,false,
3904,28641-16-06D,"10 JIS METRIC 60гр. 16х1,5 (45)(Г)",7,10,6,2,1,1,false,false,
3905,28641-16-08D,"12 JIS METRIC 60гр. 16х1,5 (45)(Г)",7,12,6,2,1,1,false,false,
3906,28641-18-04,"06 JIS METRIC 60гр. 18х1,5 (45)(Г)",7,6,7,2,1,1,false,false,
3907,28641-18-05,"08 JIS METRIC 60гр. 18х1,5 (45)(Г)",7,8,7,2,1,1,false,false,
3908,28641-18-06,"10 JIS METRIC 60гр. 18х1,5 (45)(Г)",7,10,7,2,1,1,false,false,
3909,28641-18-08,"12 JIS METRIC 60гр. 18х1,5 (45)(Г)",7,12,7,2,1,1,false,false,
3910,28641-18-10,"16 JIS METRIC 60гр. 18х1,5 (45)(Г)",7,16,7,2,1,1,false,false,
3911,28641-20-06,"10 JIS METRIC 60гр. 20х1,5 (45)(Г)",7,10,8,2,1,1,false,false,
3912,28641-20-08,"12 JIS METRIC 60гр. 20х1,5 (45)(Г)",7,12,8,2,1,1,false,false,
3913,28641-20-10,"16 JIS METRIC 60гр. 20х1,5 (45)(Г)",7,16,8,2,1,1,false,false,
3914,28641-22-08,"12 JIS METRIC 60гр. 22х1,5 (45)(Г)",7,12,9,2,1,1,false,false,
3915,28641-22-10,"16 JIS METRIC 60гр. 22х1,5 (45)(Г)",7,16,9,2,1,1,false,false,
3916,28641-24-08,"12 JIS METRIC 60гр. 24х1,5 (45)(Г)",7,12,10,2,1,1,false,false,
3917,28641-24-10,"16 JIS METRIC 60гр. 24х1,5 (45)(Г)",7,16,10,2,1,1,false,false,
3918,28641-24-12,"20 JIS METRIC 60гр. 24х1,5 (45)(Г)",7,20,10,2,1,1,false,false,
3919,28641-26-10D,"16 JIS METRIC 60гр. 26х1,5 (45)(Г)",7,16,11,2,1,1,false,false,
3920,28641-27-10D,"16 JIS METRIC 60гр. 27х1,5 (45)(Г)",7,16,12,2,1,1,false,false,
3921,28641-30-10D,"16 JIS METRIC 60гр. 30х1,5 (45)(Г)",7,16,13,2,1,1,false,false,
3922,28641-30-12,20 JIS METRIC 60гр. 30х2 (45)(Г),7,20,14,2,1,1,false,false,
3923,28641-30-12D,"20 JIS METRIC 60гр. 30х1,5 (45)(Г)",7,20,13,2,1,1,false,false,
3924,28641-33-10D,"16 JIS METRIC 60гр. 33х1,5 (45)(Г)",7,16,15,2,1,1,false,false,
3925,28641-33-12D,"20 JIS METRIC 60гр. 33х1,5 (45)(Г)",7,20,15,2,1,1,false,false,
3926,28641-33-16,25 JIS METRIC 60гр. 33х2 (45)(Г),7,25,16,2,1,1,false,false,
3927,28641-33-16D,"25 JIS METRIC 60гр. 33х1,5 (45)(Г)",7,25,15,2,1,1,false,false,
3928,28641-36-12D,"20 JIS METRIC 60гр. 36х1,5 (45)(Г)",7,20,17,2,1,1,false,false,
3929,28641-36-16D,"25 JIS METRIC 60гр. 36х1,5 (45)(Г)",7,25,17,2,1,1,false,false,
3930,28641-36-20D,"32 JIS METRIC 60гр. 36х1,5 (45)(Г)",7,32,17,2,1,1,false,false,
3931,28641-39-16D,"25 JIS METRIC 60гр. 39х1,5 (45)(Г)",7,25,18,2,1,1,false,false,
3932,28641-42-20D,"32 JIS METRIC 60гр. 42х1,5 (45)(Г)",7,32,19,2,1,1,false,false,
3933,28641-42-24D,"38 JIS METRIC 60гр. 42х1,5 (45)(Г)",7,38,19,2,1,1,false,false,
3934,28642-16-08D,"12 JIS METRIC 60гр. 16х1,5 (45)(Г)",7,12,6,2,1,2,false,false,
3935,28642-18-08,"12 JIS METRIC 60гр. 18х1,5 (45)(Г)",7,12,7,2,1,2,false,false,
3936,28642-18-10,"16 JIS METRIC 60гр. 18х1,5 (45)(Г)",7,16,7,2,1,2,false,false,
3937,28642-20-08,"12 JIS METRIC 60гр. 20х1,5 (45)(Г)",7,12,8,2,1,2,false,false,
3938,28642-20-10,"16 JIS METRIC 60гр. 20х1,5 (45)(Г)",7,16,8,2,1,2,false,false,
3939,28642-22-08,"12 JIS METRIC 60гр. 22х1,5 (45)(Г)",7,12,9,2,1,2,false,false,
3940,28642-22-10,"16 JIS METRIC 60гр. 22х1,5 (45)(Г)",7,16,9,2,1,2,false,false,
3941,28642-24-08,"12 JIS METRIC 60гр. 24х1,5 (45)(Г)",7,12,10,2,1,2,false,false,
3942,28642-24-10,"16 JIS METRIC 60гр. 24х1,5 (45)(Г)",7,16,10,2,1,2,false,false,
3943,28642-24-12,"20 JIS METRIC 60гр. 24х1,5 (45)(Г)",7,20,10,2,1,2,false,false,
3944,28642-26-10D,"16 JIS METRIC 60гр. 26х1,5 (45)(Г)",7,16,11,2,1,2,false,false,
3945,28642-27-10D,"16 JIS METRIC 60гр. 27х1,5 (45)(Г)",7,16,12,2,1,2,false,false,
3946,28642-30-10D,"16 JIS METRIC 60гр. 30х1,5 (45)(Г)",7,16,13,2,1,2,false,false,
3947,28642-30-12,20 JIS METRIC 60гр. 30х2 (45)(Г),7,20,14,2,1,2,false,false,
3948,28642-30-12D,"20 JIS METRIC 60гр. 30х1,5 (45)(Г)",7,20,13,2,1,2,false,false,
3949,28642-33-10D,"16 JIS METRIC 60гр. 33х1,5 (45)(Г)",7,16,15,2,1,2,false,false,
3950,28642-33-12D,"20 JIS METRIC 60гр. 33х1,5 (45)(Г)",7,20,15,2,1,2,false,false,
3951,28642-33-16,25 JIS METRIC 60гр. 33х2 (45)(Г),7,25,16,2,1,2,false,false,
3952,28642-33-16D,"25 JIS METRIC 60гр. 33х1,5 (45)(Г)",7,25,15,2,1,2,false,false,
3953,28642-36-12D,"20 JIS METRIC 60гр. 36х1,5 (45)(Г)",7,20,17,2,1,2,false,false,
3954,28642-36-16D,"25 JIS METRIC 60гр. 36х1,5 (45)(Г)",7,25,17,2,1,2,false,false,
3955,28642-36-20D,"32 JIS METRIC 60гр. 36х1,5 (45)(Г)",7,32,17,2,1,2,false,false,
3956,28642-39-16D,"25 JIS METRIC 60гр. 39х1,5 (45)(Г)",7,25,18,2,1,2,false,false,
3957,28642-42-20D,"32 JIS METRIC 60гр. 42х1,5 (45)(Г)",7,32,19,2,1,2,false,false,
3958,28642-42-24D,"38 JIS METRIC 60гр. 42х1,5 (45)(Г)",7,38,19,2,1,2,false,false,
3959,28691-10-04,06 JIS METRIC 60гр. 10х1 (90)(Г),7,6,1,3,1,1,false,false,
3960,28691-10-04D,"06 JIS METRIC 60гр. 10х1,5 (90)(Г)",7,6,2,3,1,1,false,false,
3961,28691-12-04,06 JIS METRIC 60гр. 12х1 (90)(Г),7,6,21,3,1,1,false,false,
3962,28691-12-04D,"06 JIS METRIC 60гр. 12х1,5 (90)(Г)",7,6,3,3,1,1,false,false,
3963,28691-14-04,06 JIS METRIC 60гр. 14х1 (90)(Г),7,6,32,3,1,1,false,false,
3964,28691-14-04D,"06 JIS METRIC 60гр. 14х1,5 (90)(Г)",7,6,4,3,1,1,false,false,
3965,28691-14-05D,"08 JIS METRIC 60гр. 14х1,5 (90)(Г)",7,8,4,3,1,1,false,false,
3966,28691-14-06D,"10 JIS METRIC 60гр. 14х1,5 (90)(Г)",7,10,4,3,1,1,false,false,
3967,28691-16-04,06 JIS METRIC 60гр. 16х1 (90)(Г),7,6,5,3,1,1,false,false,
3968,28691-16-04D,"06 JIS METRIC 60гр. 16х1,5 (90)(Г)",7,6,6,3,1,1,false,false,
3969,28691-16-05,08 JIS METRIC 60гр. 16х1 (90)(Г),7,8,5,3,1,1,false,false,
3970,28691-16-05D,"08 JIS METRIC 60гр. 16х1,5 (90)(Г)",7,8,6,3,1,1,false,false,
3971,28691-16-06D,"10 JIS METRIC 60гр. 16х1,5 (90)(Г)",7,10,6,3,1,1,false,false,
3972,28691-16-08D,"12 JIS METRIC 60гр. 16х1,5 (90)(Г)",7,12,6,3,1,1,false,false,
3973,28691-18-04,"06 JIS METRIC 60гр. 18х1,5 (90)(Г)",7,6,7,3,1,1,false,false,
3974,28691-18-05,"08 JIS METRIC 60гр. 18х1,5 (90)(Г)",7,8,7,3,1,1,false,false,
3975,28691-18-06,"10 JIS METRIC 60гр. 18х1,5 (90)(Г)",7,10,7,3,1,1,false,false,
3976,28691-18-08,"12 JIS METRIC 60гр. 18х1,5 (90)(Г)",7,12,7,3,1,1,false,false,
3977,28691-18-10,"16 JIS METRIC 60гр. 18х1,5 (90)(Г)",7,16,7,3,1,1,false,false,
3978,28691-20-06,"10 JIS METRIC 60гр. 20х1,5 (90)(Г)",7,10,8,3,1,1,false,false,
3979,28691-20-08,"12 JIS METRIC 60гр. 20х1,5 (90)(Г)",7,12,8,3,1,1,false,false,
3980,28691-20-10,"16 JIS METRIC 60гр. 20х1,5 (90)(Г)",7,16,8,3,1,1,false,false,
3981,28691-22-08,"12 JIS METRIC 60гр. 22х1,5 (90)(Г)",7,12,9,3,1,1,false,false,
3982,28691-22-10,"16 JIS METRIC 60гр. 22х1,5 (90)(Г)",7,16,9,3,1,1,false,false,
3983,28691-24-08,"12 JIS METRIC 60гр. 24х1,5 (90)(Г)",7,12,10,3,1,1,false,false,
3984,28691-24-10,"16 JIS METRIC 60гр. 24х1,5 (90)(Г)",7,16,10,3,1,1,false,false,
3985,28691-24-12,"20 JIS METRIC 60гр. 24х1,5 (90)(Г)",7,20,10,3,1,1,false,false,
3986,28691-26-10D,"16 JIS METRIC 60гр. 26х1,5 (90)(Г)",7,16,11,3,1,1,false,false,
3987,28691-27-10D,"16 JIS METRIC 60гр. 27х1,5 (90)(Г)",7,16,12,3,1,1,false,false,
3988,28691-30-10D,"16 JIS METRIC 60гр. 30х1,5 (90)(Г)",7,16,13,3,1,1,false,false,
3989,28691-30-12,20 JIS METRIC 60гр. 30х2 (90)(Г),7,20,14,3,1,1,false,false,
3990,28691-30-12D,"20 JIS METRIC 60гр. 30х1,5 (90)(Г)",7,20,13,3,1,1,false,false,
3991,28691-33-10D,"16 JIS METRIC 60гр. 33х1,5 (90)(Г)",7,16,15,3,1,1,false,false,
3992,28691-33-12,"20 JIS METRIC 60гр. 33х1,5 (90)(Г)",7,20,15,3,1,1,false,false,
3993,28691-33-16,25 JIS METRIC 60гр. 33х2 (90)(Г),7,25,16,3,1,1,false,false,
3994,28691-33-16D,"25 JIS METRIC 60гр. 33х1,5 (90)(Г)",7,25,15,3,1,1,false,false,
3995,28691-36-12D,"20 JIS METRIC 60гр. 36х1,5 (90)(Г)",7,20,17,3,1,1,false,false,
3996,28691-36-16D,"25 JIS METRIC 60гр. 36х1,5 (90)(Г)",7,25,17,3,1,1,false,false,
3997,28691-36-20D,"32 JIS METRIC 60гр. 36х1,5 (90)(Г)",7,32,17,3,1,1,false,false,
3998,28691-39-16D,"25 JIS METRIC 60гр. 39х1,5 (90)(Г)",7,25,18,3,1,1,false,false,
3999,28691-42-20D,"32 JIS METRIC 60гр. 42х1,5 (90)(Г)",7,32,19,3,1,1,false,false,
4000,28691-42-24D,"38 JIS METRIC 60гр. 42х1,5 (90)(Г)",7,38,19,3,1,1,false,false,
4001,28692-16-08D,"12 JIS METRIC 60гр. 16х1,5 (90)(Г)",7,12,6,3,1,2,false,false,
4002,28692-18-08,"12 JIS METRIC 60гр. 18х1,5 (90)(Г)",7,12,7,3,1,2,false,false,
4003,28692-18-10,"16 JIS METRIC 60гр. 18х1,5 (90)(Г)",7,16,7,3,1,2,false,false,
4004,28692-20-08,"12 JIS METRIC 60гр. 20х1,5 (90)(Г)",7,12,8,3,1,2,false,false,
4005,28692-20-10,"16 JIS METRIC 60гр. 20х1,5 (90)(Г)",7,16,8,3,1,2,false,false,
4006,28692-22-08,"12 JIS METRIC 60гр. 22х1,5 (90)(Г)",7,12,9,3,1,2,false,false,
4007,28692-22-10,"16 JIS METRIC 60гр. 22х1,5 (90)(Г)",7,16,9,3,1,2,false,false,
4008,28692-24-08,"12 JIS METRIC 60гр. 24х1,5 (90)(Г)",7,12,10,3,1,2,false,false,
4009,28692-24-10,"16 JIS METRIC 60гр. 24х1,5 (90)(Г)",7,16,10,3,1,2,false,false,
4010,28692-24-12,"20 JIS METRIC 60гр. 24х1,5 (90)(Г)",7,20,10,3,1,2,false,false,
4011,28692-26-10D,"16 JIS METRIC 60гр. 26х1,5 (90)(Г)",7,16,11,3,1,2,false,false,
4012,28692-27-10D,"16 JIS METRIC 60гр. 27х1,5 (90)(Г)",7,16,12,3,1,2,false,false,
4013,28692-30-10D,"16 JIS METRIC 60гр. 30х1,5 (90)(Г)",7,16,13,3,1,2,false,false,
4014,28692-30-12,20 JIS METRIC 60гр. 30х2 (90)(Г),7,20,14,3,1,2,false,false,
4015,28692-30-12D,"20 JIS METRIC 60гр. 30х1,5 (90)(Г)",7,20,13,3,1,2,false,false,
4016,28692-33-10D,"16 JIS METRIC 60гр. 33х1,5 (90)(Г)",7,16,15,3,1,2,false,false,
4017,28692-33-12,"20 JIS METRIC 60гр. 33х1,5 (90)(Г)",7,20,15,3,1,2,false,false,
4018,28692-33-16,25 JIS METRIC 60гр. 33х2 (90)(Г),7,25,16,3,1,2,false,false,
4019,28692-33-16D,"25 JIS METRIC 60гр. 33х1,5 (90)(Г)",7,25,15,3,1,2,false,false,
4020,28692-36-12D,"20 JIS METRIC 60гр. 36х1,5 (90)(Г)",7,20,17,3,1,2,false,false,
4021,28692-36-16D,"25 JIS METRIC 60гр. 36х1,5 (90)(Г)",7,25,17,3,1,2,false,false,
4022,28692-36-20D,"32 JIS METRIC 60гр. 36х1,5 (90)(Г)",7,32,17,3,1,2,false,false,
4023,28692-39-16D,"25 JIS METRIC 60гр. 39х1,5 (90)(Г)",7,25,18,3,1,2,false,false,
4024,28692-42-20D,"32 JIS METRIC 60гр. 42х1,5 (90)(Г)",7,32,19,3,1,2,false,false,
4025,28692-42-24D,"38 JIS METRIC 60гр. 42х1,5 (90)(Г)",7,38,19,3,1,2,false,false,
4026,15611-02-04,"06 NPTF 1/8"" (Ш)",10,6,73,1,2,1,false,false,
4027,15611-02-05,"08 NPTF 1/8"" (Ш)",10,8,73,1,2,1,false,false,
4028,15611-04-04,"06 NPTF 1/4"" (Ш)",10,6,61,1,2,1,false,false,
4029,15611-04-05,"08 NPTF 1/4"" (Ш)",10,8,61,1,2,1,false,false,
4030,15611-04-06,"10 NPTF 1/4"" (Ш)",10,10,61,1,2,1,false,false,
4031,15611-04-08,"12 NPTF 1/4"" (Ш)",10,12,61,1,2,1,false,false,
4032,15611-06-04,"06 NPTF 3/8"" (Ш)",10,6,92,1,2,1,false,false,
4033,15611-06-05,"08 NPTF 3/8"" (Ш)",10,8,92,1,2,1,false,false,
4034,15611-06-06,"10 NPTF 3/8"" (Ш)",10,10,92,1,2,1,false,false,
4035,15611-06-08,"12 NPTF 3/8"" (Ш)",10,12,92,1,2,1,false,false,
4036,15611-08-06,"10 NPTF 1/2"" (Ш)",10,10,89,1,2,1,false,false,
4037,15611-08-06 A,"10 NPTF 1/2"" (Ш)",10,10,89,1,2,1,false,false,
4038,15611-08-08,"12 NPTF 1/2"" (Ш)",10,12,89,1,2,1,false,false,
4039,15611-08-10,"16 NPTF 1/2"" (Ш)",10,16,89,1,2,1,false,false,
4040,15611-08-12 A,"20 NPTF 1/2"" (Ш)",10,20,89,1,2,1,false,false,
4041,15611-10-10,"16 NPTF 5/8"" (Ш)",10,16,93,1,2,1,false,false,
4042,15611-12-08,"12 NPTF 3/4"" (Ш)",10,12,58,1,2,1,false,false,
4043,15611-12-10,"16 NPTF 3/4"" (Ш)",10,16,58,1,2,1,false,false,
4044,15611-12-12,"20 NPTF 3/4"" (Ш)",10,20,58,1,2,1,false,false,
4045,15611-16-10,"16 NPTF 1"" (Ш)",10,16,56,1,2,1,false,false,
4046,15611-16-12,"20 NPTF 1"" (Ш)",10,20,56,1,2,1,false,false,
4047,15611-16-16,"25 NPTF 1"" (Ш)",10,25,56,1,2,1,false,false,
4048,15611-20-16,"25 NPTF 1.1/4"" (Ш)",10,25,60,1,2,1,false,false,
4049,15611-20-20,"32 NPTF 1.1/4"" (Ш)",10,32,60,1,2,1,false,false,
4050,15611-24-20,"32 NPTF 1.1/2"" (Ш)",10,32,61,1,2,1,false,false,
4051,15611-24-24,"38 NPTF 1.1/2"" (Ш)",10,38,61,1,2,1,false,false,
4052,15611-32-32,"50 NPTF 2"" (Ш)",10,50,62,1,2,1,false,false,
4053,15612-04-08,"12 NPTF 1/4"" (Ш)",10,12,61,1,2,2,false,false,
4054,15612-06-08,"12 NPTF 3/8"" (Ш)",10,12,92,1,2,2,false,false,
4055,15612-08-08,"12 NPTF 1/2"" (Ш)",10,12,89,1,2,2,false,false,
4056,15612-08-10,"16 NPTF 1/2"" (Ш)",10,16,89,1,2,2,false,false,
4057,15612-08-10 A,"16 NPTF 1/2"" (Ш)",10,16,89,1,2,2,false,false,
4058,15612-08-12,"20 NPTF 1/2"" (Ш)",10,20,89,1,2,2,false,false,
4059,15612-08-12 A,"20 NPTF 1/2"" (Ш) ",10,20,89,1,2,2,false,false,
4060,15612-10-10,"16 NPTF 5/8"" (Ш)",10,16,93,1,2,2,false,false,
4061,15612-12-08,"12 NPTF 3/4"" (Ш)",10,12,58,1,2,2,false,false,
4062,15612-12-10,"16 NPTF 3/4"" (Ш)",10,16,58,1,2,2,false,false,
4063,15612-12-12,"20 NPTF 3/4"" (Ш)",10,20,58,1,2,2,false,false,
4064,15612-12-12 SL,"20 NPTF 3/4"" (Ш) узкий замок",10,20,58,1,2,2,false,false,
4065,15612-12-16,"25 NPTF 3/4"" (Ш)",10,25,58,1,2,2,false,false,
4066,15612-16-10,"16 NPTF 1"" (Ш)",10,16,56,1,2,2,false,false,
4067,15612-16-12,"20 NPTF 1"" (Ш)",10,20,56,1,2,2,false,false,
4068,15612-16-16,"25 NPTF 1"" (Ш)",10,25,56,1,2,2,false,false,
4069,15612-16-16 A,"25 NPTF 1"" (Ш)",10,25,56,1,2,2,false,false,
4070,15612-16-20,"32 NPTF 1"" (Ш)",10,32,56,1,2,2,false,false,
4071,15612-20-16,"25 NPTF 1.1/4"" (Ш)",10,25,60,1,2,2,false,false,
4072,15612-20-20,"32 NPTF 1.1/4"" (Ш)",10,32,60,1,2,2,false,false,
4073,15612-20-20 A,"32 NPTF 1.1/4"" (Ш)",10,32,60,1,2,2,false,false,
4074,15612-24-20,"32 NPTF 1.1/2"" (Ш)",10,32,61,1,2,2,false,false,
4075,15612-24-24,"38 NPTF 1.1/2"" (Ш)",10,38,61,1,2,2,false,false,
4076,15612-32-32,"50 NPTF 2"" (Ш)",10,50,62,1,2,2,false,false,
4175,10211-14-06D,"10 ORFS 14х1,5 (Ш)",9,10,4,1,2,1,false,false,
4176,10211-30-12,20 ORFS 30х2 (Ш),9,20,14,1,2,1,false,false,
4177,10211-52-24,38 ORFS 52х2 (Ш),9,38,24,1,2,1,false,false,
4178,10212-30-12,20 ORFS 30х2 (Ш),9,20,14,1,2,2,false,false,
4179,10212-52-24,38 ORFS 52х2 (Ш),9,38,24,1,2,2,false,false,
4180,10311-14-04D,"06 ORFS 14х1,5 (Ш)",9,6,4,1,2,1,false,false,
4181,10311-14-05D,"08 ORFS 14х1,5 (Ш)",9,8,4,1,2,1,false,false,
4182,10311-16-04D,"06 ORFS 16х1,5 (Ш)",9,6,6,1,2,1,false,false,
4183,10311-16-05D,"08 ORFS 16х1,5 (Ш)",9,8,6,1,2,1,false,false,
4184,10311-16-05D A,"08 ORFS 16х1,5 (Ш) ",9,8,6,1,2,1,false,false,
4185,10311-16-06D,"10 ORFS 16х1,5 (Ш)",9,10,6,1,2,1,false,false,
4186,10311-18-06,"10 ORFS 18х1,5 (Ш)",9,10,7,1,2,1,false,false,
4187,10311-18-06 A,"10 ORFS 18х1,5 (Ш)",9,10,7,1,2,1,false,false,
4188,10311-20-06,"10 ORFS 20х1,5 (Ш)",9,10,8,1,2,1,false,false,
4189,10311-20-06 A,"10 ORFS 20х1,5 (Ш)",9,10,8,1,2,1,false,false,
4190,10311-20-08,"12 ORFS 20х1,5 (Ш)",9,12,8,1,2,1,false,false,
4191,10311-20-10,"16 ORFS 20х1,5 (Ш)",9,16,8,1,2,1,false,false,
4192,10311-22-06,"10 ORFS 22х1,5 (Ш)",9,10,9,1,2,1,false,false,
4193,10311-22-08,"12 ORFS 22х1,5 (Ш)",9,12,9,1,2,1,false,false,
4194,10311-22-08 A,"12 ORFS 22х1,5 (Ш) ",9,12,9,1,2,1,false,false,
4195,10311-24-08,"12 ORFS 24х1,5 (Ш)",9,12,10,1,2,1,false,false,
4196,10311-27-10,"16 ORFS 27х1,5 (Ш)",9,16,12,1,2,1,false,false,
4197,10311-30-12D,"20 ORFS 30х1,5 (Ш)",9,20,13,1,2,1,false,false,
4198,10311-30-12D A,"20 ORFS 30х1,5 (Ш)",9,20,13,1,2,1,false,false,
4199,10311-33-12,20 ORFS 33х2 (Ш),9,20,16,1,2,1,false,false,
4200,10311-33-12D,"20 ORFS 33х1,5 (Ш)",9,20,15,1,2,1,false,false,
4201,10311-36-12,20 ORFS 36х2 (Ш),9,20,23,1,2,1,false,false,
4202,10311-36-16,25 ORFS 36х2 (Ш),9,25,23,1,2,1,false,false,
4203,10311-36-16D,"25 ORFS 36х1,5 (Ш)",9,25,17,1,2,1,false,false,
4204,10311-39-12,20 ORFS 39х2 (Ш),9,20,29,1,2,1,false,false,
4205,10311-39-16,25 ORFS 39х2 (Ш),9,25,29,1,2,1,false,false,
4206,10311-48-24,38 ORFS 48х2 (Ш),9,38,28,1,2,1,false,false,
4207,10312-20-08,"12 ORFS 20х1,5 (Ш)",9,12,8,1,2,2,false,false,
4208,10312-20-10,"16 ORFS 20х1,5 (Ш)",9,16,8,1,2,2,false,false,
4209,10312-22-08,"12 ORFS 22х1,5 (Ш)",9,12,9,1,2,2,false,false,
4210,10312-22-08 A,"12 ORFS 22х1,5 (Ш)",9,12,9,1,2,2,false,false,
4211,10312-24-08,"12 ORFS 24х1,5 (Ш)",9,12,10,1,2,2,false,false,
4212,10312-27-10,"16 ORFS 27х1,5 (Ш)",9,16,12,1,2,2,false,false,
4213,10312-27-10 A,"16 ORFS 27х1,5 (Ш)",9,16,12,1,2,2,false,false,
4214,10312-30-12D,"20 ORFS 30х1,5 (Ш)",9,20,13,1,2,2,false,false,
4215,10312-33-12,20 ORFS 33х2 (Ш),9,20,16,1,2,2,false,false,
4216,10312-33-12D,"20 ORFS 33х1,5 (Ш)",9,20,15,1,2,2,false,false,
4217,10312-36-12,20 ORFS 36х2 (Ш),9,20,23,1,2,2,false,false,
4218,10312-36-16,25 ORFS 36х2 (Ш),9,25,23,1,2,2,false,false,
4219,10312-36-16D,"25 ORFS 36х1,5 (Ш)",9,25,17,1,2,2,false,false,
4220,10312-39-12,20 ORFS 39х2 (Ш),9,20,29,1,2,2,false,false,
4221,10312-39-16,25 ORFS 39х2 (Ш),9,25,29,1,2,2,false,false,
4222,10312-48-24,38 ORFS 48х2 (Ш),9,38,28,1,2,2,false,false,
4223,20211-14-04D,"06 ORFS 14х1,5 (0)(Г)",9,6,4,1,1,1,false,false,
4224,20211-14-04DT,"06 ORFS 14х1,5 (0)(Г)",9,6,4,1,1,1,false,false,
4225,20211-14-05D,"08 ORFS 14х1,5 (0)(Г)",9,8,4,1,1,1,false,false,
4226,20211-14-05DT,"08 ORFS 14х1,5 (0)(Г)",9,8,4,1,1,1,false,false,
4227,20211-14-06D,"10 ORFS 14х1,5 (0)(Г)",9,10,4,1,1,1,false,false,
4228,20211-16-04D,"06 ORFS 16х1,5 (0)(Г)",9,6,6,1,1,1,false,false,
4229,20211-16-04DT,"06 ORFS 16х1,5 (0)(Г)",9,6,6,1,1,1,false,false,
4230,20211-16-05D,"08 ORFS 16х1,5 (0)(Г)",9,8,6,1,1,1,false,false,
4231,20211-16-05DT,"08 ORFS 16х1,5 (0)(Г)",9,8,6,1,1,1,false,false,
4232,20211-16-06D,"10 ORFS 16х1,5 (0)(Г)",9,10,6,1,1,1,false,false,
4233,20211-16-06DT,"10 ORFS 16х1,5 (0)(Г)",9,10,6,1,1,1,false,false,
4234,20211-18-06,"10 ORFS 18х1,5 (0)(Г)",9,10,7,1,1,1,false,false,
4235,20211-18-06T,"10 ORFS 18х1,5 (0)(Г)",9,10,7,1,1,1,false,false,
4236,20211-20-06,"10 ORFS 20х1,5 (0)(Г)",9,10,8,1,1,1,false,false,
4237,20211-20-06T,"10 ORFS 20х1,5 (0)(Г)",9,10,8,1,1,1,false,false,
4238,20211-20-08,"12 ORFS 20х1,5 (0)(Г)",9,12,8,1,1,1,false,false,
4239,20211-20-08T,"12 ORFS 20х1,5 (0)(Г)",9,12,8,1,1,1,false,false,
4240,20211-22-06,"10 ORFS 22х1,5 (0)(Г)",9,10,9,1,1,1,false,false,
4241,20211-22-06T,"10 ORFS 22х1,5 (0)(Г)",9,10,9,1,1,1,false,false,
4242,20211-22-08,"12 ORFS 22х1,5 (0)(Г)",9,12,9,1,1,1,false,false,
4243,20211-22-08T,"12 ORFS 22х1,5 (0)(Г)",9,12,9,1,1,1,false,false,
4244,20211-24-08,"12 ORFS 24х1,5 (0)(Г)",9,12,10,1,1,1,false,false,
4245,20211-24-08T,"12 ORFS 24х1,5 (0)(Г)",9,12,10,1,1,1,false,false,
4246,20211-27-10D,"16 ORFS 27х1,5 (0)(Г)",9,16,12,1,1,1,false,false,
4247,20211-27-10DT,"16 ORFS 27х1,5 (0)(Г)",9,16,12,1,1,1,false,false,
4248,20211-30-12D,"20 ORFS 30х1,5 (0)(Г)",9,20,13,1,1,1,false,false,
4249,20211-30-12DT,"20 ORFS 30х1,5 (0)(Г)",9,20,13,1,1,1,false,false,
4250,20211-30-12T,20 ORFS 30х2 (0)(Г),9,20,14,1,1,1,false,false,
4251,20211-33-12,20 ORFS 33х2 (0)(Г),9,20,16,1,1,1,false,false,
4252,20211-33-12D,"20 ORFS 33х1,5 (0)(Г)",9,20,15,1,1,1,false,false,
4253,20211-33-12DT,"20 ORFS 33х1,5 (0)(Г)",9,20,15,1,1,1,false,false,
4254,20211-33-12T,20 ORFS 33х2 (0)(Г),9,20,16,1,1,1,false,false,
4255,20211-36-12,20 ORFS 36х2 (0)(Г),9,20,23,1,1,1,false,false,
4256,20211-36-12D,"20 ORFS 36х1,5 (0)(Г)",9,20,17,1,1,1,false,false,
4257,20211-36-12DT,"20 ORFS 36х1,5 (0)(Г)",9,20,17,1,1,1,false,false,
4258,20211-36-12T,20 ORFS 36х2 (0)(Г),9,20,23,1,1,1,false,false,
4259,20211-36-16,25 ORFS 36х2 (0)(Г),9,25,23,1,1,1,false,false,
4260,20211-36-16D,"25 ORFS 36х1,5 (0)(Г)",9,25,17,1,1,1,false,false,
4261,20211-36-16DT,"25 ORFS 36х1,5 (0)(Г)",9,25,17,1,1,1,false,false,
4262,20211-36-16T,25 ORFS 36х2 (0)(Г),9,25,23,1,1,1,false,false,
4263,20211-39-12,20 ORFS 39х2 (0)(Г),9,20,29,1,1,1,false,false,
4264,20211-39-12T,20 ORFS 39х2 (0)(Г),9,20,29,1,1,1,false,false,
4265,20211-39-16,25 ORFS 39х2 (0)(Г),9,25,29,1,1,1,false,false,
4266,20211-39-16T,25 ORFS 39х2 (0)(Г),9,25,29,1,1,1,false,false,
4267,20211-48-20T,32 ORFS 48х2 (0)(Г),9,32,28,1,1,1,false,false,
4268,20211-48-24,38 ORFS 48х2 (0)(Г),9,38,28,1,1,1,false,false,
4269,20211-48-24T,38 ORFS 48х2 (0)(Г),9,38,28,1,1,1,false,false,
4270,20211-52-24T,38 ORFS 52х2 (0)(Г),9,38,24,1,1,1,false,false,
4271,20211-56-24T,38 ORFS 56х2 (0)(Г),9,38,31,1,1,1,false,false,
4272,20211-68-32T,50 ORFS 68х2 (0)(Г),9,50,36,1,1,1,false,false,
4273,20212-20-06,"10 ORFS 20х1,5 (0)(Г)",9,10,8,1,1,2,false,false,
4274,20212-20-06T,"10 ORFS 20х1,5 (0)(Г)",9,10,8,1,1,2,false,false,
4275,20212-20-08,"12 ORFS 20х1,5 (0)(Г)",9,12,8,1,1,2,false,false,
4276,20212-20-08T,"12 ORFS 20х1,5 (0)(Г)",9,12,8,1,1,2,false,false,
4277,20212-22-08,"12 ORFS 22х1,5 (0)(Г)",9,12,9,1,1,2,false,false,
4278,20212-22-08T,"12 ORFS 22х1,5 (0)(Г)",9,12,9,1,1,2,false,false,
4279,20212-22-10D,"16 ORFS 22х1,5 (0)(Г)",9,16,9,1,1,2,false,false,
4280,20212-24-08,"12 ORFS 24х1,5 (0)(Г)",9,12,10,1,1,2,false,false,
4281,20212-24-08T,"12 ORFS 24х1,5 (0)(Г)",9,12,10,1,1,2,false,false,
4282,20212-27-10D,"16 ORFS 27х1,5 (0)(Г)",9,16,12,1,1,2,false,false,
4283,20212-27-10DT,"16 ORFS 27х1,5 (0)(Г)",9,16,12,1,1,2,false,false,
4284,20212-30-12D,"20 ORFS 30х1,5 (0)(Г)",9,20,13,1,1,2,false,false,
4285,20212-30-12DT,"20 ORFS 30х1,5 (0)(Г)",9,20,13,1,1,2,false,false,
4286,20212-30-12T,20 ORFS 30х2 (0)(Г),9,20,14,1,1,2,false,false,
4287,20212-33-12,20 ORFS 33х2 (0)(Г),9,20,16,1,1,2,false,false,
4288,20212-33-12D,"20 ORFS 33х1,5 (0)(Г)",9,20,15,1,1,2,false,false,
4289,20212-33-12DT,"20 ORFS 33х1,5 (0)(Г)",9,20,15,1,1,2,false,false,
4290,20212-33-12T,20 ORFS 33х2 (0)(Г),9,20,16,1,1,2,false,false,
4291,20212-36-12,20 ORFS 36х2 (0)(Г),9,20,23,1,1,2,false,false,
4292,20212-36-12D,"20 ORFS 36х1,5 (0)(Г)",9,20,17,1,1,2,false,false,
4293,20212-36-12DT,"20 ORFS 36х1,5 (0)(Г)",9,20,17,1,1,2,false,false,
4294,20212-36-12T,20 ORFS 36х2 (0)(Г),9,20,23,1,1,2,false,false,
4295,20212-36-16,25 ORFS 36х2 (0)(Г),9,25,23,1,1,2,false,false,
4296,20212-36-16D,"25 ORFS 36х1,5 (0)(Г)",9,25,17,1,1,2,false,false,
4297,20212-36-16DT,"25 ORFS 36х1,5 (0)(Г)",9,25,17,1,1,2,false,false,
4298,20212-36-16T,25 ORFS 36х2 (0)(Г),9,25,23,1,1,2,false,false,
4299,20212-39-12,20 ORFS 39х2 (0)(Г),9,20,29,1,1,2,false,false,
4300,20212-39-12T,20 ORFS 39х2 (0)(Г),9,20,29,1,1,2,false,false,
4301,20212-39-16,25 ORFS 39х2 (0)(Г),9,25,29,1,1,2,false,false,
4302,20212-39-16T,25 ORFS 39х2 (0)(Г),9,25,29,1,1,2,false,false,
4303,20212-48-24,38 ORFS 48х2 (0)(Г),9,38,28,1,1,2,false,false,
4304,20212-48-24T,38 ORFS 48х2 (0)(Г),9,38,28,1,1,2,false,false,
4305,20212-52-20T,32 ORFS 52х2 (0)(Г),9,32,24,1,1,2,false,false,
4306,20212-52-24T,38 ORFS 52х2 (0)(Г),9,38,24,1,1,2,false,false,
4307,20241-14-04D,"06 ORFS 14х1,5 (45)(Г)",9,6,4,2,1,1,false,false,
4308,20241-14-04DT,"06 ORFS 14х1,5 (45)(Г)",9,6,4,2,1,1,false,false,
4309,20241-14-05D,"08 ORFS 14х1,5 (45)(Г)",9,8,4,2,1,1,false,false,
4310,20241-14-05DT,"08 ORFS 14х1,5 (45)(Г)",9,8,4,2,1,1,false,false,
4311,20241-14-06D,"10 ORFS 14х1,5 (45)(Г)",9,10,4,2,1,1,false,false,
4312,20241-16-04D,"06 ORFS 16х1,5 (45)(Г)",9,6,6,2,1,1,false,false,
4313,20241-16-04DT,"06 ORFS 16х1,5 (45)(Г)",9,6,6,2,1,1,false,false,
4314,20241-16-05D,"08 ORFS 16х1,5 (45)(Г)",9,8,6,2,1,1,false,false,
4315,20241-16-05DT,"08 ORFS 16х1,5 (45)(Г)",9,8,6,2,1,1,false,false,
4316,20241-16-06D,"10 ORFS 16х1,5 (45)(Г)",9,10,6,2,1,1,false,false,
4317,20241-16-06DT,"10 ORFS 16х1,5 (45)(Г)",9,10,6,2,1,1,false,false,
4318,20241-18-06,"10 ORFS 18х1,5 (45)(Г)",9,10,7,2,1,1,false,false,
4319,20241-18-06T,"10 ORFS 18х1,5 (45)(Г)",9,10,7,2,1,1,false,false,
4320,20241-20-06,"10 ORFS 20х1,5 (45)(Г)",9,10,8,2,1,1,false,false,
4321,20241-20-06T,"10 ORFS 20х1,5 (45)(Г)",9,10,8,2,1,1,false,false,
4322,20241-20-08,"12 ORFS 20х1,5 (45)(Г)",9,12,8,2,1,1,false,false,
4323,20241-20-08T,"12 ORFS 20х1,5 (45)(Г)",9,12,8,2,1,1,false,false,
4324,20241-22-06,"10 ORFS 22х1,5 (45)(Г)",9,10,9,2,1,1,false,false,
4325,20241-22-06T,"10 ORFS 22х1,5 (45)(Г)",9,10,9,2,1,1,false,false,
4326,20241-22-08,"12 ORFS 22х1,5 (45)(Г)",9,12,9,2,1,1,false,false,
4327,20241-22-08T,"12 ORFS 22х1,5 (45)(Г)",9,12,9,2,1,1,false,false,
4328,20241-24-08,"12 ORFS 24х1,5 (45)(Г)",9,12,10,2,1,1,false,false,
4329,20241-24-08T,"12 ORFS 24х1,5 (45)(Г)",9,12,10,2,1,1,false,false,
4330,20241-27-10D,"16 ORFS 27х1,5 (45)(Г)",9,16,12,2,1,1,false,false,
4331,20241-27-10DT,"16 ORFS 27х1,5 (45)(Г)",9,16,12,2,1,1,false,false,
4332,20241-30-12D,"20 ORFS 30х1,5 (45)(Г)",9,20,13,2,1,1,false,false,
4333,20241-30-12DT,"20 ORFS 30х1,5 (45)(Г)",9,20,13,2,1,1,false,false,
4334,20241-30-12T,20 ORFS 30х2 (45)(Г),9,20,14,2,1,1,false,false,
4335,20241-33-12,20 ORFS 33х2 (45)(Г),9,20,16,2,1,1,false,false,
4336,20241-33-12D,"20 ORFS 33х1,5 (45)(Г)",9,20,15,2,1,1,false,false,
4337,20241-33-12DT,"20 ORFS 33х1,5 (45)(Г)",9,20,15,2,1,1,false,false,
4338,20241-33-12T,20 ORFS 33х2 (45)(Г),9,20,16,2,1,1,false,false,
4339,20241-36-16,25 ORFS 36х2 (45)(Г),9,25,23,2,1,1,false,false,
4340,20241-36-16D,"25 ORFS 36х1,5 (45)(Г)",9,25,17,2,1,1,false,false,
4341,20241-36-16DT,"25 ORFS 36х1,5 (45)(Г)",9,25,17,2,1,1,false,false,
4342,20241-36-16T,25 ORFS 36х2 (45)(Г),9,25,23,2,1,1,false,false,
4343,20241-39-12,20 ORFS 39х2 (45)(Г),9,20,29,2,1,1,false,false,
4344,20241-39-12T,20 ORFS 39х2 (45)(Г),9,20,29,2,1,1,false,false,
4345,20241-39-16,25 ORFS 39х2 (45)(Г),9,25,29,2,1,1,false,false,
4346,20241-39-16T,25 ORFS 39х2 (45)(Г),9,25,29,2,1,1,false,false,
4347,20241-48-24,38 ORFS 48х2 (45)(Г),9,38,28,2,1,1,false,false,
4348,20241-48-24T,38 ORFS 48х2 (45)(Г),9,38,28,2,1,1,false,false,
4349,20241-52-24T,38 ORFS 52х2 (45)(Г),9,38,24,2,1,1,false,false,
4350,20242-20-08,"12 ORFS 20х1,5 (45)(Г)",9,12,8,2,1,2,false,false,
4351,20242-20-08T,"12 ORFS 20х1,5 (45)(Г)",9,12,8,2,1,2,false,false,
4352,20242-22-08,"12 ORFS 22х1,5 (45)(Г)",9,12,9,2,1,2,false,false,
4353,20242-22-08T,"12 ORFS 22х1,5 (45)(Г)",9,12,9,2,1,2,false,false,
4354,20242-24-08,"12 ORFS 24х1,5 (45)(Г)",9,12,10,2,1,2,false,false,
4355,20242-24-08T,"12 ORFS 24х1,5 (45)(Г)",9,12,10,2,1,2,false,false,
4356,20242-27-10D,"16 ORFS 27х1,5 (45)(Г)",9,16,12,2,1,2,false,false,
4357,20242-27-10DT,"16 ORFS 27х1,5 (45)(Г)",9,16,12,2,1,2,false,false,
4358,20242-30-12D,"20 ORFS 30х1,5 (45)(Г)",9,20,13,2,1,2,false,false,
4359,20242-30-12DT,"20 ORFS 30х1,5 (45)(Г)",9,20,13,2,1,2,false,false,
4360,20242-30-12T,20 ORFS 30х2 (45)(Г),9,20,14,2,1,2,false,false,
4361,20242-33-12,20 ORFS 33х2 (45)(Г),9,20,16,2,1,2,false,false,
4362,20242-33-12D,"20 ORFS 33х1,5 (45)(Г)",9,20,15,2,1,2,false,false,
4363,20242-33-12DT,"20 ORFS 33х1,5 (45)(Г)",9,20,15,2,1,2,false,false,
4364,20242-33-12T,20 ORFS 33х2 (45)(Г),9,20,16,2,1,2,false,false,
4365,20242-36-16,25 ORFS 36х2 (45)(Г),9,25,23,2,1,2,false,false,
4366,20242-36-16D,"25 ORFS 36х1,5 (45)(Г)",9,25,17,2,1,2,false,false,
4367,20242-36-16DT,"25 ORFS 36х1,5 (45)(Г)",9,25,17,2,1,2,false,false,
4368,20242-36-16T,25 ORFS 36х2 (45)(Г),9,25,23,2,1,2,false,false,
4369,20242-39-12,20 ORFS 39х2 (45)(Г),9,20,29,2,1,2,false,false,
4370,20242-39-12T,20 ORFS 39х2 (45)(Г),9,20,29,2,1,2,false,false,
4371,20242-39-16,25 ORFS 39х2 (45)(Г),9,25,29,2,1,2,false,false,
4372,20242-39-16T,25 ORFS 39х2 (45)(Г),9,25,29,2,1,2,false,false,
4373,20242-48-24,38 ORFS 48х2 (45)(Г),9,38,28,2,1,2,false,false,
4374,20242-48-24T,38 ORFS 48х2 (45)(Г),9,38,28,2,1,2,false,false,
4375,20242-52-24T,38 ORFS 52х2 (45)(Г),9,38,24,2,1,2,false,false,
4376,20291-14-04D,"06 ORFS 14х1,5 (90)(Г)",9,6,4,3,1,1,false,false,
4377,20291-14-04DT,"06 ORFS 14х1,5 (90)(Г)",9,6,4,3,1,1,false,false,
4378,20291-14-05D,"08 ORFS 14х1,5 (90)(Г)",9,8,4,3,1,1,false,false,
4379,20291-14-05DT,"08 ORFS 14х1,5 (90)(Г)",9,8,4,3,1,1,false,false,
4380,20291-14-06D,"10 ORFS 14х1,5 (90)(Г)",9,10,4,3,1,1,false,false,
4381,20291-16-04D,"06 ORFS 16х1,5 (90)(Г)",9,6,6,3,1,1,false,false,
4382,20291-16-04DT,"06 ORFS 16х1,5 (90)(Г)",9,6,6,3,1,1,false,false,
4383,20291-16-05D,"08 ORFS 16х1,5 (90)(Г)",9,8,6,3,1,1,false,false,
4384,20291-16-05DT,"08 ORFS 16х1,5 (90)(Г)",9,8,6,3,1,1,false,false,
4385,20291-16-06D,"10 ORFS 16х1,5 (90)(Г)",9,10,6,3,1,1,false,false,
4386,20291-16-06DT,"10 ORFS 16х1,5 (90)(Г)",9,10,6,3,1,1,false,false,
4387,20291-18-06,"10 ORFS 18х1,5 (90)(Г)",9,10,7,3,1,1,false,false,
4388,20291-18-06T,"10 ORFS 18х1,5 (90)(Г)",9,10,7,3,1,1,false,false,
4389,20291-20-06,"10 ORFS 20х1,5 (90)(Г)",9,10,8,3,1,1,false,false,
4390,20291-20-06T,"10 ORFS 20х1,5 (90)(Г)",9,10,8,3,1,1,false,false,
4391,20291-20-08,"12 ORFS 20х1,5 (90)(Г)",9,12,8,3,1,1,false,false,
4392,20291-20-08T,"12 ORFS 20х1,5 (90)(Г)",9,12,8,3,1,1,false,false,
4393,20291-22-06,"10 ORFS 22х1,5 (90)(Г)",9,10,9,3,1,1,false,false,
4394,20291-22-06T,"10 ORFS 22х1,5 (90)(Г)",9,10,9,3,1,1,false,false,
4395,20291-22-08,"12 ORFS 22х1,5 (90)(Г)",9,12,9,3,1,1,false,false,
4396,20291-22-08T,"12 ORFS 22х1,5 (90)(Г)",9,12,9,3,1,1,false,false,
4397,20291-24-08,"12 ORFS 24х1,5 (90)(Г)",9,12,10,3,1,1,false,false,
4398,20291-24-08T,"12 ORFS 24х1,5 (90)(Г)",9,12,10,3,1,1,false,false,
4399,20291-27-10D,"16 ORFS 27х1,5 (90)(Г)",9,16,12,3,1,1,false,false,
4400,20291-27-10DT,"16 ORFS 27х1,5 (90)(Г)",9,16,12,3,1,1,false,false,
4401,20291-30-12D,"20 ORFS 30х1,5 (90)(Г)",9,20,13,3,1,1,false,false,
4402,20291-30-12DT,"20 ORFS 30х1,5 (90)(Г)",9,20,13,3,1,1,false,false,
4403,20291-30-12T,20 ORFS 30х2 (90)(Г),9,20,14,3,1,1,false,false,
4404,20291-33-12,20 ORFS 33х2 (90)(Г),9,20,16,3,1,1,false,false,
4405,20291-33-12D,"20 ORFS 33х1,5 (90)(Г)",9,20,15,3,1,1,false,false,
4406,20291-33-12DT,"20 ORFS 33х1,5 (90)(Г)",9,20,15,3,1,1,false,false,
4407,20291-33-12T,20 ORFS 33х2 (90)(Г),9,20,16,3,1,1,false,false,
4408,20291-36-12,20 ORFS 36х2 (90)(Г),9,20,23,3,1,1,false,false,
4409,20291-36-12D,"20 ORFS 36х1,5 (90)(Г)",9,20,17,3,1,1,false,false,
4410,20291-36-12DT,"20 ORFS 36х1,5 (90)(Г)",9,20,17,3,1,1,false,false,
4411,20291-36-12T,20 ORFS 36х2 (90)(Г),9,20,23,3,1,1,false,false,
4412,20291-36-16,25 ORFS 36х2 (90)(Г),9,25,23,3,1,1,false,false,
4413,20291-36-16D,"25 ORFS 36х1,5 (90)(Г)",9,25,17,3,1,1,false,false,
4414,20291-36-16DT,"25 ORFS 36х1,5 (90)(Г)",9,25,17,3,1,1,false,false,
4415,20291-36-16T,25 ORFS 36х2 (90)(Г),9,25,23,3,1,1,false,false,
4416,20291-39-12,20 ORFS 39х2 (90)(Г),9,20,29,3,1,1,false,false,
4417,20291-39-12T,20 ORFS 39х2 (90)(Г),9,20,29,3,1,1,false,false,
4418,20291-39-16,25 ORFS 39х2 (90)(Г),9,25,29,3,1,1,false,false,
4419,20291-39-16T,25 ORFS 39х2 (90)(Г),9,25,29,3,1,1,false,false,
4420,20291-48-20T,32 ORFS 48х2 (90)(Г),9,32,28,3,1,1,false,false,
4421,20291-48-24,38 ORFS 48х2 (90)(Г),9,38,28,3,1,1,false,false,
4422,20291-48-24T,38 ORFS 48х2 (90)(Г),9,38,28,3,1,1,false,false,
4423,20291-52-24T,38 ORFS 52х2 (90)(Г),9,38,24,3,1,1,false,false,
4424,20291-56-24T,38 ORFS 56х2 (90)(Г),9,38,31,3,1,1,false,false,
4425,20291-68-32T,50 ORFS 68х2 (90)(Г),9,50,36,3,1,1,false,false,
4426,20292-20-08,"12 ORFS 20х1,5 (90)(Г)",9,12,8,3,1,2,false,false,
4427,20292-20-08T,"12 ORFS 20х1,5 (90)(Г)",9,12,8,3,1,2,false,false,
4428,20292-22-06,"10 ORFS 22х1,5 (90)(Г)",9,10,9,3,1,2,false,false,
4429,20292-22-06T,"10 ORFS 22х1,5 (90)(Г)",9,10,9,3,1,2,false,false,
4430,20292-22-08,"12 ORFS 22х1,5 (90)(Г)",9,12,9,3,1,2,false,false,
4431,20292-22-08T,"12 ORFS 22х1,5 (90)(Г)",9,12,9,3,1,2,false,false,
4432,20292-22-10D,"16 ORFS 22х1,5 (90)(Г)",9,16,9,3,1,2,false,false,
4433,20292-24-08,"12 ORFS 24х1,5 (90)(Г)",9,12,10,3,1,2,false,false,
4434,20292-24-08T,"12 ORFS 24х1,5 (90)(Г)",9,12,10,3,1,2,false,false,
4435,20292-27-10D,"16 ORFS 27х1,5 (90)(Г)",9,16,12,3,1,2,false,false,
4436,20292-27-10DT,"16 ORFS 27х1,5 (90)(Г)",9,16,12,3,1,2,false,false,
4437,20292-30-12D,"20 ORFS 30х1,5 (90)(Г)",9,20,13,3,1,2,false,false,
4438,20292-30-12DT,"20 ORFS 30х1,5 (90)(Г)",9,20,13,3,1,2,false,false,
4439,20292-30-12T,20 ORFS 30х2 (90)(Г),9,20,14,3,1,2,false,false,
4440,20292-33-12,20 ORFS 33х2 (90)(Г),9,20,16,3,1,2,false,false,
4441,20292-33-12D,"20 ORFS 33х1,5 (90)(Г)",9,20,15,3,1,2,false,false,
4442,20292-33-12DT,"20 ORFS 33х1,5 (90)(Г)",9,20,15,3,1,2,false,false,
4443,20292-33-12T,20 ORFS 33х2 (90)(Г),9,20,16,3,1,2,false,false,
4444,20292-36-12,20 ORFS 36х2 (90)(Г),9,20,23,3,1,2,false,false,
4445,20292-36-12D,"20 ORFS 36х1,5 (90)(Г)",9,20,17,3,1,2,false,false,
4446,20292-36-12DT,"20 ORFS 36х1,5 (90)(Г)",9,20,17,3,1,2,false,false,
4447,20292-36-12T,20 ORFS 36х2 (90)(Г),9,20,23,3,1,2,false,false,
4448,20292-36-16,25 ORFS 36х2 (90)(Г),9,25,23,3,1,2,false,false,
4449,20292-36-16D,"25 ORFS 36х1,5 (90)(Г)",9,25,17,3,1,2,false,false,
4450,20292-36-16DT,"25 ORFS 36х1,5 (90)(Г)",9,25,17,3,1,2,false,false,
4451,20292-36-16T,25 ORFS 36х2 (90)(Г),9,25,23,3,1,2,false,false,
4452,20292-39-12,20 ORFS 39х2 (90)(Г),9,20,29,3,1,2,false,false,
4453,20292-39-12T,20 ORFS 39х2 (90)(Г),9,20,29,3,1,2,false,false,
4454,20292-39-16,25 ORFS 39х2 (90)(Г),9,25,29,3,1,2,false,false,
4455,20292-39-16T,25 ORFS 39х2 (90)(Г),9,25,29,3,1,2,false,false,
4456,20292-48-24,38 ORFS 48х2 (90)(Г),9,38,28,3,1,2,false,false,
4457,20292-48-24T,38 ORFS 48х2 (90)(Г),9,38,28,3,1,2,false,false,
4458,20292-52-24T,38 ORFS 52х2 (90)(Г),9,38,24,3,1,2,false,false,
4459,14211-04-04,"06 ORFS 9/16"" (Ш)",9,6,94,1,2,1,false,false,
4460,14211-04-05,"08 ORFS 9/16"" (Ш)",9,8,94,1,2,1,false,false,
4461,14211-04-06,"10 ORFS 9/16"" (Ш)",9,10,94,1,2,1,false,false,
4462,14211-06-04,"06 ORFS 11/16"" (Ш)",9,6,91,1,2,1,false,false,
4463,14211-06-05,"08 ORFS 11/16"" (Ш)",9,8,91,1,2,1,false,false,
4464,14211-06-06,"10 ORFS 11/16"" (Ш)",9,10,91,1,2,1,false,false,
4465,14211-06-08,"12 ORFS 11/16"" (Ш)",9,12,91,1,2,1,false,false,
4466,14211-08-04,"06 ORFS 13/16"" (Ш)",9,6,77,1,2,1,false,false,
4467,14211-08-05,"08 ORFS 13/16"" (Ш)",9,8,77,1,2,1,false,false,
4468,14211-08-06,"10 ORFS 13/16"" (Ш)",9,10,77,1,2,1,false,false,
4469,14211-08-08,"12 ORFS 13/16"" (Ш)",9,12,77,1,2,1,false,false,
4470,14211-08-10,"16 ORFS 13/16"" (Ш)",9,16,77,1,2,1,false,false,
4471,14211-10-08,"12 ORFS 1"" (Ш)",9,12,56,1,2,1,false,false,
4472,14211-10-10,"16 ORFS 1"" (Ш)",9,16,56,1,2,1,false,false,
4473,14211-10-12,"20 ORFS 1"" (Ш)",9,20,56,1,2,1,false,false,
4474,14211-12-08,"12 ORFS 1,3/16"" (Ш)",9,12,64,1,2,1,false,false,
4475,14211-12-10,"16 ORFS 1,3/16"" (Ш)",9,16,64,1,2,1,false,false,
4476,14211-12-12,"20 ORFS 1,3/16"" (Ш)",9,20,64,1,2,1,false,false,
4477,14211-12-16,"25 ORFS 1,3/16"" (Ш)",9,25,64,1,2,1,false,false,
4478,14211-16-12,"20 ORFS 1,7/16"" (Ш)",9,20,65,1,2,1,false,false,
4479,14211-16-16,"25 ORFS 1,7/16"" (Ш)",9,25,65,1,2,1,false,false,
4480,14211-16-20,"32 ORFS 1,7/16"" (Ш)",9,32,65,1,2,1,false,false,
4481,14211-20-16,"25 ORFS 1,11/16"" (Ш)",9,25,66,1,2,1,false,false,
4482,14211-20-20,"32 ORFS 1,11/16"" (Ш)",9,32,66,1,2,1,false,false,
4483,14211-20-24,"38 ORFS 1,11/16"" (Ш)",9,38,66,1,2,1,false,false,
4484,14211-24-24,"38 ORFS 2"" (Ш)",9,38,62,1,2,1,false,false,
4485,14211-24-32,"50 ORFS 2"" (Ш)",9,50,62,1,2,1,false,false,
4486,14212-06-08,"12 ORFS 11/16"" (Ш)",9,12,91,1,2,2,false,false,
4487,14212-08-06,"10 ORFS 13/16"" (Ш)",9,10,77,1,2,2,false,false,
4488,14212-08-08,"12 ORFS 13/16"" (Ш)",9,12,77,1,2,2,false,false,
4489,14212-08-10,"16 ORFS 13/16"" (Ш)",9,16,77,1,2,2,false,false,
4490,14212-10-08,"12 ORFS 1"" (Ш)",9,12,56,1,2,2,false,false,
4491,14212-10-10,"16 ORFS 1"" (Ш)",9,16,56,1,2,2,false,false,
4492,14212-10-12,"20 ORFS 1"" (Ш)",9,20,56,1,2,2,false,false,
4493,14212-12-08,"12 ORFS 1,3/16"" (Ш)",9,12,64,1,2,2,false,false,
4494,14212-12-10,"16 ORFS 1,3/16"" (Ш)",9,16,64,1,2,2,false,false,
4495,14212-12-12,"20 ORFS 1,3/16"" (Ш)",9,20,64,1,2,2,false,false,
4496,14212-12-16,"25 ORFS 1,3/16"" (Ш)",9,25,64,1,2,2,false,false,
4497,14212-16-12,"20 ORFS 1,7/16"" (Ш)",9,20,65,1,2,2,false,false,
4498,14212-16-16,"25 ORFS 1,7/16"" (Ш)",9,25,65,1,2,2,false,false,
4499,14212-16-20,"32 ORFS 1,7/16"" (Ш)",9,32,65,1,2,2,false,false,
4500,14212-20-16,"25 ORFS 1,11/16"" (Ш)",9,25,66,1,2,2,false,false,
4501,14212-20-20,"32 ORFS 1,11/16"" (Ш)",9,32,66,1,2,2,false,false,
4502,14212-20-24,"38 ORFS 1,11/16"" (Ш)",9,38,66,1,2,2,false,false,
4503,14212-24-24,"38 ORFS 2"" (Ш)",9,38,62,1,2,2,false,false,
4504,14212-24-32,"50 ORFS 2"" (Ш)",9,50,62,1,2,2,false,false,
4505,24211-04-04,"06 ORFS 9/16"" (0)(Г)",9,6,94,1,1,1,false,false,
4506,24211-04-04T,"06 ORFS 9/16"" (0)(Г)",9,6,94,1,1,1,false,false,
4507,24211-04-05,"08 ORFS 9/16"" (0)(Г)",9,8,94,1,1,1,false,false,
4508,24211-04-05T,"08 ORFS 9/16"" (0)(Г)",9,8,94,1,1,1,false,false,
4509,24211-04-06,"10 ORFS 9/16"" (0)(Г)",9,10,94,1,1,1,false,false,
4510,24211-04-06T,"10 ORFS 9/16"" (0)(Г)",9,10,94,1,1,1,false,false,
4511,24211-06-04,"06 ORFS 11/16"" (0)(Г)",9,6,91,1,1,1,false,false,
4512,24211-06-04T,"06 ORFS 11/16"" (0)(Г)",9,6,91,1,1,1,false,false,
4513,24211-06-05,"08 ORFS 11/16"" (0)(Г)",9,8,91,1,1,1,false,false,
4514,24211-06-05T,"08 ORFS 11/16"" (0)(Г)",9,8,91,1,1,1,false,false,
4515,24211-06-06,"10 ORFS 11/16"" (0)(Г)",9,10,91,1,1,1,false,false,
4516,24211-06-06T,"10 ORFS 11/16"" (0)(Г)",9,10,91,1,1,1,false,false,
4517,24211-06-08,"12 ORFS 11/16"" (0)(Г)",9,12,91,1,1,1,false,false,
4518,24211-06-08T,"12 ORFS 11/16"" (0)(Г)",9,12,91,1,1,1,false,false,
4519,24211-08-04,"06 ORFS 13/16"" (0)(Г)",9,6,77,1,1,1,false,false,
4520,24211-08-04T,"06 ORFS 13/16"" (0)(Г)",9,6,77,1,1,1,false,false,
4521,24211-08-05,"08 ORFS 13/16"" (0)(Г)",9,8,77,1,1,1,false,false,
4522,24211-08-05T,"08 ORFS 13/16"" (0)(Г)",9,8,77,1,1,1,false,false,
4523,24211-08-06,"10 ORFS 13/16"" (0)(Г)",9,10,77,1,1,1,false,false,
4524,24211-08-06T,"10 ORFS 13/16"" (0)(Г)",9,10,77,1,1,1,false,false,
4525,24211-08-08,"12 ORFS 13/16"" (0)(Г)",9,12,77,1,1,1,false,false,
4526,24211-08-08T,"12 ORFS 13/16"" (0)(Г)",9,12,77,1,1,1,false,false,
4527,24211-08-10,"16 ORFS 13/16"" (0)(Г)",9,16,77,1,1,1,false,false,
4528,24211-08-10T,"16 ORFS 13/16"" (0)(Г)",9,16,77,1,1,1,false,false,
4529,24211-10-08,"12 ORFS 1"" (0)(Г)",9,12,56,1,1,1,false,false,
4530,24211-10-08T,"12 ORFS 1"" (0)(Г)",9,12,56,1,1,1,false,false,
4531,24211-10-10,"16 ORFS 1"" (0)(Г)",9,16,56,1,1,1,false,false,
4532,24211-10-10T,"16 ORFS 1"" (0)(Г)",9,16,56,1,1,1,false,false,
4533,24211-10-12,"20 ORFS 1"" (0)(Г)",9,20,56,1,1,1,false,false,
4534,24211-10-12T,"20 ORFS 1"" (0)(Г)",9,20,56,1,1,1,false,false,
4535,24211-12-08,"12 ORFS 1,3/16"" (0)(Г)",9,12,64,1,1,1,false,false,
4536,24211-12-08T,"12 ORFS 1,3/16"" (0)(Г)",9,12,64,1,1,1,false,false,
4537,24211-12-10,"16 ORFS 1,3/16"" (0)(Г)",9,16,64,1,1,1,false,false,
4538,24211-12-10T,"16 ORFS 1,3/16"" (0)(Г)",9,16,64,1,1,1,false,false,
4539,24211-12-12,"20 ORFS 1,3/16"" (0)(Г)",9,20,64,1,1,1,false,false,
4540,24211-12-12T,"20 ORFS 1,3/16"" (0)(Г)",9,20,64,1,1,1,false,false,
4541,24211-12-16,"25 ORFS 1,3/16"" (0)(Г)",9,25,64,1,1,1,false,false,
4542,24211-12-16T,"25 ORFS 1,3/16"" (0)(Г)",9,25,64,1,1,1,false,false,
4543,24211-16-12,"20 ORFS 1,7/16"" (0)(Г)",9,20,65,1,1,1,false,false,
4544,24211-16-12T,"20 ORFS 1,7/16"" (0)(Г)",9,20,65,1,1,1,false,false,
4545,24211-16-16,"25 ORFS 1,7/16"" (0)(Г)",9,25,65,1,1,1,false,false,
4546,24211-16-16T,"25 ORFS 1,7/16"" (0)(Г)",9,25,65,1,1,1,false,false,
4547,24211-16-20,"32 ORFS 1,7/16"" (0)(Г)",9,32,65,1,1,1,false,false,
4548,24211-16-20T,"32 ORFS 1,7/16"" (0)(Г)",9,32,65,1,1,1,false,false,
4549,24211-20-16,"25 ORFS 1,11/16"" (0)(Г)",9,25,66,1,1,1,false,false,
4550,24211-20-16T,"25 ORFS 1,11/16"" (0)(Г)",9,25,66,1,1,1,false,false,
4551,24211-20-20,"32 ORFS 1,11/16"" (0)(Г)",9,32,66,1,1,1,false,false,
4552,24211-20-20T,"32 ORFS 1,11/16"" (0)(Г)",9,32,66,1,1,1,false,false,
4553,24211-20-24,"38 ORFS 1,11/16"" (0)(Г)",9,38,66,1,1,1,false,false,
4554,24211-20-24T,"38 ORFS 1,11/16"" (0)(Г)",9,38,66,1,1,1,false,false,
4555,24211-20-24W,"38 ORFS 1,11/16"" (0)(Г)",9,38,66,1,1,1,false,false,
4556,24211-24-20,"32 ORFS 2"" (0)(Г)",9,32,62,1,1,1,false,false,
4557,24211-24-20T,"32 ORFS 2"" (0)(Г)",9,32,62,1,1,1,false,false,
4558,24211-24-24,"38 ORFS 2"" (0)(Г)",9,38,62,1,1,1,false,false,
4559,24211-24-24T,"38 ORFS 2"" (0)(Г)",9,38,62,1,1,1,false,false,
4560,24211-24-32,"50 ORFS 2"" (0)(Г)",9,50,62,1,1,1,false,false,
4561,24211-24-32T,"50 ORFS 2"" (0)(Г)",9,50,62,1,1,1,false,false,
4562,24212-06-08,"12 ORFS 11/16"" (0)(Г)",9,12,91,1,1,2,false,false,
4563,24212-06-08T,"12 ORFS 11/16"" (0)(Г)",9,12,91,1,1,2,false,false,
4564,24212-08-06,"10 ORFS 13/16"" (0)(Г)",9,10,77,1,1,2,false,false,
4565,24212-08-08,"12 ORFS 13/16"" (0)(Г)",9,12,77,1,1,2,false,false,
4566,24212-08-08T,"12 ORFS 13/16"" (0)(Г)",9,12,77,1,1,2,false,false,
4567,24212-08-10,"16 ORFS 13/16"" (0)(Г)",9,16,77,1,1,2,false,false,
4568,24212-08-10T,"16 ORFS 13/16"" (0)(Г)",9,16,77,1,1,2,false,false,
4569,24212-10-08,"12 ORFS 1"" (0)(Г)",9,12,56,1,1,2,false,false,
4570,24212-10-08T,"12 ORFS 1"" (0)(Г)",9,12,56,1,1,2,false,false,
4571,24212-10-10,"16 ORFS 1"" (0)(Г)",9,16,56,1,1,2,false,false,
4572,24212-10-10T,"16 ORFS 1"" (0)(Г)",9,16,56,1,1,2,false,false,
4573,24212-10-12,"20 ORFS 1"" (0)(Г)",9,20,56,1,1,2,false,false,
4574,24212-10-12T,"20 ORFS 1"" (0)(Г)",9,20,56,1,1,2,false,false,
4575,24212-12-08,"12 ORFS 1,3/16"" (0)(Г)",9,12,64,1,1,2,false,false,
4576,24212-12-08T,"12 ORFS 1,3/16"" (0)(Г)",9,12,64,1,1,2,false,false,
4577,24212-12-10,"16 ORFS 1,3/16"" (0)(Г)",9,16,64,1,1,2,false,false,
4578,24212-12-10T,"16 ORFS 1,3/16"" (0)(Г)",9,16,64,1,1,2,false,false,
4579,24212-12-12,"20 ORFS 1,3/16"" (0)(Г)",9,20,64,1,1,2,false,false,
4580,24212-12-12T,"20 ORFS 1,3/16"" (0)(Г)",9,20,64,1,1,2,false,false,
4581,24212-12-16,"25 ORFS 1,3/16"" (0)(Г)",9,25,64,1,1,2,false,false,
4582,24212-12-16T,"25 ORFS 1,3/16"" (0)(Г)",9,25,64,1,1,2,false,false,
4583,24212-16-12,"20 ORFS 1,7/16"" (0)(Г)",9,20,65,1,1,2,false,false,
4584,24212-16-12T,"20 ORFS 1,7/16"" (0)(Г)",9,20,65,1,1,2,false,false,
4585,24212-16-16,"25 ORFS 1,7/16"" (0)(Г)",9,25,65,1,1,2,false,false,
4586,24212-16-16T,"25 ORFS 1,7/16"" (0)(Г)",9,25,65,1,1,2,false,false,
4587,24212-16-20,"32 ORFS 1,7/16"" (0)(Г)",9,32,65,1,1,2,false,false,
4588,24212-16-20T,"32 ORFS 1,7/16"" (0)(Г)",9,32,65,1,1,2,false,false,
4589,24212-20-16,"25 ORFS 1,11/16"" (0)(Г)",9,25,66,1,1,2,false,false,
4590,24212-20-16T,"25 ORFS 1,11/16"" (0)(Г)",9,25,66,1,1,2,false,false,
4591,24212-20-20,"32 ORFS 1,11/16"" (0)(Г)",9,32,66,1,1,2,false,false,
4592,24212-20-20T,"32 ORFS 1,11/16"" (0)(Г)",9,32,66,1,1,2,false,false,
4593,24212-20-24,"38 ORFS 1,11/16"" (0)(Г)",9,38,66,1,1,2,false,false,
4594,24212-20-24T,"38 ORFS 1,11/16"" (0)(Г)",9,38,66,1,1,2,false,false,
4595,24212-20-24W,"38 ORFS 1,11/16"" (0)(Г)",9,38,66,1,1,2,false,false,
4596,24212-24-20,"32 ORFS 2"" (0)(Г)",9,32,62,1,1,2,false,false,
4597,24212-24-20T,"32 ORFS 2"" (0)(Г)",9,32,62,1,1,2,false,false,
4598,24212-24-24,"38 ORFS 2"" (0)(Г)",9,38,62,1,1,2,false,false,
4599,24212-24-24T,"38 ORFS 2"" (0)(Г)",9,38,62,1,1,2,false,false,
4600,24212-24-32,"50 ORFS 2"" (0)(Г)",9,50,62,1,1,2,false,false,
4601,24212-24-32T,"50 ORFS 2"" (0)(Г)",9,50,62,1,1,2,false,false,
4602,24213-12-12,"20 ORFS 1,3/16"" (0)(Г) Interlock",9,20,64,1,1,3,false,false,
4603,24213-12-12 CS,"20 ORFS 1,3/16"" (0)(Г) Interlock CS",9,20,64,1,1,3,false,false,
4604,24213-16-16,"25 ORFS 1,7/16"" (0)(Г) Interlock",9,25,65,1,1,3,false,false,
4605,24213-16-16 CS,"25 ORFS 1,7/16"" (0)(Г) interlock CS",9,25,65,1,1,3,false,false,
4606,24213-20-20,"32 ORFS 1,11/16"" (0)(Г) Interlock",9,32,66,1,1,3,false,false,
4607,24213-20-20 CS,"32 ORFS 1,11/16"" (0)(Г) Interlock CS",9,32,66,1,1,3,false,false,
4608,24241-04-04,"06 ORFS 9/16"" (45)(Г)",9,6,94,2,1,1,false,false,
4609,24241-04-04T,"06 ORFS 9/16"" (45)(Г)",9,6,94,2,1,1,false,false,
4610,24241-04-05,"08 ORFS 9/16"" (45)(Г)",9,8,94,2,1,1,false,false,
4611,24241-04-05T,"08 ORFS 9/16"" (45)(Г)",9,8,94,2,1,1,false,false,
4612,24241-04-06,"10 ORFS 9/16"" (45)(Г)",9,10,94,2,1,1,false,false,
4613,24241-04-06T,"10 ORFS 9/16"" (45)(Г)",9,10,94,2,1,1,false,false,
4614,24241-06-04,"06 ORFS 11/16"" (45)(Г)",9,6,91,2,1,1,false,false,
4615,24241-06-04T,"06 ORFS 11/16"" (45)(Г)",9,6,91,2,1,1,false,false,
4616,24241-06-05,"08 ORFS 11/16"" (45)(Г)",9,8,91,2,1,1,false,false,
4617,24241-06-05T,"08 ORFS 11/16"" (45)(Г)",9,8,91,2,1,1,false,false,
4618,24241-06-06,"10 ORFS 11/16"" (45)(Г)",9,10,91,2,1,1,false,false,
4619,24241-06-06T,"10 ORFS 11/16"" (45)(Г)",9,10,91,2,1,1,false,false,
4620,24241-06-08,"12 ORFS 11/16"" (45)(Г)",9,12,91,2,1,1,false,false,
4621,24241-06-08T,"12 ORFS 11/16"" (45)(Г)",9,12,91,2,1,1,false,false,
4622,24241-08-04,"06 ORFS 13/16"" (45)(Г)",9,6,77,2,1,1,false,false,
4623,24241-08-04T,"06 ORFS 13/16"" (45)(Г)",9,6,77,2,1,1,false,false,
4624,24241-08-05,"08 ORFS 13/16"" (45)(Г)",9,8,77,2,1,1,false,false,
4625,24241-08-05T,"08 ORFS 13/16"" (45)(Г)",9,8,77,2,1,1,false,false,
4626,24241-08-06,"10 ORFS 13/16"" (45)(Г)",9,10,77,2,1,1,false,false,
4627,24241-08-06T,"10 ORFS 13/16"" (45)(Г)",9,10,77,2,1,1,false,false,
4628,24241-08-08,"12 ORFS 13/16"" (45)(Г)",9,12,77,2,1,1,false,false,
4629,24241-08-08T,"12 ORFS 13/16"" (45)(Г)",9,12,77,2,1,1,false,false,
4630,24241-08-10,"16 ORFS 13/16"" (45)(Г)",9,16,77,2,1,1,false,false,
4631,24241-08-10T,"16 ORFS 13/16"" (45)(Г)",9,16,77,2,1,1,false,false,
4632,24241-10-08,"12 ORFS 1"" (45)(Г)",9,12,56,2,1,1,false,false,
4633,24241-10-08T,"12 ORFS 1"" (45)(Г)",9,12,56,2,1,1,false,false,
4634,24241-10-10,"16 ORFS 1"" (45)(Г)",9,16,56,2,1,1,false,false,
4635,24241-10-10T,"16 ORFS 1"" (45)(Г)",9,16,56,2,1,1,false,false,
4636,24241-10-12,"20 ORFS 1"" (45)(Г)",9,20,56,2,1,1,false,false,
4637,24241-10-12T,"20 ORFS 1"" (45)(Г)",9,20,56,2,1,1,false,false,
4638,24241-12-08,"12 ORFS 1,3/16"" (45)(Г)",9,12,64,2,1,1,false,false,
4639,24241-12-08T,"12 ORFS 1,3/16"" (45)(Г)",9,12,64,2,1,1,false,false,
4640,24241-12-10,"16 ORFS 1,3/16"" (45)(Г)",9,16,64,2,1,1,false,false,
4641,24241-12-10T,"16 ORFS 1,3/16"" (45)(Г)",9,16,64,2,1,1,false,false,
4642,24241-12-12,"20 ORFS 1,3/16"" (45)(Г)",9,20,64,2,1,1,false,false,
4643,24241-12-12T,"20 ORFS 1,3/16"" (45)(Г)",9,20,64,2,1,1,false,false,
4644,24241-12-16,"25 ORFS 1,3/16"" (45)(Г)",9,25,64,2,1,1,false,false,
4645,24241-12-16T,"25 ORFS 1,3/16"" (45)(Г)",9,25,64,2,1,1,false,false,
4646,24241-16-12,"20 ORFS 1,7/16"" (45)(Г)",9,20,65,2,1,1,false,false,
4647,24241-16-12T,"20 ORFS 1,7/16"" (45)(Г)",9,20,65,2,1,1,false,false,
4648,24241-16-16,"25 ORFS 1,7/16"" (45)(Г)",9,25,65,2,1,1,false,false,
4649,24241-16-16T,"25 ORFS 1,7/16"" (45)(Г)",9,25,65,2,1,1,false,false,
4650,24241-16-20,"32 ORFS 1,7/16"" (45)(Г)",9,32,65,2,1,1,false,false,
4651,24241-16-20T,"32 ORFS 1,7/16"" (45)(Г)",9,32,65,2,1,1,false,false,
4652,24241-20-16,"25 ORFS 1,11/16"" (45)(Г)",9,25,66,2,1,1,false,false,
4653,24241-20-16T,"25 ORFS 1,11/16"" (45)(Г)",9,25,66,2,1,1,false,false,
4654,24241-20-20,"32 ORFS 1,11/16"" (45)(Г)",9,32,66,2,1,1,false,false,
4655,24241-20-20T,"32 ORFS 1,11/16"" (45)(Г)",9,32,66,2,1,1,false,false,
4656,24241-20-24,"38 ORFS 1,11/16"" (45)(Г)",9,38,66,2,1,1,false,false,
4657,24241-20-24T,"38 ORFS 1,11/16"" (45)(Г)",9,38,66,2,1,1,false,false,
4658,24241-20-24W,"38 ORFS 1,11/16"" (45)(Г)",9,38,66,2,1,1,false,false,
4659,24241-24-20T,"32 ORFS 2"" (45)(Г)",9,32,62,2,1,1,false,false,
4660,24241-24-24,"38 ORFS 2"" (45)(Г)",9,38,62,2,1,1,false,false,
4661,24241-24-24T,"38 ORFS 2"" (45)(Г)",9,38,62,2,1,1,false,false,
4662,24241-24-32,"50 ORFS 2"" (45)(Г)",9,50,62,2,1,1,false,false,
4663,24241-24-32T,"50 ORFS 2"" (45)(Г)",9,50,62,2,1,1,false,false,
4664,24242-06-06,"10 ORFS 11/16"" (45)(Г)",9,10,91,2,1,2,false,false,
4665,24242-06-08,"12 ORFS 11/16"" (45)(Г)",9,12,91,2,1,2,false,false,
4666,24242-06-08T,"12 ORFS 11/16"" (45)(Г)",9,12,91,2,1,2,false,false,
4667,24242-08-06,"10 ORFS 13/16"" (45)(Г)",9,10,77,2,1,2,false,false,
4668,24242-08-08,"12 ORFS 13/16"" (45)(Г)",9,12,77,2,1,2,false,false,
4669,24242-08-08T,"12 ORFS 13/16"" (45)(Г)",9,12,77,2,1,2,false,false,
4670,24242-08-10,"16 ORFS 13/16"" (45)(Г)",9,16,77,2,1,2,false,false,
4671,24242-08-10T,"16 ORFS 13/16"" (45)(Г)",9,16,77,2,1,2,false,false,
4672,24242-10-08,"12 ORFS 1"" (45)(Г)",9,12,56,2,1,2,false,false,
4673,24242-10-08T,"12 ORFS 1"" (45)(Г)",9,12,56,2,1,2,false,false,
4674,24242-10-10,"16 ORFS 1"" (45)(Г)",9,16,56,2,1,2,false,false,
4675,24242-10-10T,"16 ORFS 1"" (45)(Г)",9,16,56,2,1,2,false,false,
4676,24242-10-12,"20 ORFS 1"" (45)(Г)",9,20,56,2,1,2,false,false,
4677,24242-10-12T,"20 ORFS 1"" (45)(Г)",9,20,56,2,1,2,false,false,
4678,24242-12-08,"12 ORFS 1,3/16"" (45)(Г)",9,12,64,2,1,2,false,false,
4679,24242-12-08T,"12 ORFS 1,3/16"" (45)(Г)",9,12,64,2,1,2,false,false,
4680,24242-12-10,"16 ORFS 1,3/16"" (45)(Г)",9,16,64,2,1,2,false,false,
4681,24242-12-10T,"16 ORFS 1,3/16"" (45)(Г)",9,16,64,2,1,2,false,false,
4682,24242-12-12,"20 ORFS 1,3/16"" (45)(Г)",9,20,64,2,1,2,false,false,
4683,24242-12-12T,"20 ORFS 1,3/16"" (45)(Г)",9,20,64,2,1,2,false,false,
4684,24242-12-16,"25 ORFS 1,3/16"" (45)(Г)",9,25,64,2,1,2,false,false,
4685,24242-12-16T,"25 ORFS 1,3/16"" (45)(Г)",9,25,64,2,1,2,false,false,
4686,24242-16-12,"20 ORFS 1,7/16"" (45)(Г)",9,20,65,2,1,2,false,false,
4687,24242-16-12T,"20 ORFS 1,7/16"" (45)(Г)",9,20,65,2,1,2,false,false,
4688,24242-16-14T,"22 ORFS 1,7/16"" (45)(Г)",9,22,65,2,1,2,false,false,
4689,24242-16-16,"25 ORFS 1,7/16"" (45)(Г)",9,25,65,2,1,2,false,false,
4690,24242-16-16T,"25 ORFS 1,7/16"" (45)(Г)",9,25,65,2,1,2,false,false,
4691,24242-16-20,"32 ORFS 1,7/16"" (45)(Г)",9,32,65,2,1,2,false,false,
4692,24242-16-20T,"32 ORFS 1,7/16"" (45)(Г)",9,32,65,2,1,2,false,false,
4693,24242-20-16,"25 ORFS 1,11/16"" (45)(Г)",9,25,66,2,1,2,false,false,
4694,24242-20-16T,"25 ORFS 1,11/16"" (45)(Г)",9,25,66,2,1,2,false,false,
4695,24242-20-20,"32 ORFS 1,11/16"" (45)(Г)",9,32,66,2,1,2,false,false,
4696,24242-20-20T,"32 ORFS 1,11/16"" (45)(Г)",9,32,66,2,1,2,false,false,
4697,24242-20-24,"38 ORFS 1,11/16"" (45)(Г)",9,38,66,2,1,2,false,false,
4698,24242-20-24T,"38 ORFS 1,11/16"" (45)(Г)",9,38,66,2,1,2,false,false,
4699,24242-20-24W,"38 ORFS 1,11/16"" (45)(Г)",9,38,66,2,1,2,false,false,
4700,24242-24-24,"38 ORFS 2"" (45)(Г)",9,38,62,2,1,2,false,false,
4701,24242-24-24T,"38 ORFS 2"" (45)(Г)",9,38,62,2,1,2,false,false,
4702,24242-24-32,"50 ORFS 2"" (45)(Г)",9,50,62,2,1,2,false,false,
4703,24242-24-32T,"50 ORFS 2"" (45)(Г)",9,50,62,2,1,2,false,false,
4704,24243-12-12,"20 ORFS 1,3/16"" (45)(Г) Interlock",9,20,64,2,1,3,false,false,
4705,24243-16-16,"25 ORFS 1,7/16"" (45)(Г) Interlock",9,25,65,2,1,3,false,false,
4706,24243-20-20,"32 ORFS 1,11/16"" (45)(Г) Interlock",9,32,66,2,1,3,false,false,
4707,24291-04-04,"06 ORFS 9/16"" (90)(Г)",9,6,94,3,1,1,false,false,
4708,24291-04-04T,"06 ORFS 9/16"" (90)(Г)",9,6,94,3,1,1,false,false,
4709,24291-04-05,"08 ORFS 9/16"" (90)(Г)",9,8,94,3,1,1,false,false,
4710,24291-04-05T,"08 ORFS 9/16"" (90)(Г)",9,8,94,3,1,1,false,false,
4711,24291-04-06,"10 ORFS 9/16"" (90)(Г)",9,10,94,3,1,1,false,false,
4712,24291-04-06T,"10 ORFS 9/16"" (90)(Г)",9,10,94,3,1,1,false,false,
4713,24291-06-04,"06 ORFS 11/16"" (90)(Г)",9,6,91,3,1,1,false,false,
4714,24291-06-04T,"06 ORFS 11/16"" (90)(Г)",9,6,91,3,1,1,false,false,
4715,24291-06-05,"08 ORFS 11/16"" (90)(Г)",9,8,91,3,1,1,false,false,
4716,24291-06-05T,"08 ORFS 11/16"" (90)(Г)",9,8,91,3,1,1,false,false,
4717,24291-06-06,"10 ORFS 11/16"" (90)(Г)",9,10,91,3,1,1,false,false,
4718,24291-06-06T,"10 ORFS 11/16"" (90)(Г)",9,10,91,3,1,1,false,false,
4719,24291-06-08,"12 ORFS 11/16"" (90)(Г)",9,12,91,3,1,1,false,false,
4720,24291-06-08T,"12 ORFS 11/16"" (90)(Г)",9,12,91,3,1,1,false,false,
4721,24291-08-04,"06 ORFS 13/16"" (90)(Г)",9,6,77,3,1,1,false,false,
4722,24291-08-04T,"06 ORFS 13/16"" (90)(Г)",9,6,77,3,1,1,false,false,
4723,24291-08-05,"08 ORFS 13/16"" (90)(Г)",9,8,77,3,1,1,false,false,
4724,24291-08-05T,"08 ORFS 13/16"" (90)(Г)",9,8,77,3,1,1,false,false,
4725,24291-08-06,"10 ORFS 13/16"" (90)(Г)",9,10,77,3,1,1,false,false,
4726,24291-08-06T,"10 ORFS 13/16"" (90)(Г)",9,10,77,3,1,1,false,false,
4727,24291-08-08,"12 ORFS 13/16"" (90)(Г)",9,12,77,3,1,1,false,false,
4728,24291-08-08T,"12 ORFS 13/16"" (90)(Г)",9,12,77,3,1,1,false,false,
4729,24291-08-10,"16 ORFS 13/16"" (90)(Г)",9,16,77,3,1,1,false,false,
4730,24291-08-10T,"16 ORFS 13/16"" (90)(Г)",9,16,77,3,1,1,false,false,
4731,24291-10-08,"12 ORFS 1"" (90)(Г)",9,12,56,3,1,1,false,false,
4732,24291-10-08T,"12 ORFS 1"" (90)(Г)",9,12,56,3,1,1,false,false,
4733,24291-10-10,"16 ORFS 1"" (90)(Г)",9,16,56,3,1,1,false,false,
4734,24291-10-10T,"16 ORFS 1"" (90)(Г)",9,16,56,3,1,1,false,false,
4735,24291-10-12,"20 ORFS 1"" (90)(Г)",9,20,56,3,1,1,false,false,
4736,24291-10-12T,"20 ORFS 1"" (90)(Г)",9,20,56,3,1,1,false,false,
4737,24291-12-08,"12 ORFS 1,3/16"" (90)(Г)",9,12,64,3,1,1,false,false,
4738,24291-12-08T,"12 ORFS 1,3/16"" (90)(Г)",9,12,64,3,1,1,false,false,
4739,24291-12-10,"16 ORFS 1,3/16"" (90)(Г)",9,16,64,3,1,1,false,false,
4740,24291-12-10T,"16 ORFS 1,3/16"" (90)(Г)",9,16,64,3,1,1,false,false,
4741,24291-12-12,"20 ORFS 1,3/16"" (90)(Г)",9,20,64,3,1,1,false,false,
4742,24291-12-12T,"20 ORFS 1,3/16"" (90)(Г)",9,20,64,3,1,1,false,false,
4743,24291-12-16,"25 ORFS 1,3/16"" (90)(Г)",9,25,64,3,1,1,false,false,
4744,24291-12-16T,"25 ORFS 1,3/16"" (90)(Г)",9,25,64,3,1,1,false,false,
4745,24291-16-12,"20 ORFS 1,7/16"" (90)(Г)",9,20,65,3,1,1,false,false,
4746,24291-16-12T,"20 ORFS 1,7/16"" (90)(Г)",9,20,65,3,1,1,false,false,
4747,24291-16-16,"25 ORFS 1,7/16"" (90)(Г)",9,25,65,3,1,1,false,false,
4748,24291-16-16T,"25 ORFS 1,7/16"" (90)(Г)",9,25,65,3,1,1,false,false,
4749,24291-16-20,"32 ORFS 1,7/16"" (90)(Г)",9,32,65,3,1,1,false,false,
4750,24291-16-20T,"32 ORFS 1,7/16"" (90)(Г)",9,32,65,3,1,1,false,false,
4751,24291-20-16,"25 ORFS 1,11/16"" (90)(Г)",9,25,66,3,1,1,false,false,
4752,24291-20-16T,"25 ORFS 1,11/16"" (90)(Г)",9,25,66,3,1,1,false,false,
4753,24291-20-20,"32 ORFS 1,11/16"" (90)(Г)",9,32,66,3,1,1,false,false,
4754,24291-20-20T,"32 ORFS 1,11/16"" (90)(Г)",9,32,66,3,1,1,false,false,
4755,24291-20-24,"38 ORFS 1,11/16"" (90)(Г)",9,38,66,3,1,1,false,false,
4756,24291-20-24T,"38 ORFS 1,11/16"" (90)(Г)",9,38,66,3,1,1,false,false,
4757,24291-20-24W,"38 ORFS 1,11/16"" (90)(Г)",9,38,66,3,1,1,false,false,
4758,24291-24-24,"38 ORFS 2"" (90)(Г)",9,38,62,3,1,1,false,false,
4759,24291-24-24T,"38 ORFS 2"" (90)(Г)",9,38,62,3,1,1,false,false,
4760,24291-24-32,"50 ORFS 2"" (90)(Г)",9,50,62,3,1,1,false,false,
4761,24291-24-32T,"50 ORFS 2"" (90)(Г)",9,50,62,3,1,1,false,false,
4762,24291K-04-04T H55,"06 ORFS 9/16"" (90)(Г) компакт",9,6,94,3,1,1,false,false,
4763,24291K-06-06T H55,"10 ORFS 11/16"" (90)(Г) компакт.",9,10,91,3,1,1,false,false,
4764,24292-06-08,"12 ORFS 11/16"" (90)(Г)",9,12,91,3,1,2,false,false,
4765,24292-06-08T,"12 ORFS 11/16"" (90)(Г)",9,12,91,3,1,2,false,false,
4766,24292-08-08,"12 ORFS 13/16"" (90)(Г)",9,12,77,3,1,2,false,false,
4767,24292-08-08T,"12 ORFS 13/16"" (90)(Г)",9,12,77,3,1,2,false,false,
4768,24292-08-10,"16 ORFS 13/16"" (90)(Г)",9,16,77,3,1,2,false,false,
4769,24292-08-10T,"16 ORFS 13/16"" (90)(Г)",9,16,77,3,1,2,false,false,
4770,24292-10-08,"12 ORFS 1"" (90)(Г)",9,12,56,3,1,2,false,false,
4771,24292-10-08T,"12 ORFS 1"" (90)(Г)",9,12,56,3,1,2,false,false,
4772,24292-10-10,"16 ORFS 1"" (90)(Г)",9,16,56,3,1,2,false,false,
4773,24292-10-10T,"16 ORFS 1"" (90)(Г)",9,16,56,3,1,2,false,false,
4774,24292-10-12,"20 ORFS 1"" (90)(Г)",9,20,56,3,1,2,false,false,
4775,24292-10-12T,"20 ORFS 1"" (90)(Г)",9,20,56,3,1,2,false,false,
4776,24292-12-08,"12 ORFS 1,3/16"" (90)(Г)",9,12,64,3,1,2,false,false,
4777,24292-12-08T,"12 ORFS 1,3/16"" (90)(Г)",9,12,64,3,1,2,false,false,
4778,24292-12-10,"16 ORFS 1,3/16"" (90)(Г)",9,16,64,3,1,2,false,false,
4779,24292-12-10T,"16 ORFS 1,3/16"" (90)(Г)",9,16,64,3,1,2,false,false,
4780,24292-12-12,"20 ORFS 1,3/16"" (90)(Г)",9,20,64,3,1,2,false,false,
4781,24292-12-12T,"20 ORFS 1,3/16"" (90)(Г)",9,20,64,3,1,2,false,false,
4782,24292-12-16,"25 ORFS 1,3/16"" (90)(Г)",9,25,64,3,1,2,false,false,
4783,24292-12-16T,"25 ORFS 1,3/16"" (90)(Г)",9,25,64,3,1,2,false,false,
4784,24292-16-12,"20 ORFS 1,7/16"" (90)(Г)",9,20,65,3,1,2,false,false,
4785,24292-16-12T,"20 ORFS 1,7/16"" (90)(Г)",9,20,65,3,1,2,false,false,
4786,24292-16-14T,"22 ORFS 1,7/16"" (90)(Г)",9,22,65,3,1,2,false,false,
4787,24292-16-16,"25 ORFS 1,7/16"" (90)(Г)",9,25,65,3,1,2,false,false,
4788,24292-16-16T,"25 ORFS 1,7/16"" (90)(Г)",9,25,65,3,1,2,false,false,
4789,24292-16-16T H110,"25 ORFS 1,7/16"" (90)(Г) (H110)",9,25,65,3,1,2,false,false,
4790,24292-16-16T H115,"25 ORFS 1,7/16"" (90)(Г) (H115)",9,25,65,3,1,2,false,false,
4791,24292-16-16T H125,"25 ORFS 1,7/16"" (90)(Г) (H125)",9,25,65,3,1,2,false,false,
4792,24292-16-20,"32 ORFS 1,7/16"" (90)(Г)",9,32,65,3,1,2,false,false,
4793,24292-16-20T,"32 ORFS 1,7/16"" (90)(Г)",9,32,65,3,1,2,false,false,
4794,24292-20-16,"25 ORFS 1,11/16"" (90)(Г)",9,25,66,3,1,2,false,false,
4795,24292-20-16T,"25 ORFS 1,11/16"" (90)(Г)",9,25,66,3,1,2,false,false,
4796,24292-20-20,"32 ORFS 1,11/16"" (90)(Г)",9,32,66,3,1,2,false,false,
4797,24292-20-20T,"32 ORFS 1,11/16"" (90)(Г)",9,32,66,3,1,2,false,false,
4798,24292-20-24,"38 ORFS 1,11/16"" (90)(Г)",9,38,66,3,1,2,false,false,
4799,24292-20-24T,"38 ORFS 1,11/16"" (90)(Г)",9,38,66,3,1,2,false,false,
4800,24292-20-24W,"38 ORFS 1,11/16"" (90)(Г)",9,38,66,3,1,2,false,false,
4801,24292-24-20T,"32 ORFS 2"" (90)(Г)",9,32,62,3,1,2,false,false,
4802,24292-24-24,"38 ORFS 2"" (90)(Г)",9,38,62,3,1,2,false,false,
4803,24292-24-24T,"38 ORFS 2"" (90)(Г)",9,38,62,3,1,2,false,false,
4804,24292-24-32,"50 ORFS 2"" (90)(Г)",9,50,62,3,1,2,false,false,
4805,24292-24-32T,"50 ORFS 2"" (90)(Г)",9,50,62,3,1,2,false,false,
4806,24293-12-12,"20 ORFS 1,3/16"" (90)(Г) Interlock",9,20,64,3,1,3,false,false,
4807,24293-16-16,"25 ORFS 1,7/16"" (90)(Г) Interlock",9,25,65,3,1,3,false,false,
4808,24293-16-16 CS,"25 ORFS 1,7/16"" (90)(Г) interlock CS",9,25,65,3,1,3,false,false,
4809,24293-20-20,"32 ORFS 1,11/16"" (90)(Г) Interlock",9,32,66,3,1,3,false,false,
4810,24293-20-20 CS,"32 ORFS 1,11/16"" (90)(Г) Interlock CS",9,32,66,3,1,3,false,false,
,,,,,16,,,,,,