article;name;standard;dy;thread;angle;armature;seria;usit;o_ring;s_key
22611-08-04;06 BSP 1/2 (0)(Г);BSP;6;1_2;0;гайка;легкая;false;false;null
22641-08-04;06 BSP 1/2 (45)(Г);BSP;6;1_2;45;гайка;легкая;false;false;null
22691-08-04;06 BSP 1/2 (90)(Г);BSP;6;1_2;90;гайка;легкая;false;false;null
12611-08-04;06 BSP 1/2 (Ш);BSP;6;1_2;0;штуцер;легкая;false;false;null
12611A-08-04;06 BSP 1/2 (Ш) S=27;BSP;6;1_2;0;штуцер;легкая;true;false;27
22611-04-04;06 BSP 1/4 (0)(Г);BSP;6;1_4;0;гайка;легкая;false;false;null
22611-04-04OR;06 BSP 1/4 (0)(Г) o-ring;BSP;6;1_4;0;гайка;легкая;false;true;null
22641-04-04;06 BSP 1/4 (45)(Г);BSP;6;1_4;45;гайка;легкая;false;false;null
22692-04-04;06 BSP 1/4 (90)(Г);BSP;6;1_4;90;гайка;тяжелая;false;false;null
22691-04-04;06 BSP 1/4 (90)(Г);BSP;6;1_4;90;гайка;легкая;false;false;null
22691-04-04OR;06 BSP 1/4 (90)(Г) o-ring;BSP;6;1_4;90;гайка;легкая;false;true;null
12611-04-04 S14;06 BSP 1/4 (Ш) S=14;BSP;6;1_4;0;штуцер;легкая;false;false;14
12611-04-04 S17;06 BSP 1/4 (Ш) S=17;BSP;6;1_4;0;штуцер;легкая;false;false;17
12611A-04-04;06 BSP 1/4 (Ш) S=19;BSP;6;1_4;0;штуцер;легкая;true;false;19
22611-02-04;06 BSP 1/8 (0)(Г);BSP;6;1_8;0;гайка;легкая;false;false;null
22641-02-04;06 BSP 1/8 (45)(Г);BSP;6;1_8;45;гайка;легкая;false;false;null
22691-02-04;06 BSP 1/8 (90)(Г);BSP;6;1_8;90;гайка;легкая;false;false;null
12611-02-04;06 BSP 1/8 (Ш) S=12;BSP;6;1_8;0;штуцер;легкая;false;false;12
12611A-02-04;06 BSP 1/8 (Ш) S=14;BSP;6;1_8;0;штуцер;легкая;true;false;14
22611-06-04;06 BSP 3/8 (0)(Г);BSP;6;3_8;0;гайка;легкая;false;false;null
22641-06-04;06 BSP 3/8 (45)(Г);BSP;6;3_8;45;гайка;легкая;false;false;null
22691-06-04;06 BSP 3/8 (90)(Г);BSP;6;3_8;90;гайка;легкая;false;false;null
12611-06-04;06 BSP 3/8 (Ш) S=17;BSP;6;3_8;0;штуцер;легкая;false;false;17
12611A-06-04;06 BSP 3/8 (Ш) S=22;BSP;6;3_8;0;штуцер;легкая;true;false;22
22611-08-05;08 BSP 1/2 (0)(Г);BSP;8;1_2;0;гайка;легкая;false;false;null
22641-08-05;08 BSP 1/2 (45)(Г);BSP;8;1_2;45;гайка;легкая;false;false;null
22691-08-05;08 BSP 1/2 (90)(Г);BSP;8;1_2;90;гайка;легкая;false;false;null
12611-08-05;08 BSP 1/2 (Ш) S=22;BSP;8;1_2;0;штуцер;легкая;false;false;22
12611A-08-05;08 BSP 1/2 (Ш) S=27;BSP;8;1_2;0;штуцер;легкая;true;false;27
22611-04-05;08 BSP 1/4 (0)(Г);BSP;8;1_4;0;гайка;легкая;false;false;null
22641-04-05;08 BSP 1/4 (45)(Г);BSP;8;1_4;45;гайка;легкая;false;false;null
22691-04-05;08 BSP 1/4 (90)(Г);BSP;8;1_4;90;гайка;легкая;false;false;null
12611-04-05;08 BSP 1/4 (Ш) S=17;BSP;8;1_4;0;штуцер;легкая;false;false;17
12611A-04-05;08 BSP 1/4 (Ш) S=19;BSP;8;1_4;0;штуцер;легкая;true;false;19
22611-06-05;08 BSP 3/8 (0)(Г);BSP;8;3_8;0;гайка;легкая;false;false;null
22641-06-05;08 BSP 3/8 (45)(Г);BSP;8;3_8;45;гайка;легкая;false;false;null
22691-06-05;08 BSP 3/8 (90)(Г);BSP;8;3_8;90;гайка;легкая;false;false;null
12611-06-05;08 BSP 3/8 (Ш) S=17;BSP;8;3_8;0;штуцер;легкая;false;false;17
12611A-06-05;08 BSP 3/8 (Ш) S=22;BSP;8;3_8;0;штуцер;легкая;true;false;22
22611-08-06;10 BSP 1/2 (0)(Г);BSP;10;1_2;0;гайка;легкая;false;false;null
22641-08-06;10 BSP 1/2 (45)(Г);BSP;10;1_2;45;гайка;легкая;false;false;null
22692-08-06;10 BSP 1/2 (90)(Г);BSP;10;1_2;90;гайка;тяжелая;false;false;null
22691-08-06;10 BSP 1/2 (90)(Г);BSP;10;1_2;90;гайка;легкая;false;false;null
12611-08-06;10 BSP 1/2 (Ш) S=22;BSP;10;1_2;0;штуцер;легкая;false;false;22
12612-08-06;10 BSP 1/2 (Ш) S=22;BSP;10;1_2;0;штуцер;тяжелая;false;false;22
12611А-08-06;10 BSP 1/2 (Ш) S=27;BSP;10;1_2;0;штуцер;легкая;true;false;27
12612А-08-06;10 BSP 1/2 (Ш) S=27;BSP;10;1_2;0;штуцер;тяжелая;true;false;27
22611-04-06;10 BSP 1/4 (0)(Г);BSP;10;1_4;0;гайка;легкая;false;false;null
22641-04-06;10 BSP 1/4 (45)(Г);BSP;10;1_4;45;гайка;легкая;false;false;null
22691-04-06;10 BSP 1/4 (90)(Г);BSP;10;1_4;90;гайка;легкая;false;false;null
12611-04-06;10 BSP 1/4 (Ш) S=17;BSP;10;1_4;0;штуцер;легкая;false;false;17
12611A-04-06;10 BSP 1/4 (Ш) S=19;BSP;10;1_4;0;штуцер;легкая;true;false;19
22611-02-06;10 BSP 1/8 (0)(Г);BSP;10;1_8;0;гайка;легкая;false;false;null
22641-02-06;10 BSP 1/8 (45)(Г);BSP;10;1_8;45;гайка;легкая;false;false;null
22691-02-06;10 BSP 1/8 (90)(Г);BSP;10;1_8;90;гайка;легкая;false;false;null
12611-02-06;10 BSP 1/8 (Ш);BSP;10;1_8;0;штуцер;легкая;false;false;null
12611A-02-06;10 BSP 1/8 (Ш);BSP;10;1_8;0;штуцер;легкая;true;false;null
22612-06-06;10 BSP 3/8 (0)(Г);BSP;10;3_8;0;гайка;тяжелая;false;false;null
22611-06-06;10 BSP 3/8 (0)(Г);BSP;10;3_8;0;гайка;легкая;false;false;null
22611-06-06OR;10 BSP 3/8 (0)(Г) o-ring;BSP;10;3_8;0;гайка;легкая;false;true;null
22641-06-06;10 BSP 3/8 (45)(Г);BSP;10;3_8;45;гайка;легкая;false;false;null
22692-06-06;10 BSP 3/8 (90)(Г);BSP;10;3_8;90;гайка;тяжелая;false;false;null
22691-06-06;10 BSP 3/8 (90)(Г);BSP;10;3_8;90;гайка;легкая;false;false;null
22691-06-06OR;10 BSP 3/8 (90)(Г) o-ring;BSP;10;3_8;90;гайка;легкая;false;true;null
12611-06-06 S17;10 BSP 3/8 (Ш) S=17;BSP;10;3_8;0;штуцер;легкая;false;false;17
12612-06-06 S17;10 BSP 3/8 (Ш) S=17;BSP;10;3_8;0;штуцер;тяжелая;false;false;17
12611-06-06 S19;10 BSP 3/8 (Ш) S=19;BSP;10;3_8;0;штуцер;легкая;false;false;19
12611A-06-06;10 BSP 3/8 (Ш) S=22;BSP;10;3_8;0;штуцер;легкая;true;false;22
22612-08-08;12 BSP 1/2 (0)(Г);BSP;12;1_2;0;гайка;тяжелая;false;false;null
22611-08-08;12 BSP 1/2 (0)(Г);BSP;12;1_2;0;гайка;легкая;false;false;null
22612-08-08OR;12 BSP 1/2 (0)(Г) o-ring;BSP;12;1_2;0;гайка;тяжелая;false;true;null
22611-08-08OR;12 BSP 1/2 (0)(Г) o-ring;BSP;12;1_2;0;гайка;легкая;false;true;null
22642-08-08;12 BSP 1/2 (45)(Г);BSP;12;1_2;45;гайка;тяжелая;false;false;null
22641-08-08;12 BSP 1/2 (45)(Г);BSP;12;1_2;45;гайка;легкая;false;false;null
22692-08-08;12 BSP 1/2 (90)(Г);BSP;12;1_2;90;гайка;тяжелая;false;false;null
22691-08-08;12 BSP 1/2 (90)(Г);BSP;12;1_2;90;гайка;легкая;false;false;null
22692-08-08OR;12 BSP 1/2 (90)(Г) o-ring;BSP;12;1_2;90;гайка;тяжелая;false;true;null
22691-08-08OR;12 BSP 1/2 (90)(Г) o-ring;BSP;12;1_2;90;гайка;легкая;false;true;null
12612-08-08;12 BSP 1/2 (Ш) S=22;BSP;12;1_2;0;штуцер;тяжелая;false;false;22
12611-08-08;12 BSP 1/2 (Ш) S=22;BSP;12;1_2;0;штуцер;легкая;false;false;22
12611A-08-08;12 BSP 1/2 (Ш) S=27;BSP;12;1_2;0;штуцер;легкая;true;false;27
12612А-08-08;12 BSP 1/2 (Ш) S=27;BSP;12;1_2;0;штуцер;тяжелая;true;false;27
22611-04-08;12 BSP 1/4 (0)(Г);BSP;12;1_4;0;гайка;легкая;false;false;null
22612-04-08;12 BSP 1/4 (0)(Г);BSP;12;1_4;0;гайка;тяжелая;false;false;null
22641-04-08;12 BSP 1/4 (45)(Г);BSP;12;1_4;45;гайка;легкая;false;false;null
22642-04-08;12 BSP 1/4 (45)(Г);BSP;12;1_4;45;гайка;тяжелая;false;false;null
22691-04-08;12 BSP 1/4 (90)(Г);BSP;12;1_4;90;гайка;легкая;false;false;null
22692-04-08;12 BSP 1/4 (90)(Г);BSP;12;1_4;90;гайка;тяжелая;false;false;null
12611-04-08;12 BSP 1/4 (Ш) ;BSP;12;1_4;0;штуцер;легкая;false;false;null
12611A-04-08;12 BSP 1/4 (Ш) ;BSP;12;1_4;0;штуцер;легкая;true;false;null
12612-04-08;12 BSP 1/4 (Ш) ;BSP;12;1_4;0;штуцер;тяжелая;false;false;null
12612A-04-08;12 BSP 1/4 (Ш) ;BSP;12;1_4;0;штуцер;тяжелая;true;false;null
22612-12-08;12 BSP 3/4 (0)(Г);BSP;12;3_4;0;гайка;тяжелая;false;false;null
22611-12-08;12 BSP 3/4 (0)(Г);BSP;12;3_4;0;гайка;легкая;false;false;null
22641-12-08;12 BSP 3/4 (45)(Г);BSP;12;3_4;45;гайка;легкая;false;false;null
22642-12-08;12 BSP 3/4 (45)(Г);BSP;12;3_4;45;гайка;тяжелая;false;false;null
22692-12-08;12 BSP 3/4 (90)(Г);BSP;12;3_4;90;гайка;тяжелая;false;false;null
22691-12-08;12 BSP 3/4 (90)(Г);BSP;12;3_4;90;гайка;легкая;false;false;null
12611-12-08;12 BSP 3/4 (Ш) S=27;BSP;12;3_4;0;штуцер;легкая;false;false;27
12612-12-08;12 BSP 3/4 (Ш) S=27;BSP;12;3_4;0;штуцер;тяжелая;false;false;27
12611А-12-08;12 BSP 3/4 (Ш) S=32;BSP;12;3_4;0;штуцер;легкая;true;false;32
12612А-12-08;12 BSP 3/4 (Ш) S=32;BSP;12;3_4;0;штуцер;тяжелая;true;false;32
22612-06-08;12 BSP 3/8 (0)(Г);BSP;12;3_8;0;гайка;тяжелая;false;false;null
22611-06-08;12 BSP 3/8 (0)(Г);BSP;12;3_8;0;гайка;легкая;false;false;null
22642-06-08;12 BSP 3/8 (45)(Г);BSP;12;3_8;45;гайка;тяжелая;false;false;null
22641-06-08;12 BSP 3/8 (45)(Г);BSP;12;3_8;45;гайка;легкая;false;false;null
22692-06-08;12 BSP 3/8 (90)(Г);BSP;12;3_8;90;гайка;тяжелая;false;false;null
22691-06-08;12 BSP 3/8 (90)(Г);BSP;12;3_8;90;гайка;легкая;false;false;null
12612-06-08;12 BSP 3/8 (Ш) S=19;BSP;12;3_8;0;штуцер;тяжелая;false;false;19
12611-06-08;12 BSP 3/8 (Ш) S=19;BSP;12;3_8;0;штуцер;легкая;false;false;19
12611A-06-08;12 BSP 3/8 (Ш) S=22;BSP;12;3_8;0;штуцер;легкая;true;false;22
12612A-06-08;12 BSP 3/8 (Ш) S=22;BSP;12;3_8;0;штуцер;тяжелая;true;false;22
22612-10-08;12 BSP 5/8 (0)(Г);BSP;12;5_8;0;гайка;тяжелая;false;false;null
22611-10-08;12 BSP 5/8 (0)(Г);BSP;12;5_8;0;гайка;легкая;false;false;null
22642-10-08;12 BSP 5/8 (45)(Г);BSP;12;5_8;45;гайка;тяжелая;false;false;null
22641-10-08;12 BSP 5/8 (45)(Г);BSP;12;5_8;45;гайка;легкая;false;false;null
22692-10-08;12 BSP 5/8 (90)(Г);BSP;12;5_8;90;гайка;тяжелая;false;false;null
22691-10-08;12 BSP 5/8 (90)(Г);BSP;12;5_8;90;гайка;легкая;false;false;null
12611-10-08 S24;12 BSP 5/8 (Ш) S=24;BSP;12;5_8;0;штуцер;легкая;false;false;24
12612-10-08 S24;12 BSP 5/8 (Ш) S=24;BSP;12;5_8;0;штуцер;тяжелая;false;false;24
12611-10-08 S27;12 BSP 5/8 (Ш) S=27;BSP;12;5_8;0;штуцер;легкая;false;false;27
12612-10-08 S27;12 BSP 5/8 (Ш) S=27;BSP;12;5_8;0;штуцер;тяжелая;false;false;27
12611A-10-08;12 BSP 5/8 (Ш) S=30;BSP;12;5_8;0;штуцер;легкая;true;false;30
12612A-10-08;12 BSP 5/8 (Ш) S=30;BSP;12;5_8;0;штуцер;тяжелая;true;false;30
22612-08-10;16 BSP 1/2 (0)(Г);BSP;16;1_2;0;гайка;тяжелая;false;false;null
22611-08-10;16 BSP 1/2 (0)(Г);BSP;16;1_2;0;гайка;легкая;false;false;null
22641-08-10;16 BSP 1/2 (45)(Г);BSP;16;1_2;45;гайка;легкая;false;false;null
22642-08-10;16 BSP 1/2 (45)(Г);BSP;16;1_2;45;гайка;тяжелая;false;false;null
22691-08-10;16 BSP 1/2 (90)(Г);BSP;16;1_2;90;гайка;легкая;false;false;null
22692-08-10;16 BSP 1/2 (90)(Г);BSP;16;1_2;90;гайка;тяжелая;false;false;null
12612-08-10;16 BSP 1/2 (Ш) ;BSP;16;1_2;0;штуцер;тяжелая;false;false;null
12611-08-10;16 BSP 1/2 (Ш) ;BSP;16;1_2;0;штуцер;легкая;false;false;null
12612A-08-10;16 BSP 1/2 (Ш) S=27;BSP;16;1_2;0;штуцер;тяжелая;true;false;27
12611A-08-10;16 BSP 1/2 (Ш) S=27;BSP;16;1_2;0;штуцер;легкая;true;false;27
22612-12-10;16 BSP 3/4 (0)(Г);BSP;16;3_4;0;гайка;тяжелая;false;false;null
22611-12-10;16 BSP 3/4 (0)(Г);BSP;16;3_4;0;гайка;легкая;false;false;null
22642-12-10;16 BSP 3/4 (45)(Г);BSP;16;3_4;45;гайка;тяжелая;false;false;null
22641-12-10;16 BSP 3/4 (45)(Г);BSP;16;3_4;45;гайка;легкая;false;false;null
22692-12-10;16 BSP 3/4 (90)(Г);BSP;16;3_4;90;гайка;тяжелая;false;false;null
22691-12-10;16 BSP 3/4 (90)(Г);BSP;16;3_4;90;гайка;легкая;false;false;null
12611-12-10;16 BSP 3/4 (Ш) S=27;BSP;16;3_4;0;штуцер;легкая;false;false;27
12612-12-10;16 BSP 3/4 (Ш) S=27;BSP;16;3_4;0;штуцер;тяжелая;false;false;27
12611A-12-10;16 BSP 3/4 (Ш) S=32;BSP;16;3_4;0;штуцер;легкая;true;false;32
12612A-12-10;16 BSP 3/4 (Ш) S=32;BSP;16;3_4;0;штуцер;тяжелая;true;false;32
22612-10-10;16 BSP 5/8 (0)(Г);BSP;16;5_8;0;гайка;тяжелая;false;false;null
22611-10-10;16 BSP 5/8 (0)(Г);BSP;16;5_8;0;гайка;легкая;false;false;null
22612-10-10OR;16 BSP 5/8 (0)(Г) o-ring;BSP;16;5_8;0;гайка;тяжелая;false;true;null
22611-10-10OR;16 BSP 5/8 (0)(Г) o-ring;BSP;16;5_8;0;гайка;легкая;false;true;null
22642-10-10;16 BSP 5/8 (45)(Г);BSP;16;5_8;45;гайка;тяжелая;false;false;null
22641-10-10;16 BSP 5/8 (45)(Г);BSP;16;5_8;45;гайка;легкая;false;false;null
22692-10-10;16 BSP 5/8 (90)(Г);BSP;16;5_8;90;гайка;тяжелая;false;false;null
22691-10-10;16 BSP 5/8 (90)(Г);BSP;16;5_8;90;гайка;легкая;false;false;null
12612A-10-10;16 BSP 5/8 (Ш) S=30;BSP;16;5_8;0;штуцер;тяжелая;true;false;30
12611A-10-10;16 BSP 5/8 (Ш) S=30;BSP;16;5_8;0;штуцер;легкая;true;false;30
22612-16-12;20 BSP 1 (0)(Г);BSP;20;1;0;гайка;тяжелая;false;false;null
22611-16-12;20 BSP 1 (0)(Г);BSP;20;1;0;гайка;легкая;false;false;null
22642-16-12;20 BSP 1 (45)(Г);BSP;20;1;45;гайка;тяжелая;false;false;null
22641-16-12;20 BSP 1 (45)(Г);BSP;20;1;45;гайка;легкая;false;false;null
22691-16-12;20 BSP 1 (90)(Г);BSP;20;1;90;гайка;легкая;false;false;null
22692-16-12;20 BSP 1 (90)(Г);BSP;20;1;90;гайка;тяжелая;false;false;null
12612-16-12;20 BSP 1 (Ш) S=36;BSP;20;1;0;штуцер;тяжелая;false;false;36
12611-16-12;20 BSP 1 (Ш) S=36;BSP;20;1;0;штуцер;легкая;false;false;36
12611A-16-12;20 BSP 1 (Ш) S=41;BSP;20;1;0;штуцер;легкая;true;false;41
12612A-16-12;20 BSP 1 (Ш) S=41;BSP;20;1;0;штуцер;тяжелая;true;false;41
22612-08-12;20 BSP 1/2 (0)(Г);BSP;20;1_2;0;гайка;тяжелая;false;false;null
22611-08-12;20 BSP 1/2 (0)(Г);BSP;20;1_2;0;гайка;легкая;false;false;null
22642-08-12;20 BSP 1/2 (45)(Г);BSP;20;1_2;45;гайка;тяжелая;false;false;null
22641-08-12;20 BSP 1/2 (45)(Г);BSP;20;1_2;45;гайка;легкая;false;false;null
22692-08-12;20 BSP 1/2 (90)(Г);BSP;20;1_2;90;гайка;тяжелая;false;false;null
22691-08-12;20 BSP 1/2 (90)(Г);BSP;20;1_2;90;гайка;легкая;false;false;null
12612A-08-12 S27;20 BSP 1/2 (Ш) S=27;BSP;20;1_2;0;штуцер;тяжелая;true;false;27
12611A-08-12 S27;20 BSP 1/2 (Ш) S=27;BSP;20;1_2;0;штуцер;легкая;true;false;27
12612A-08-12 S30;20 BSP 1/2 (Ш) S=30;BSP;20;1_2;0;штуцер;тяжелая;true;false;30
12611A-08-12 S30;20 BSP 1/2 (Ш) S=30;BSP;20;1_2;0;штуцер;легкая;true;false;30
22611-12-12;20 BSP 3/4 (0)(Г);BSP;20;3_4;0;гайка;легкая;false;false;null
22612-12-12;20 BSP 3/4 (0)(Г);BSP;20;3_4;0;гайка;тяжелая;false;false;null
22613-12-12;20 BSP 3/4 (0)(Г) Interlock;BSP;20;3_4;0;гайка;interlock;false;false;null
22642-12-12;20 BSP 3/4 (45)(Г);BSP;20;3_4;45;гайка;тяжелая;false;false;null
22641-12-12;20 BSP 3/4 (45)(Г);BSP;20;3_4;45;гайка;легкая;false;false;null
22691-12-12;20 BSP 3/4 (90)(Г);BSP;20;3_4;90;гайка;легкая;false;false;null
22692-12-12;20 BSP 3/4 (90)(Г);BSP;20;3_4;90;гайка;тяжелая;false;false;null
22693-12-12;20 BSP 3/4 (90)(Г) Interlock;BSP;20;3_4;90;гайка;interlock;false;false;null
12612-12-12;20 BSP 3/4 (Ш) S=27;BSP;20;3_4;0;штуцер;тяжелая;false;false;27
12611-12-12;20 BSP 3/4 (Ш) S=27;BSP;20;3_4;0;штуцер;легкая;false;false;27
12612A-12-12;20 BSP 3/4 (Ш) S=32;BSP;20;3_4;0;штуцер;тяжелая;true;false;32
12611A-12-12;20 BSP 3/4 (Ш) S=32;BSP;20;3_4;0;штуцер;легкая;true;false;32
22611-10-12;20 BSP 5/8 (0)(Г);BSP;20;5_8;0;гайка;легкая;false;false;null
22612-10-12;20 BSP 5/8 (0)(Г);BSP;20;5_8;0;гайка;тяжелая;false;false;null
22641-10-12;20 BSP 5/8 (45)(Г);BSP;20;5_8;45;гайка;легкая;false;false;null
22642-10-12;20 BSP 5/8 (45)(Г);BSP;20;5_8;45;гайка;тяжелая;false;false;null
22691-10-12;20 BSP 5/8 (90)(Г);BSP;20;5_8;90;гайка;легкая;false;false;null
22692-10-12;20 BSP 5/8 (90)(Г);BSP;20;5_8;90;гайка;тяжелая;false;false;null
12611A-10-12;20 BSP 5/8 (Ш) S=30;BSP;20;5_8;0;штуцер;легкая;true;false;30
12612A-10-12;20 BSP 5/8 (Ш) S=30;BSP;20;5_8;0;штуцер;тяжелая;true;false;30
22611-16-16;25 BSP 1 (0)(Г);BSP;25;1;0;гайка;легкая;false;false;null
22612-16-16;25 BSP 1 (0)(Г);BSP;25;1;0;гайка;тяжелая;false;false;null
22613-16-16;25 BSP 1 (0)(Г) Interlock;BSP;25;1;0;гайка;interlock;false;false;null
22642-16-16;25 BSP 1 (45)(Г);BSP;25;1;45;гайка;тяжелая;false;false;null
22641-16-16;25 BSP 1 (45)(Г);BSP;25;1;45;гайка;легкая;false;false;null
22691-16-16;25 BSP 1 (90)(Г);BSP;25;1;90;гайка;легкая;false;false;null
22692-16-16;25 BSP 1 (90)(Г);BSP;25;1;90;гайка;тяжелая;false;false;null
22693-16-16;25 BSP 1 (90)(Г) Interlock;BSP;25;1;90;гайка;interlock;false;false;null
12611-16-16;25 BSP 1 (Ш) S=36;BSP;25;1;0;штуцер;легкая;false;false;36
12612-16-16;25 BSP 1 (Ш) S=36;BSP;25;1;0;штуцер;тяжелая;false;false;36
12612A-16-16;25 BSP 1 (Ш) S=41;BSP;25;1;0;штуцер;тяжелая;true;false;41
12611A-16-16;25 BSP 1 (Ш) S=41;BSP;25;1;0;штуцер;легкая;true;false;41
22611-20-16;25 BSP 1.1/4 (0)(Г);BSP;25;1_1_4;0;гайка;легкая;false;false;null
22612-20-16;25 BSP 1.1/4 (0)(Г);BSP;25;1_1_4;0;гайка;тяжелая;false;false;null
22642-20-16;25 BSP 1.1/4 (45)(Г);BSP;25;1_1_4;45;гайка;тяжелая;false;false;null
22641-20-16;25 BSP 1.1/4 (45)(Г);BSP;25;1_1_4;45;гайка;легкая;false;false;null
22691-20-16;25 BSP 1.1/4 (90)(Г);BSP;25;1_1_4;90;гайка;легкая;false;false;null
22692-20-16;25 BSP 1.1/4 (90)(Г);BSP;25;1_1_4;90;гайка;тяжелая;false;false;null
12612-20-16;25 BSP 1.1/4 (Ш) S=45;BSP;25;1_1_4;0;штуцер;тяжелая;false;false;45
12611-20-16;25 BSP 1.1/4 (Ш) S=45;BSP;25;1_1_4;0;штуцер;легкая;false;false;45
12612A-20-16;25 BSP 1.1/4 (Ш) S=50;BSP;25;1_1_4;0;штуцер;тяжелая;true;false;50
12611A-20-16;25 BSP 1.1/4 (Ш) S=50;BSP;25;1_1_4;0;штуцер;легкая;true;false;50
22612-12-16;25 BSP 3/4 (0)(Г);BSP;25;3_4;0;гайка;тяжелая;false;false;null
22611-12-16;25 BSP 3/4 (0)(Г);BSP;25;3_4;0;гайка;легкая;false;false;null
22642-12-16;25 BSP 3/4 (45)(Г);BSP;25;3_4;45;гайка;тяжелая;false;false;null
22641-12-16;25 BSP 3/4 (45)(Г);BSP;25;3_4;45;гайка;легкая;false;false;null
22692-12-16;25 BSP 3/4 (90)(Г);BSP;25;3_4;90;гайка;тяжелая;false;false;null
22691-12-16;25 BSP 3/4 (90)(Г);BSP;25;3_4;90;гайка;легкая;false;false;null
12611A-12-16;25 BSP 3/4 (Ш) S=32;BSP;25;3_4;0;штуцер;легкая;true;false;32
12612A-12-16;25 BSP 3/4 (Ш) S=32;BSP;25;3_4;0;штуцер;тяжелая;true;false;32
12612A-12-16;25 BSP 3/4 (Ш) S=36;BSP;25;3_4;0;штуцер;тяжелая;true;false;36
22611-16-20;32 BSP 1 (0)(Г);BSP;32;1;0;гайка;легкая;false;false;null
22691-16-20;32 BSP 1 (90)(Г);BSP;32;1;90;гайка;легкая;false;false;null
22692-16-20;32 BSP 1 (90)(Г);BSP;32;1;90;гайка;тяжелая;false;false;null
12611-16-20;32 BSP 1 (Ш);BSP;32;1;0;штуцер;легкая;false;false;null
22611-24-20;32 BSP 1.1/2 (0)(Г);BSP;32;1_1_2;0;гайка;легкая;false;false;null
22612-24-20;32 BSP 1.1/2 (0)(Г);BSP;32;1_1_2;0;гайка;тяжелая;false;false;null
22641-24-20;32 BSP 1.1/2 (45)(Г);BSP;32;1_1_2;45;гайка;легкая;false;false;null
22642-24-20;32 BSP 1.1/2 (45)(Г);BSP;32;1_1_2;45;гайка;тяжелая;false;false;null
22692-24-20;32 BSP 1.1/2 (90)(Г);BSP;32;1_1_2;90;гайка;тяжелая;false;false;null
22691-24-20;32 BSP 1.1/2 (90)(Г);BSP;32;1_1_2;90;гайка;легкая;false;false;null
12612-24-20;32 BSP 1.1/2 (Ш) S=50;BSP;32;1_1_2;0;штуцер;тяжелая;false;false;50
12611-24-20;32 BSP 1.1/2 (Ш) S=50;BSP;32;1_1_2;0;штуцер;легкая;false;false;50
12612A-24-20;32 BSP 1.1/2 (Ш) S=55;BSP;32;1_1_2;0;штуцер;тяжелая;true;false;55
12611A-24-20;32 BSP 1.1/2 (Ш) S=55;BSP;32;1_1_2;0;штуцер;легкая;true;false;55
22611-20-20;32 BSP 1.1/4 (0)(Г);BSP;32;1_1_4;0;гайка;легкая;false;false;null
22612-20-20;32 BSP 1.1/4 (0)(Г);BSP;32;1_1_4;0;гайка;тяжелая;false;false;null
22613-20-20;32 BSP 1.1/4 (0)(Г) Interlock;BSP;32;1_1_4;0;гайка;interlock;false;false;null
22612-20-20OR;32 BSP 1.1/4 (0)(Г) o-ring;BSP;32;1_1_4;0;гайка;тяжелая;false;true;null
22642-20-20;32 BSP 1.1/4 (45)(Г);BSP;32;1_1_4;45;гайка;тяжелая;false;false;null
22641-20-20;32 BSP 1.1/4 (45)(Г);BSP;32;1_1_4;45;гайка;легкая;false;false;null
22692-20-20;32 BSP 1.1/4 (90)(Г);BSP;32;1_1_4;90;гайка;тяжелая;false;false;null
22691-20-20;32 BSP 1.1/4 (90)(Г);BSP;32;1_1_4;90;гайка;легкая;false;false;null
22693-20-20;32 BSP 1.1/4 (90)(Г) Interlock;BSP;32;1_1_4;90;гайка;interlock;false;false;null
12612-20-20;32 BSP 1.1/4 (Ш) S=46;BSP;32;1_1_4;0;штуцер;тяжелая;false;false;46
12611-20-20;32 BSP 1.1/4 (Ш) S=46;BSP;32;1_1_4;0;штуцер;легкая;false;false;46
12611A-20-20;32 BSP 1.1/4 (Ш) S=50;BSP;32;1_1_4;0;штуцер;легкая;true;false;50
12612A-20-20;32 BSP 1.1/4 (Ш) S=50;BSP;32;1_1_4;0;штуцер;тяжелая;true;false;50
22612-24-24;38 BSP 1.1/2 (0)(Г);BSP;38;1_1_2;0;гайка;тяжелая;false;false;null
22611-24-24;38 BSP 1.1/2 (0)(Г);BSP;38;1_1_2;0;гайка;легкая;false;false;null
22613-24-24;38 BSP 1.1/2 (0)(Г) Interlock;BSP;38;1_1_2;0;гайка;interlock;false;false;null
22642-24-24;38 BSP 1.1/2 (45)(Г);BSP;38;1_1_2;45;гайка;тяжелая;false;false;null
22641-24-24;38 BSP 1.1/2 (45)(Г);BSP;38;1_1_2;45;гайка;легкая;false;false;null
22692-24-24;38 BSP 1.1/2 (90)(Г);BSP;38;1_1_2;90;гайка;тяжелая;false;false;null
22691-24-24;38 BSP 1.1/2 (90)(Г);BSP;38;1_1_2;90;гайка;легкая;false;false;null
12612-24-24;38 BSP 1.1/2 (Ш) S=50;BSP;38;1_1_2;0;штуцер;тяжелая;false;false;50
12611-24-24;38 BSP 1.1/2 (Ш) S=50;BSP;38;1_1_2;0;штуцер;легкая;false;false;50
12611A-24-24;38 BSP 1.1/2 (Ш) S=55;BSP;38;1_1_2;0;штуцер;легкая;true;false;55
12612A-24-24;38 BSP 1.1/2 (Ш) S=55;BSP;38;1_1_2;0;штуцер;тяжелая;true;false;55
22612-32-24;38 BSP 2 (0)(Г);BSP;38;2;0;гайка;тяжелая;false;false;null
22611-32-24;38 BSP 2 (0)(Г);BSP;38;2;0;гайка;легкая;false;false;null
22642-32-24;38 BSP 2 (45)(Г);BSP;38;2;45;гайка;тяжелая;false;false;null
22641-32-24;38 BSP 2 (45)(Г);BSP;38;2;45;гайка;легкая;false;false;null
22692-32-24;38 BSP 2 (90)(Г);BSP;38;2;90;гайка;тяжелая;false;false;null
22691-32-24;38 BSP 2 (90)(Г);BSP;38;2;90;гайка;легкая;false;false;null
12612-32-24;38 BSP 2 (Ш);BSP;38;2;0;штуцер;тяжелая;false;false;null
12611-32-24;38 BSP 2 (Ш);BSP;38;2;0;штуцер;легкая;false;false;null
22612-32-32;50 BSP 2 (0)(Г);BSP;50;2;0;гайка;тяжелая;false;false;null
22611-32-32;50 BSP 2 (0)(Г);BSP;50;2;0;гайка;легкая;false;false;null
22613-32-32;50 BSP 2 (0)(Г) Interlock;BSP;50;2;0;гайка;interlock;false;false;null
22641-32-32;50 BSP 2 (45)(Г);BSP;50;2;45;гайка;легкая;false;false;null
22642-32-32;50 BSP 2 (45)(Г);BSP;50;2;45;гайка;тяжелая;false;false;null
22691-32-32;50 BSP 2 (90)(Г);BSP;50;2;90;гайка;легкая;false;false;null
22692-32-32;50 BSP 2 (90)(Г);BSP;50;2;90;гайка;тяжелая;false;false;null
22693-32-32;50 BSP 2 (90)(Г) Interlock;BSP;50;2;90;гайка;interlock;false;false;null
12612-32-32;50 BSP 2 (Ш) S=65;BSP;50;2;0;штуцер;тяжелая;false;false;65
12611-32-32;50 BSP 2 (Ш) S=65;BSP;50;2;0;штуцер;легкая;false;false;65
12611A-32-32;50 BSP 2 (Ш) S=70;BSP;50;2;0;штуцер;легкая;true;false;70
12612A-32-32;50 BSP 2 (Ш) S=70;BSP;50;2;0;штуцер;тяжелая;true;false;70
13011-02-04SP;06 BSPT 1/8 (Ш-к);BSPT;6;1_8;0;штуцер конусный;легкая;false;false;null
13011-04-04SP;06 BSPT 1/4 (Ш-к);BSPT;6;1_4;0;штуцер конусный;легкая;false;false;null
13011-04-04SP S17;06 BSPT 1/4 (Ш-к) S=17;BSPT;6;1_4;0;штуцер конусный;легкая;false;false;17
13011-04-05SP;08 BSPT 1/4 (Ш-к);BSPT;8;1_4;0;штуцер конусный;легкая;false;false;null
13011-04-06SP;10 BSPT 1/4 (Ш-к);BSPT;10;1_4;0;штуцер конусный;легкая;false;false;null
13011-06-04SP;06 BSPT 3/8 (Ш-к);BSPT;6;3_8;0;штуцер конусный;легкая;false;false;null
13011-06-05SP;08 BSPT 3/8 (Ш-к);BSPT;8;3_8;0;штуцер конусный;легкая;false;false;null
13011-06-06SP;10 BSPT 3/8 (Ш-к);BSPT;10;3_8;0;штуцер конусный;легкая;false;false;null
13011-06-06SP S22;10 BSPT 3/8 (Ш-к) S=22;BSPT;10;3_8;0;штуцер конусный;легкая;false;false;22
13011-06-08SP;12 BSPT 3/8 (Ш-к);BSPT;12;3_8;0;штуцер конусный;легкая;false;false;null
13011-08-04SP;06 BSPT 1/2 (Ш-к);BSPT;6;1_2;0;штуцер конусный;легкая;false;false;null
13011-08-06SP;10 BSPT 1/2 (Ш-к);BSPT;10;1_2;0;штуцер конусный;легкая;false;false;null
13011-08-08SP;12 BSPT 1/2 (Ш-к);BSPT;12;1_2;0;штуцер конусный;легкая;false;false;null
13011-12-10SP;16 BSPT 3/4 (Ш-к) ;BSPT;16;3_4;0;штуцер конусный;легкая;false;false;null
13011-12-12SP;20 BSPT 3/4 (Ш-к);BSPT;20;3_4;0;штуцер конусный;легкая;false;false;null
13011-16-12SP;20 BSPT 1 (Ш-к);BSPT;20;1;0;штуцер конусный;легкая;false;false;null
13011-16-16SP;25 BSPT 1 (Ш-к);BSPT;25;1;0;штуцер конусный;легкая;false;false;null
13011-20-16SP;25 BSPT 1.1/4 (Ш-к);BSPT;25;1_1_4;0;штуцер конусный;легкая;false;false;null
13011-20-20SP;32 BSPT 1.1/4 (Ш-к);BSPT;32;1_1_4;0;штуцер конусный;легкая;false;false;null
13011-24-24SP;38 BSPT 1.1/2 (Ш-к);BSPT;38;1_1_2;0;штуцер конусный;легкая;false;false;null
13011-32-32SP;50 BSPT 2 (Ш-к);BSPT;50;2;0;штуцер конусный;легкая;false;false;null
13012-06-08SP;12 BSPT 3/8 (Ш-к);BSPT;12;3_8;0;штуцер конусный;тяжелая;false;false;null
13012-08-06SP;10 BSPT 1/2 (Ш-к);BSPT;10;1_2;0;штуцер конусный;тяжелая;false;false;null
13012-08-08SP;12 BSPT 1/2 (Ш-к);BSPT;12;1_2;0;штуцер конусный;тяжелая;false;false;null
13012-12-08SP;12 BSPT 3/4 (Ш-к);BSPT;12;3_4;0;штуцер конусный;тяжелая;false;false;null
13012-12-10SP;16 BSPT 3/4 (Ш-к) ;BSPT;16;3_4;0;штуцер конусный;тяжелая;false;false;null
13012-12-12SP;20 BSPT 3/4 (Ш-к);BSPT;20;3_4;0;штуцер конусный;тяжелая;false;false;null
13012-16-12SP;20 BSPT 1 (Ш-к);BSPT;20;1;0;штуцер конусный;тяжелая;false;false;null
13012-16-16SP;25 BSPT 1 (Ш-к);BSPT;25;1;0;штуцер конусный;тяжелая;false;false;null
13012-20-16SP;25 BSPT 1.1/4 (Ш-к);BSPT;25;1_1_4;0;штуцер конусный;тяжелая;false;false;null
13012-20-20SP;32 BSPT 1.1/4 (Ш-к);BSPT;32;1_1_4;0;штуцер конусный;тяжелая;false;false;null
13012-24-20SP;32 BSPT 1.1/2 (Ш-к);BSPT;32;1_1_2;0;штуцер конусный;тяжелая;false;false;null
13012-24-24SP;38 BSPT 1.1/2 (Ш-к);BSPT;38;1_1_2;0;штуцер конусный;тяжелая;false;false;null
13012-32-32SP;50 BSPT 2 (Ш-к);BSPT;50;2;0;штуцер конусный;тяжелая;false;false;null
10611-18-05;08 DK 18х1,5 (Ш);DK;8;18_1_5;0;штуцер;легкая;false;false;null
10611-18-08 S24;12 DK 18х1,5 (Ш) S=24;DK;12;18_1_5;0;штуцер;легкая;false;false;24
10611-20-06 S24;10 DK 20х1,5 (Ш) S=24;DK;10;20_1_5;0;штуцер;легкая;false;false;24
10611-22-08 S22;12 DK 22х1,5 (Ш) S=22;DK;12;22_1_5;0;штуцер;легкая;false;false;22
10611-33-16 S36;25 DK 33х2 (Ш) S=36;DK;25;33_2;0;штуцер;легкая;false;false;36
10611A-10-04;06 DK 10х1 (Ш) S=14;DK;6;10_1;0;штуцер;легкая;true;false;14
10611A-10-04 S17;06 DK 10х1 (Ш) S=17;DK;6;10_1;0;штуцер;легкая;true;false;17
10611A-12-04;06 DK 12х1 (Ш) S=17;DK;6;12_1;0;штуцер;легкая;true;false;17
10611A-18-04;06 DK 18х1,5 (Ш) S=24;DK;6;18_1_5;0;штуцер;легкая;true;false;24
10611A-18-05;08 DK 18х1,5 (Ш) S=24;DK;8;18_1_5;0;штуцер;легкая;true;false;24
10611A-18-06;10 DK 18х1,5 (Ш) S=24;DK;10;18_1_5;0;штуцер;легкая;true;false;24
10611A-20-04;06 DK 20х1,5 (Ш) S=27;DK;6;20_1_5;0;штуцер;легкая;true;false;27
10611A-20-05;08 DK 20х1,5 (Ш) S=27;DK;8;20_1_5;0;штуцер;легкая;true;false;27
10611A-20-06;10 DK 20х1,5 (Ш) S=27;DK;10;20_1_5;0;штуцер;легкая;true;false;27
10611A-20-08;12 DK 20х1,5 (Ш) S=27;DK;12;20_1_5;0;штуцер;легкая;true;false;27
10611A-20-10;16 DK 20х1,5 (Ш) S=27;DK;16;20_1_5;0;штуцер;легкая;true;false;27
10611A-22-04;06 DK 22х1,5 (Ш) S=27;DK;6;22_1_5;0;штуцер;легкая;true;false;27
10611A-22-05;08 DK 22х1,5 (Ш) S=27;DK;8;22_1_5;0;штуцер;легкая;true;false;27
10611A-22-06;10 DK 22х1,5 (Ш) S=27;DK;10;22_1_5;0;штуцер;легкая;true;false;27
10611A-22-08;12 DK 22х1,5 (Ш) S=27;DK;12;22_1_5;0;штуцер;легкая;true;false;27
10611A-22-10;16 DK 22х1,5 (Ш) S=27;DK;16;22_1_5;0;штуцер;легкая;true;false;27
10611A-24-08;12 DK 24х1,5 (Ш) S=30;DK;12;24_1_5;0;штуцер;легкая;true;false;30
10611A-24-10;16 DK 24х1,5 (Ш) S=30;DK;16;24_1_5;0;штуцер;легкая;true;false;30
10611A-24-12;20 DK 24х1,5 (Ш) S=30;DK;20;24_1_5;0;штуцер;легкая;true;false;30
10611A-27-08;12 DK 27х2 (Ш) S=32;DK;12;27_2;0;штуцер;легкая;true;false;32
10611A-27-10;16 DK 27х2 (Ш) S=32;DK;16;27_2;0;штуцер;легкая;true;false;32
10611A-27-12;20 DK 27х2 (Ш) S=32;DK;20;27_2;0;штуцер;легкая;true;false;32
10611A-30-10;16 DK 30х2 (Ш) S=36;DK;16;30_2;0;штуцер;легкая;true;false;36
10611A-30-12;20 DK 30х2 (Ш) S=36;DK;20;30_2;0;штуцер;легкая;true;false;36
10611A-33-16;25 DK 33х2 (Ш) S=39;DK;25;33_2;0;штуцер;легкая;true;false;39
10611A-36-12;20 DK 36х2 (Ш) S=41;DK;20;36_2;0;штуцер;легкая;true;false;41
10611A-36-16;25 DK 36х2 (Ш) S=41;DK;25;36_2;0;штуцер;легкая;true;false;41
10611A-39-16;25 DK 39х2 (Ш) S=46;DK;25;39_2;0;штуцер;легкая;true;false;46
10611A-42-12;20 DK 42х2 (Ш) S=50;DK;20;42_2;0;штуцер;легкая;true;false;50
10611A-42-16;25 DK 42х2 (Ш) S=50;DK;25;42_2;0;штуцер;легкая;true;false;50
10611A-42-20;32 DK 42х2 (Ш) S=50;DK;32;42_2;0;штуцер;легкая;true;false;50
10611A-45-20;32 DK 45х2 (Ш) S=55;DK;32;45_2;0;штуцер;легкая;true;false;55
10611A-48-20;32 DK 48х2 (Ш) S=60;DK;32;48_2;0;штуцер;легкая;true;false;60
10611A-52-20;32 DK 52х2 (Ш) S=65;DK;32;52_2;0;штуцер;легкая;true;false;65
10611A-52-24;38 DK 52х2 (Ш) S=65;DK;38;52_2;0;штуцер;легкая;true;false;65
10611A-56-24;38 DK 56х2 (Ш) S=70;DK;38;56_2;0;штуцер;легкая;true;false;70
10611A-64-24;38 DK 64х2 (Ш) S=75;DK;38;64_2;0;штуцер;легкая;true;false;75
10611A-64-32;50 DK 64х2 (Ш) S=75;DK;50;64_2;0;штуцер;легкая;true;false;75
10612-18-08 S24;12 DK 18х1,5 (Ш) S=24;DK;12;18_1_5;0;штуцер;тяжелая;false;false;24
10612-22-08 S22;12 DK 22х1,5 (Ш) S=22;DK;12;22_1_5;0;штуцер;тяжелая;false;false;22
10612-33-12 S36;20 DK 33х2 (Ш) S=36;DK;20;33_2;0;штуцер;тяжелая;false;false;36
10612-36-12 S36;20 DK 36х2 (Ш) S=36;DK;20;36_2;0;штуцер;тяжелая;false;false;36
10612-39-16 S41;25 DK 39х2 (Ш) S=41;DK;25;39_2;0;штуцер;тяжелая;false;false;41
10612-42-16 S46;25 DK 42х2 (Ш) S=46;DK;25;42_2;0;штуцер;тяжелая;false;false;46
10612A-18-08;12 DK 18х1,5 (Ш) S=27;DK;12;18_1_5;0;штуцер;тяжелая;true;false;27
10612A-20-08;12 DK 20х1,5 (Ш) S=27;DK;12;20_1_5;0;штуцер;тяжелая;true;false;27
10612A-20-10;16 DK 20х1,5 (Ш) S=27;DK;16;20_1_5;0;штуцер;тяжелая;true;false;27
10612A-22-06;10 DK 22х1,5 (Ш) S=27;DK;10;22_1_5;0;штуцер;тяжелая;true;false;27
10612A-22-08;12 DK 22х1,5 (Ш) S=27;DK;12;22_1_5;0;штуцер;тяжелая;true;false;27
10612A-22-10;16 DK 22х1,5 (Ш) S=27;DK;16;22_1_5;0;штуцер;тяжелая;true;false;27
10612A-24-08;12 DK 24х1,5 (Ш) S=30;DK;12;24_1_5;0;штуцер;тяжелая;true;false;30
10612A-24-10;16 DK 24х1,5 (Ш) S=30;DK;16;24_1_5;0;штуцер;тяжелая;true;false;30
10612A-24-12;20 DK 24х1,5 (Ш) S=30;DK;20;24_1_5;0;штуцер;тяжелая;true;false;30
10612A-27-08;12 DK 27х2 (Ш) S=32;DK;12;27_2;0;штуцер;тяжелая;true;false;32
10612A-27-10;16 DK 27х2 (Ш) S=32;DK;16;27_2;0;штуцер;тяжелая;true;false;32
10612A-27-12;20 DK 27х2 (Ш) S=32;DK;20;27_2;0;штуцер;тяжелая;true;false;32
10612A-30-10;16 DK 30х2 (Ш) S=36;DK;16;30_2;0;штуцер;тяжелая;true;false;36
10612A-30-12;20 DK 30х2 (Ш) S=36;DK;20;30_2;0;штуцер;тяжелая;true;false;36
10612A-33-16;25 DK 33х2 (Ш) S=39;DK;25;33_2;0;штуцер;тяжелая;true;false;39
10612A-36-12;20 DK 36х2 (Ш) S=41;DK;20;36_2;0;штуцер;тяжелая;true;false;41
10612A-36-16;25 DK 36х2 (Ш) S=41;DK;25;36_2;0;штуцер;тяжелая;true;false;41
10612A-39-16;25 DK 39х2 (Ш) S=46;DK;25;39_2;0;штуцер;тяжелая;true;false;46
10612A-42-12;20 DK 42х2 (Ш) S=50;DK;20;42_2;0;штуцер;тяжелая;true;false;50
10612A-42-16;25 DK 42х2 (Ш) S=50;DK;25;42_2;0;штуцер;тяжелая;true;false;50
10612A-42-20;32 DK 42х2 (Ш) S=50;DK;32;42_2;0;штуцер;тяжелая;true;false;50
10612A-45-20;32 DK 45х2 (Ш) S=55;DK;32;45_2;0;штуцер;тяжелая;true;false;55
10612A-48-20;32 DK 48х2 (Ш) S=60;DK;32;48_2;0;штуцер;тяжелая;true;false;60
10612A-52-20;32 DK 52х2 (Ш) S=65;DK;32;52_2;0;штуцер;тяжелая;true;false;65
10612A-52-24;38 DK 52х2 (Ш) S=65;DK;38;52_2;0;штуцер;тяжелая;true;false;65
10612A-56-24;38 DK 56х2 (Ш) S=70;DK;38;56_2;0;штуцер;тяжелая;true;false;70
10612A-64-24;38 DK 64х2 (Ш) S=75;DK;38;64_2;0;штуцер;тяжелая;true;false;75
10612A-64-32;50 DK 64х2 (Ш) S=75;DK;50;64_2;0;штуцер;тяжелая;true;false;75
20111-10-04;06 DK 10х1 (0)(Г);DK;6;10_1;0;гайка;легкая;false;false;null
20111-12-04;06 DK 12х1 (0)(Г);DK;6;12_1;0;гайка;легкая;false;false;null
20111-18-04;06 DK 18х1,5 (0)(Г);DK;6;18_1_5;0;гайка;легкая;false;false;null
20111-18-05;08 DK 18х1,5 (0)(Г);DK;8;18_1_5;0;гайка;легкая;false;false;null
20111-18-06;10 DK 18х1,5 (0)(Г);DK;10;18_1_5;0;гайка;легкая;false;false;null
20111-18-08;12 DK 18х1,5 (0)(Г);DK;12;18_1_5;0;гайка;легкая;false;false;null
20111-20-04;06 DK 20х1,5 (0)(Г);DK;6;20_1_5;0;гайка;легкая;false;false;null
20111-20-05;08 DK 20х1,5 (0)(Г);DK;8;20_1_5;0;гайка;легкая;false;false;null
20111-20-06;10 DK 20х1,5 (0)(Г);DK;10;20_1_5;0;гайка;легкая;false;false;null
20111-20-08 S24;12 DK 20х1,5 (0)(Г) S=24;DK;12;20_1_5;0;гайка;легкая;false;false;24
20111-20-08 S27;12 DK 20х1,5 (0)(Г) S=27;DK;12;20_1_5;0;гайка;легкая;false;false;27
20111-20-10;16 DK 20х1,5 (0)(Г);DK;16;20_1_5;0;гайка;легкая;false;false;null
20111-22-04;06 DK 22х1,5 (0)(Г);DK;6;22_1_5;0;гайка;легкая;false;false;null
20111-22-05;08 DK 22х1,5 (0)(Г);DK;8;22_1_5;0;гайка;легкая;false;false;null
20111-22-06;10 DK 22х1,5 (0)(Г);DK;10;22_1_5;0;гайка;легкая;false;false;null
20111-22-08;12 DK 22х1,5 (0)(Г);DK;12;22_1_5;0;гайка;легкая;false;false;null
20111-22-10;16 DK 22х1,5 (0)(Г);DK;16;22_1_5;0;гайка;легкая;false;false;null
20111-24-08;12 DK 24х1,5 (0)(Г);DK;12;24_1_5;0;гайка;легкая;false;false;null
20111-24-10;16 DK 24х1,5 (0)(Г);DK;16;24_1_5;0;гайка;легкая;false;false;null
20111-24-12;20 DK 24х1,5 (0)(Г);DK;20;24_1_5;0;гайка;легкая;false;false;null
20111-27-08;12 DK 27х2 (0)(Г);DK;12;27_2;0;гайка;легкая;false;false;null
20111-27-10;16 DK 27х2 (0)(Г);DK;16;27_2;0;гайка;легкая;false;false;null
20111-27-12;20 DK 27х2 (0)(Г);DK;20;27_2;0;гайка;легкая;false;false;null
20111-30-10;16 DK 30х2 (0)(Г);DK;16;30_2;0;гайка;легкая;false;false;null
20111-30-12;20 DK 30х2 (0)(Г);DK;20;30_2;0;гайка;легкая;false;false;null
20111-33-12;20 DK 33х2 (0)(Г);DK;20;33_2;0;гайка;легкая;false;false;null
20111-33-16;25 DK 33х2 (0)(Г);DK;25;33_2;0;гайка;легкая;false;false;null
20111-36-12;20 DK 36х2 (0)(Г);DK;20;36_2;0;гайка;легкая;false;false;null
20111-36-16;25 DK 36х2 (0)(Г);DK;25;36_2;0;гайка;легкая;false;false;null
20111-39-12;20 DK 39х2 (0)(Г);DK;20;39_2;0;гайка;легкая;false;false;null
20111-39-16;25 DK 39х2 (0)(Г);DK;25;39_2;0;гайка;легкая;false;false;null
20111-42-12;20 DK 42х2 (0)(Г);DK;20;42_2;0;гайка;легкая;false;false;null
20111-42-16;25 DK 42х2 (0)(Г);DK;25;42_2;0;гайка;легкая;false;false;null
20111-42-20;32 DK 42х2 (0)(Г);DK;32;42_2;0;гайка;легкая;false;false;null
20111-45-20;32 DK 45х2 (0)(Г);DK;32;45_2;0;гайка;легкая;false;false;null
20111-48-20;32 DK 48х2 (0)(Г);DK;32;48_2;0;гайка;легкая;false;false;null
20111-52-20;32 DK 52х2 (0)(Г);DK;32;52_2;0;гайка;легкая;false;false;null
20111-52-24;38 DK 52х2 (0)(Г);DK;38;52_2;0;гайка;легкая;false;false;null
20111-56-24;38 DK 56х2 (0)(Г);DK;38;56_2;0;гайка;легкая;false;false;null
20111-64-24;38 DK 64х2 (0)(Г);DK;38;64_2;0;гайка;легкая;false;false;null
20111-64-32;50 DK 64х2 (0)(Г);DK;50;64_2;0;гайка;легкая;false;false;null
20111A-39-12;20 DK 39х2 (Ш) S=46;DK;20;39_2;0;штуцер;легкая;true;false;46
20112-18-08;12 DK 18х1,5 (0)(Г);DK;12;18_1_5;0;гайка;тяжелая;false;false;null
20112-20-08 S24;12 DK 20х1,5 (0)(Г) S=24;DK;12;20_1_5;0;гайка;тяжелая;false;false;24
20112-20-08 S27;12 DK 20х1,5 (0)(Г) S=27;DK;12;20_1_5;0;гайка;тяжелая;false;false;27
20112-20-10;16 DK 20х1,5 (0)(Г);DK;16;20_1_5;0;гайка;тяжелая;false;false;null
20112-22-08;12 DK 22х1,5 (0)(Г);DK;12;22_1_5;0;гайка;тяжелая;false;false;null
20112-22-10;16 DK 22х1,5 (0)(Г);DK;16;22_1_5;0;гайка;тяжелая;false;false;null
20112-24-08;12 DK 24х1,5 (0)(Г);DK;12;24_1_5;0;гайка;тяжелая;false;false;null
20112-24-10;16 DK 24х1,5 (0)(Г);DK;16;24_1_5;0;гайка;тяжелая;false;false;null
20112-24-12;20 DK 24х1,5 (0)(Г);DK;20;24_1_5;0;гайка;тяжелая;false;false;null
20112-27-08;12 DK 27х2 (0)(Г);DK;12;27_2;0;гайка;тяжелая;false;false;null
20112-27-10;16 DK 27х2 (0)(Г);DK;16;27_2;0;гайка;тяжелая;false;false;null
20112-27-12;20 DK 27х2 (0)(Г);DK;20;27_2;0;гайка;тяжелая;false;false;null
20112-30-10;16 DK 30х2 (0)(Г);DK;16;30_2;0;гайка;тяжелая;false;false;null
20112-30-12;20 DK 30х2 (0)(Г);DK;20;30_2;0;гайка;тяжелая;false;false;null
20112-33-12;20 DK 33х2 (0)(Г);DK;20;33_2;0;гайка;тяжелая;false;false;null
20112-33-16;25 DK 33х2 (0)(Г);DK;25;33_2;0;гайка;тяжелая;false;false;null
20112-36-12;20 DK 36х2 (0)(Г);DK;20;36_2;0;гайка;тяжелая;false;false;null
20112-36-16;25 DK 36х2 (0)(Г);DK;25;36_2;0;гайка;тяжелая;false;false;null
20112-39-12;20 DK 39х2 (0)(Г);DK;20;39_2;0;гайка;тяжелая;false;false;null
20112-39-16;25 DK 39х2 (0)(Г);DK;25;39_2;0;гайка;тяжелая;false;false;null
20112-42-12;20 DK 42х2 (0)(Г);DK;20;42_2;0;гайка;тяжелая;false;false;null
20112-42-16;25 DK 42х2 (0)(Г);DK;25;42_2;0;гайка;тяжелая;false;false;null
20112-42-20;32 DK 42х2 (0)(Г);DK;32;42_2;0;гайка;тяжелая;false;false;null
20112-45-20;32 DK 45х2 (0)(Г);DK;32;45_2;0;гайка;тяжелая;false;false;null
20112-48-20;32 DK 48х2 (0)(Г);DK;32;48_2;0;гайка;тяжелая;false;false;null
20112-52-20;32 DK 52х2 (0)(Г);DK;32;52_2;0;гайка;тяжелая;false;false;null
20112-52-24;38 DK 52х2 (0)(Г);DK;38;52_2;0;гайка;тяжелая;false;false;null
20112-56-24;38 DK 56х2 (0)(Г);DK;38;56_2;0;гайка;тяжелая;false;false;null
20112-64-24;38 DK 64х2 (0)(Г);DK;38;64_2;0;гайка;тяжелая;false;false;null
20112-64-32;50 DK 64х2 (0)(Г);DK;50;64_2;0;гайка;тяжелая;false;false;null
20112A-39-12;20 DK 39х2 (Ш) S=46;DK;20;39_2;0;штуцер;тяжелая;true;false;46
20141-10-04;06 DK 10х1 (45)(Г);DK;6;10_1;45;гайка;легкая;false;false;null
20141-12-04;06 DK 12х1 (45)(Г);DK;6;12_1;45;гайка;легкая;false;false;null
20141-18-04;06 DK 18х1,5 (45)(Г);DK;6;18_1_5;45;гайка;легкая;false;false;null
20141-18-05;08 DK 18х1,5 (45)(Г);DK;8;18_1_5;45;гайка;легкая;false;false;null
20141-18-06;10 DK 18х1,5 (45)(Г);DK;10;18_1_5;45;гайка;легкая;false;false;null
20141-18-08;12 DK 18х1,5 (45)(Г);DK;12;18_1_5;45;гайка;легкая;false;false;null
20141-20-04;06 DK 20х1,5 (45)(Г);DK;6;20_1_5;45;гайка;легкая;false;false;null
20141-20-05;08 DK 20х1,5 (45)(Г);DK;8;20_1_5;45;гайка;легкая;false;false;null
20141-20-06;10 DK 20х1,5 (45)(Г);DK;10;20_1_5;45;гайка;легкая;false;false;null
20141-20-08 S24;12 DK 20х1,5 (45)(Г) S=24;DK;12;20_1_5;45;гайка;легкая;false;false;24
20141-20-08 S27;12 DK 20х1,5 (45)(Г) S=27;DK;12;20_1_5;45;гайка;легкая;false;false;27
20141-20-10;16 DK 20х1,5 (45)(Г);DK;16;20_1_5;45;гайка;легкая;false;false;null
20141-22-04;06 DK 22х1,5 (45)(Г);DK;6;22_1_5;45;гайка;легкая;false;false;null
20141-22-05;08 DK 22х1,5 (45)(Г);DK;8;22_1_5;45;гайка;легкая;false;false;null
20141-22-06;10 DK 22х1,5 (45)(Г);DK;10;22_1_5;45;гайка;легкая;false;false;null
20141-22-08;12 DK 22х1,5 (45)(Г);DK;12;22_1_5;45;гайка;легкая;false;false;null
20141-22-10;16 DK 22х1,5 (45)(Г);DK;16;22_1_5;45;гайка;легкая;false;false;null
20141-24-08;12 DK 24х1,5 (45)(Г);DK;12;24_1_5;45;гайка;легкая;false;false;null
20141-24-10;16 DK 24х1,5 (45)(Г);DK;16;24_1_5;45;гайка;легкая;false;false;null
20141-24-12;20 DK 24х1,5 (45)(Г);DK;20;24_1_5;45;гайка;легкая;false;false;null
20141-27-08;12 DK 27х2 (45)(Г);DK;12;27_2;45;гайка;легкая;false;false;null
20141-27-10;16 DK 27х2 (45)(Г);DK;16;27_2;45;гайка;легкая;false;false;null
20141-27-12;20 DK 27х2 (45)(Г);DK;20;27_2;45;гайка;легкая;false;false;null
20141-30-10;16 DK 30х2 (45)(Г);DK;16;30_2;45;гайка;легкая;false;false;null
20141-30-12;20 DK 30х2 (45)(Г);DK;20;30_2;45;гайка;легкая;false;false;null
20141-33-12;20 DK 33х2 (45)(Г);DK;20;33_2;45;гайка;легкая;false;false;null
20141-33-16;25 DK 33х2 (45)(Г);DK;25;33_2;45;гайка;легкая;false;false;null
20141-36-12;20 DK 36х2 (45)(Г);DK;20;36_2;45;гайка;легкая;false;false;null
20141-36-16;25 DK 36х2 (45)(Г);DK;25;36_2;45;гайка;легкая;false;false;null
20141-39-12;20 DK 39х2 (45)(Г);DK;20;39_2;45;гайка;легкая;false;false;null
20141-39-16;25 DK 39х2 (45)(Г);DK;25;39_2;45;гайка;легкая;false;false;null
20141-42-12;20 DK 42х2 (45)(Г);DK;20;42_2;45;гайка;легкая;false;false;null
20141-42-16;25 DK 42х2 (45)(Г);DK;25;42_2;45;гайка;легкая;false;false;null
20141-42-20;32 DK 42х2 (45)(Г);DK;32;42_2;45;гайка;легкая;false;false;null
20141-45-20;32 DK 45х2 (45)(Г);DK;32;45_2;45;гайка;легкая;false;false;null
20141-48-20;32 DK 48х2 (45)(Г);DK;32;48_2;45;гайка;легкая;false;false;null
20141-52-20;32 DK 52х2 (45)(Г);DK;32;52_2;45;гайка;легкая;false;false;null
20141-52-24;38 DK 52х2 (45)(Г);DK;38;52_2;45;гайка;легкая;false;false;null
20141-56-24;38 DK 56х2 (45)(Г);DK;38;56_2;45;гайка;легкая;false;false;null
20141-64-24;38 DK 64х2 (45)(Г);DK;38;64_2;45;гайка;легкая;false;false;null
20141-64-32;50 DK 64х2 (45)(Г);DK;50;64_2;45;гайка;легкая;false;false;null
20142-18-08;12 DK 18х1,5 (45)(Г);DK;12;18_1_5;45;гайка;тяжелая;false;false;null
20142-20-08 S24;12 DK 20х1,5 (45)(Г) S=24;DK;12;20_1_5;45;гайка;тяжелая;false;false;24
20142-20-08 S27;12 DK 20х1,5 (45)(Г) S=27;DK;12;20_1_5;45;гайка;тяжелая;false;false;27
20142-20-10;16 DK 20х1,5 (45)(Г);DK;16;20_1_5;45;гайка;тяжелая;false;false;null
20142-22-08;12 DK 22х1,5 (45)(Г);DK;12;22_1_5;45;гайка;тяжелая;false;false;null
20142-22-10;16 DK 22х1,5 (45)(Г);DK;16;22_1_5;45;гайка;тяжелая;false;false;null
20142-24-08;12 DK 24х1,5 (45)(Г);DK;12;24_1_5;45;гайка;тяжелая;false;false;null
20142-24-10;16 DK 24х1,5 (45)(Г);DK;16;24_1_5;45;гайка;тяжелая;false;false;null
20142-24-12;20 DK 24х1,5 (45)(Г);DK;20;24_1_5;45;гайка;тяжелая;false;false;null
20142-27-08;12 DK 27х2 (45)(Г);DK;12;27_2;45;гайка;тяжелая;false;false;null
20142-27-10;16 DK 27х2 (45)(Г);DK;16;27_2;45;гайка;тяжелая;false;false;null
20142-27-12;20 DK 27х2 (45)(Г);DK;20;27_2;45;гайка;тяжелая;false;false;null
20142-30-10;16 DK 30х2 (45)(Г);DK;16;30_2;45;гайка;тяжелая;false;false;null
20142-30-12;20 DK 30х2 (45)(Г);DK;20;30_2;45;гайка;тяжелая;false;false;null
20142-33-12;20 DK 33х2 (45)(Г);DK;20;33_2;45;гайка;тяжелая;false;false;null
20142-33-16;25 DK 33х2 (45)(Г);DK;25;33_2;45;гайка;тяжелая;false;false;null
20142-36-12;20 DK 36х2 (45)(Г);DK;20;36_2;45;гайка;тяжелая;false;false;null
20142-36-16;25 DK 36х2 (45)(Г);DK;25;36_2;45;гайка;тяжелая;false;false;null
20142-39-12;20 DK 39х2 (45)(Г);DK;20;39_2;45;гайка;тяжелая;false;false;null
20142-39-16;25 DK 39х2 (45)(Г);DK;25;39_2;45;гайка;тяжелая;false;false;null
20142-42-12;20 DK 42х2 (45)(Г);DK;20;42_2;45;гайка;тяжелая;false;false;null
20142-42-16;25 DK 42х2 (45)(Г);DK;25;42_2;45;гайка;тяжелая;false;false;null
20142-42-20;32 DK 42х2 (45)(Г);DK;32;42_2;45;гайка;тяжелая;false;false;null
20142-45-20;32 DK 45х2 (45)(Г);DK;32;45_2;45;гайка;тяжелая;false;false;null
20142-48-20;32 DK 48х2 (45)(Г);DK;32;48_2;45;гайка;тяжелая;false;false;null
20142-52-20;32 DK 52х2 (45)(Г);DK;32;52_2;45;гайка;тяжелая;false;false;null
20142-52-24;38 DK 52х2 (45)(Г);DK;38;52_2;45;гайка;тяжелая;false;false;null
20142-56-24;38 DK 56х2 (45)(Г);DK;38;56_2;45;гайка;тяжелая;false;false;null
20142-64-24;38 DK 64х2 (45)(Г);DK;38;64_2;45;гайка;тяжелая;false;false;null
20142-64-32;50 DK 64х2 (45)(Г);DK;50;64_2;45;гайка;тяжелая;false;false;null
20191-10-04;06 DK 10х1 (90)(Г);DK;6;10_1;90;гайка;легкая;false;false;null
20191-12-04;06 DK 12х1 (90)(Г);DK;6;12_1;90;гайка;легкая;false;false;null
20191-18-04;06 DK 18х1,5 (90)(Г);DK;6;18_1_5;90;гайка;легкая;false;false;null
20191-18-05;08 DK 18х1,5 (90)(Г);DK;8;18_1_5;90;гайка;легкая;false;false;null
20191-18-06;10 DK 18х1,5 (90)(Г);DK;10;18_1_5;90;гайка;легкая;false;false;null
20191-18-08;12 DK 18х1,5 (90)(Г);DK;12;18_1_5;90;гайка;легкая;false;false;null
20191-20-04;06 DK 20х1,5 (90)(Г);DK;6;20_1_5;90;гайка;легкая;false;false;null
20191-20-05;08 DK 20х1,5 (90)(Г);DK;8;20_1_5;90;гайка;легкая;false;false;null
20191-20-06;10 DK 20х1,5 (90)(Г);DK;10;20_1_5;90;гайка;легкая;false;false;null
20191-20-08 S24;12 DK 20х1,5 (90)(Г) S=24;DK;12;20_1_5;90;гайка;легкая;false;false;24
20191-20-08 S27;12 DK 20х1,5 (90)(Г) S=27;DK;12;20_1_5;90;гайка;легкая;false;false;27
20191-20-10;16 DK 20х1,5 (90)(Г);DK;16;20_1_5;90;гайка;легкая;false;false;null
20191-22-04;06 DK 22х1,5 (90)(Г);DK;6;22_1_5;90;гайка;легкая;false;false;null
20191-22-05;08 DK 22х1,5 (90)(Г);DK;8;22_1_5;90;гайка;легкая;false;false;null
20191-22-06;10 DK 22х1,5 (90)(Г);DK;10;22_1_5;90;гайка;легкая;false;false;null
20191-22-08;12 DK 22х1,5 (90)(Г);DK;12;22_1_5;90;гайка;легкая;false;false;null
20191-22-10;16 DK 22х1,5 (90)(Г);DK;16;22_1_5;90;гайка;легкая;false;false;null
20191-24-08;12 DK 24х1,5 (90)(Г);DK;12;24_1_5;90;гайка;легкая;false;false;null
20191-24-10;16 DK 24х1,5 (90)(Г);DK;16;24_1_5;90;гайка;легкая;false;false;null
20191-24-12;20 DK 24х1,5 (90)(Г);DK;20;24_1_5;90;гайка;легкая;false;false;null
20191-26-10;16 DK 26х2 (90)(Г);DK;16;26_2;90;гайка;легкая;false;false;null
20191-27-08;12 DK 27х2 (90)(Г);DK;12;27_2;90;гайка;легкая;false;false;null
20191-27-10;16 DK 27х2 (90)(Г);DK;16;27_2;90;гайка;легкая;false;false;null
20191-27-12;20 DK 27х2 (90)(Г);DK;20;27_2;90;гайка;легкая;false;false;null
20191-30-10;16 DK 30х2 (90)(Г);DK;16;30_2;90;гайка;легкая;false;false;null
20191-30-12;20 DK 30х2 (90)(Г);DK;20;30_2;90;гайка;легкая;false;false;null
20191-33-12;20 DK 33х2 (90)(Г);DK;20;33_2;90;гайка;легкая;false;false;null
20191-33-16;25 DK 33х2 (90)(Г);DK;25;33_2;90;гайка;легкая;false;false;null
20191-36-12;20 DK 36х2 (90)(Г);DK;20;36_2;90;гайка;легкая;false;false;null
20191-36-16;25 DK 36х2 (90)(Г);DK;25;36_2;90;гайка;легкая;false;false;null
20191-39-12;20 DK 39х2 (90)(Г);DK;20;39_2;90;гайка;легкая;false;false;null
20191-39-16;25 DK 39х2 (90)(Г);DK;25;39_2;90;гайка;легкая;false;false;null
20191-42-12;20 DK 42х2 (90)(Г);DK;20;42_2;90;гайка;легкая;false;false;null
20191-42-16;25 DK 42х2 (90)(Г);DK;25;42_2;90;гайка;легкая;false;false;null
20191-42-20;32 DK 42х2 (90)(Г);DK;32;42_2;90;гайка;легкая;false;false;null
20191-45-20;32 DK 45х2 (90)(Г);DK;32;45_2;90;гайка;легкая;false;false;null
20191-48-20;32 DK 48х2 (90)(Г);DK;32;48_2;90;гайка;легкая;false;false;null
20191-52-20;32 DK 52х2 (90)(Г);DK;32;52_2;90;гайка;легкая;false;false;null
20191-52-24;38 DK 52х2 (90)(Г);DK;38;52_2;90;гайка;легкая;false;false;null
20191-56-24;38 DK 56х2 (90)(Г);DK;38;56_2;90;гайка;легкая;false;false;null
20191-64-24;38 DK 64х2 (90)(Г);DK;38;64_2;90;гайка;легкая;false;false;null
20191-64-32;50 DK 64х2 (90)(Г);DK;50;64_2;90;гайка;легкая;false;false;null
20192-18-08;12 DK 18х1,5 (90)(Г);DK;12;18_1_5;90;гайка;тяжелая;false;false;null
20192-20-08 S24;12 DK 20х1,5 (90)(Г) S=24;DK;12;20_1_5;90;гайка;тяжелая;false;false;24
20192-20-08 S27;12 DK 20х1,5 (90)(Г) S=27;DK;12;20_1_5;90;гайка;тяжелая;false;false;27
20192-20-10;16 DK 20х1,5 (90)(Г);DK;16;20_1_5;90;гайка;тяжелая;false;false;null
20192-22-08;12 DK 22х1,5 (90)(Г);DK;12;22_1_5;90;гайка;тяжелая;false;false;null
20192-22-10;16 DK 22х1,5 (90)(Г);DK;16;22_1_5;90;гайка;тяжелая;false;false;null
20192-24-08;12 DK 24х1,5 (90)(Г);DK;12;24_1_5;90;гайка;тяжелая;false;false;null
20192-24-10;16 DK 24х1,5 (90)(Г);DK;16;24_1_5;90;гайка;тяжелая;false;false;null
20192-24-12;20 DK 24х1,5 (90)(Г);DK;20;24_1_5;90;гайка;тяжелая;false;false;null
20192-27-08;12 DK 27х2 (90)(Г);DK;12;27_2;90;гайка;тяжелая;false;false;null
20192-27-10;16 DK 27х2 (90)(Г);DK;16;27_2;90;гайка;тяжелая;false;false;null
20192-27-12;20 DK 27х2 (90)(Г);DK;20;27_2;90;гайка;тяжелая;false;false;null
20192-30-10;16 DK 30х2 (90)(Г);DK;16;30_2;90;гайка;тяжелая;false;false;null
20192-30-12;20 DK 30х2 (90)(Г);DK;20;30_2;90;гайка;тяжелая;false;false;null
20192-33-12;20 DK 33х2 (90)(Г);DK;20;33_2;90;гайка;тяжелая;false;false;null
20192-33-16;25 DK 33х2 (90)(Г);DK;25;33_2;90;гайка;тяжелая;false;false;null
20192-36-12;20 DK 36х2 (90)(Г);DK;20;36_2;90;гайка;тяжелая;false;false;null
20192-36-16;25 DK 36х2 (90)(Г);DK;25;36_2;90;гайка;тяжелая;false;false;null
20192-39-12;20 DK 39х2 (90)(Г);DK;20;39_2;90;гайка;тяжелая;false;false;null
20192-39-16;25 DK 39х2 (90)(Г);DK;25;39_2;90;гайка;тяжелая;false;false;null
20192-42-12;20 DK 42х2 (90)(Г);DK;20;42_2;90;гайка;тяжелая;false;false;null
20192-42-16;25 DK 42х2 (90)(Г);DK;25;42_2;90;гайка;тяжелая;false;false;null
20192-42-20;32 DK 42х2 (90)(Г);DK;32;42_2;90;гайка;тяжелая;false;false;null
20192-45-20;32 DK 45х2 (90)(Г);DK;32;45_2;90;гайка;тяжелая;false;false;null
20192-48-20;32 DK 48х2 (90)(Г);DK;32;48_2;90;гайка;тяжелая;false;false;null
20192-52-20;32 DK 52х2 (90)(Г);DK;32;52_2;90;гайка;тяжелая;false;false;null
20192-52-24;38 DK 52х2 (90)(Г);DK;38;52_2;90;гайка;тяжелая;false;false;null
20192-56-24;38 DK 56х2 (90)(Г);DK;38;56_2;90;гайка;тяжелая;false;false;null
20192-64-24;38 DK 64х2 (90)(Г);DK;38;64_2;90;гайка;тяжелая;false;false;null
20192-64-32;50 DK 64х2 (90)(Г);DK;50;64_2;90;гайка;тяжелая;false;false;null
10711-10-04;06 DKI/komatsu 74гр. 10х1 (Ш);DKI/komatsu;6;10_1;0;штуцер;легкая;false;false;null
10711-12-04;06 DKI/komatsu 74гр. 12х1 (Ш);DKI/komatsu;6;12_1;0;штуцер;легкая;false;false;null
10711-14-04;06 DKI/komatsu 74гр. 14х1 (Ш);DKI/komatsu;6;14_1;0;штуцер;легкая;false;false;null
10711-14-05;08 DKI/komatsu 74гр. 14х1 (Ш);DKI/komatsu;8;14_1;0;штуцер;легкая;false;false;null
10711-16-04;06 DKI/komatsu 74гр. 16х1 (Ш);DKI/komatsu;6;16_1;0;штуцер;легкая;false;false;null
10711-16-05;08 DKI/komatsu 74гр. 16х1 (Ш);DKI/komatsu;8;16_1;0;штуцер;легкая;false;false;null
10711-16-06;10 DKI/komatsu 74гр. 16х1 (Ш);DKI/komatsu;10;16_1;0;штуцер;легкая;false;false;null
10711-18-04;06 DKI/komatsu 74гр. 18х1,5 (Ш);DKI/komatsu;6;18_1_5;0;штуцер;легкая;false;false;null
10711-18-05;08 DKI/komatsu 74гр. 18х1,5 (Ш);DKI/komatsu;8;18_1_5;0;штуцер;легкая;false;false;null
10711-18-06;10 DKI/komatsu 74гр. 18х1,5 (Ш);DKI/komatsu;10;18_1_5;0;штуцер;легкая;false;false;null
10711-18-08;12 DKI/komatsu 74гр. 18х1,5 (Ш);DKI/komatsu;12;18_1_5;0;штуцер;легкая;false;false;null
10711-20-06;10 DKI/komatsu 74гр. 20х1,5 (Ш);DKI/komatsu;10;20_1_5;0;штуцер;легкая;false;false;null
10711-20-08;12 DKI/komatsu 74гр. 20х1,5 (Ш);DKI/komatsu;12;20_1_5;0;штуцер;легкая;false;false;null
10711-22-06;10 DKI/komatsu 74гр. 22х1,5 (Ш);DKI/komatsu;10;22_1_5;0;штуцер;легкая;false;false;null
10711-22-08;12 DKI/komatsu 74гр. 22х1,5 (Ш);DKI/komatsu;12;22_1_5;0;штуцер;легкая;false;false;null
10711-22-10;16 DKI/komatsu 74гр. 22х1,5 (Ш);DKI/komatsu;16;22_1_5;0;штуцер;легкая;false;false;null
10711-24-08;12 DKI/komatsu 74гр. 24х1,5 (Ш);DKI/komatsu;12;24_1_5;0;штуцер;легкая;false;false;null
10711-24-10;16 DKI/komatsu 74гр. 24х1,5 (Ш);DKI/komatsu;16;24_1_5;0;штуцер;легкая;false;false;null
10711-27-10;16 DKI/komatsu 74гр. 27х2 (Ш);DKI/komatsu;16;27_2;0;штуцер;легкая;false;false;null
10711-30-12;20 DKI/komatsu 74гр. 30х2 (Ш);DKI/komatsu;20;30_2;0;штуцер;легкая;false;false;null
10711-33-12;20 DKI/komatsu 74гр. 33х2 (Ш);DKI/komatsu;20;33_2;0;штуцер;легкая;false;false;null
10711-33-16;25 DKI/komatsu 74гр. 33х2 (Ш);DKI/komatsu;25;33_2;0;штуцер;легкая;false;false;null
10711-36-12;20 DKI/komatsu 74гр. 36х2 (Ш);DKI/komatsu;20;36_2;0;штуцер;легкая;false;false;null
10711-39-16;25 DKI/komatsu 74гр. 39х2 (Ш);DKI/komatsu;25;39_2;0;штуцер;легкая;false;false;null
10711-42-12;20 DKI/komatsu 74гр. 42х2 (Ш);DKI/komatsu;20;42_2;0;штуцер;легкая;false;false;null
10711-42-16;25 DKI/komatsu 74гр. 42х2 (Ш);DKI/komatsu;25;42_2;0;штуцер;легкая;false;false;null
10711-42-20;32 DKI/komatsu 74гр. 42х2 (Ш);DKI/komatsu;32;42_2;0;штуцер;легкая;false;false;null
10711-45-20;32 DKI/komatsu 74гр. 45х2 (Ш);DKI/komatsu;32;45_2;0;штуцер;легкая;false;false;null
10711-52-20;32 DKI/komatsu 74гр. 52х2 (Ш);DKI/komatsu;32;52_2;0;штуцер;легкая;false;false;null
10711-52-24;38 DKI/komatsu 74гр. 52х2 (Ш);DKI/komatsu;38;52_2;0;штуцер;легкая;false;false;null
10712-18-08;12 DKI/komatsu 74гр. 18х1,5 (Ш);DKI/komatsu;12;18_1_5;0;штуцер;тяжелая;false;false;null
10712-20-08;12 DKI/komatsu 74гр. 20х1,5 (Ш);DKI/komatsu;12;20_1_5;0;штуцер;тяжелая;false;false;null
10712-22-08;12 DKI/komatsu 74гр. 22х1,5 (Ш);DKI/komatsu;12;22_1_5;0;штуцер;тяжелая;false;false;null
10712-22-10;16 DKI/komatsu 74гр. 22х1,5 (Ш);DKI/komatsu;16;22_1_5;0;штуцер;тяжелая;false;false;null
10712-24-08;12 DKI/komatsu 74гр. 24х1,5 (Ш);DKI/komatsu;12;24_1_5;0;штуцер;тяжелая;false;false;null
10712-24-10;16 DKI/komatsu 74гр. 24х1,5 (Ш);DKI/komatsu;16;24_1_5;0;штуцер;тяжелая;false;false;null
10712-27-10;16 DKI/komatsu 74гр. 27х2 (Ш);DKI/komatsu;16;27_2;0;штуцер;тяжелая;false;false;null
10712-30-12;20 DKI/komatsu 74гр. 30х2 (Ш);DKI/komatsu;20;30_2;0;штуцер;тяжелая;false;false;null
10712-33-12;20 DKI/komatsu 74гр. 33х2 (Ш);DKI/komatsu;20;33_2;0;штуцер;тяжелая;false;false;null
10712-33-16;25 DKI/komatsu 74гр. 33х2 (Ш);DKI/komatsu;25;33_2;0;штуцер;тяжелая;false;false;null
10712-36-12;20 DKI/komatsu 74гр. 36х2 (Ш);DKI/komatsu;20;36_2;0;штуцер;тяжелая;false;false;null
10712-39-16;25 DKI/komatsu 74гр. 39х2 (Ш);DKI/komatsu;25;39_2;0;штуцер;тяжелая;false;false;null
10712-42-12;20 DKI/komatsu 74гр. 42х2 (Ш);DKI/komatsu;20;42_2;0;штуцер;тяжелая;false;false;null
10712-42-16;25 DKI/komatsu 74гр. 42х2 (Ш);DKI/komatsu;25;42_2;0;штуцер;тяжелая;false;false;null
10712-42-20;32 DKI/komatsu 74гр. 42х2 (Ш);DKI/komatsu;32;42_2;0;штуцер;тяжелая;false;false;null
10712-45-20;32 DKI/komatsu 74гр. 45х2 (Ш);DKI/komatsu;32;45_2;0;штуцер;тяжелая;false;false;null
10712-52-20;32 DKI/komatsu 74гр. 52х2 (Ш);DKI/komatsu;32;52_2;0;штуцер;тяжелая;false;false;null
10712-52-24;38 DKI/komatsu 74гр. 52х2 (Ш);DKI/komatsu;38;52_2;0;штуцер;тяжелая;false;false;null
20711-10-04;06 DKI/komatsu 74гр. 10х1 (0)(Г);DKI/komatsu;6;10_1;0;гайка;легкая;false;false;null
20711-12-04;06 DKI/komatsu 74гр. 12х1 (0)(Г);DKI/komatsu;6;12_1;0;гайка;легкая;false;false;null
20711-14-04;06 DKI/komatsu 74гр. 14х1 (0)(Г);DKI/komatsu;6;14_1;0;гайка;легкая;false;false;null
20711-14-05;08 DKI/komatsu 74гр. 14х1 (0)(Г) ;DKI/komatsu;8;14_1;0;гайка;легкая;false;false;null
20711-16-04;06 DKI/komatsu 74гр. 16х1 (0)(Г);DKI/komatsu;6;16_1;0;гайка;легкая;false;false;null
20711-16-05;08 DKI/komatsu 74гр. 16х1 (0)(Г);DKI/komatsu;8;16_1;0;гайка;легкая;false;false;null
20711-16-06;10 DKI/komatsu 74гр. 16х1 (0)(Г);DKI/komatsu;10;16_1;0;гайка;легкая;false;false;null
20711-18-04;06 DKI/komatsu 74гр. 18х1,5 (0)(Г);DKI/komatsu;6;18_1_5;0;гайка;легкая;false;false;null
20711-18-05;08 DKI/komatsu 74гр. 18х1,5 (0)(Г);DKI/komatsu;8;18_1_5;0;гайка;легкая;false;false;null
20711-18-06;10 DKI/komatsu 74гр. 18х1,5 (0)(Г);DKI/komatsu;10;18_1_5;0;гайка;легкая;false;false;null
20711-18-08;12 DKI/komatsu 74гр. 18х1,5 (0)(Г);DKI/komatsu;12;18_1_5;0;гайка;легкая;false;false;null
20711-20-06;10 DKI/komatsu 74гр. 20х1,5 (0)(Г);DKI/komatsu;10;20_1_5;0;гайка;легкая;false;false;null
20711-20-08;12 DKI/komatsu 74гр. 20х1,5 (0)(Г);DKI/komatsu;12;20_1_5;0;гайка;легкая;false;false;null
20711-22-06;10 DKI/komatsu 74гр. 22х1,5 (0)(Г);DKI/komatsu;10;22_1_5;0;гайка;легкая;false;false;null
20711-22-08;12 DKI/komatsu 74гр. 22х1,5 (0)(Г);DKI/komatsu;12;22_1_5;0;гайка;легкая;false;false;null
20711-22-10;16 DKI/komatsu 74гр. 22х1,5 (0)(Г);DKI/komatsu;16;22_1_5;0;гайка;легкая;false;false;null
20711-24-08;12 DKI/komatsu 74гр. 24х1,5 (0)(Г);DKI/komatsu;12;24_1_5;0;гайка;легкая;false;false;null
20711-24-10;16 DKI/komatsu 74гр. 24х1,5 (0)(Г);DKI/komatsu;16;24_1_5;0;гайка;легкая;false;false;null
20711-27-10;16 DKI/komatsu 74гр. 27х2 (0)(Г);DKI/komatsu;16;27_2;0;гайка;легкая;false;false;null
20711-30-12;20 DKI/komatsu 74гр. 30х2 (0)(Г);DKI/komatsu;20;30_2;0;гайка;легкая;false;false;null
20711-33-12;20 DKI/komatsu 74гр. 33х2 (0)(Г);DKI/komatsu;20;33_2;0;гайка;легкая;false;false;null
20711-33-16;25 DKI/komatsu 74гр. 33х2 (0)(Г);DKI/komatsu;25;33_2;0;гайка;легкая;false;false;null
20711-36-12;20 DKI/komatsu 74гр. 36х2 (0)(Г);DKI/komatsu;20;36_2;0;гайка;легкая;false;false;null
20711-39-16;25 DKI/komatsu 74гр. 39х2 (0)(Г);DKI/komatsu;25;39_2;0;гайка;легкая;false;false;null
20711-42-12;20 DKI/komatsu 74гр. 42х2 (0)(Г);DKI/komatsu;20;42_2;0;гайка;легкая;false;false;null
20711-42-16;25 DKI/komatsu 74гр. 42х2 (0)(Г);DKI/komatsu;25;42_2;0;гайка;легкая;false;false;null
20711-42-20;32 DKI/komatsu 74гр. 42х2 (0)(Г);DKI/komatsu;32;42_2;0;гайка;легкая;false;false;null
20711-45-20;32 DKI/komatsu 74гр. 45х2 (0)(Г);DKI/komatsu;32;45_2;0;гайка;легкая;false;false;null
20711-52-20;32 DKI/komatsu 74гр. 52х2 (0)(Г);DKI/komatsu;32;52_2;0;гайка;легкая;false;false;null
20711-52-24;38 DKI/komatsu 74гр. 52х2 (0)(Г);DKI/komatsu;38;52_2;0;гайка;легкая;false;false;null
20712-18-08;12 DKI/komatsu 74гр. 18х1,5 (0)(Г);DKI/komatsu;12;18_1_5;0;гайка;тяжелая;false;false;null
20712-20-08;12 DKI/komatsu 74гр. 20х1,5 (0)(Г);DKI/komatsu;12;20_1_5;0;гайка;тяжелая;false;false;null
20712-22-08;12 DKI/komatsu 74гр. 22х1,5 (0)(Г);DKI/komatsu;12;22_1_5;0;гайка;тяжелая;false;false;null
20712-22-10;16 DKI/komatsu 74гр. 22х1,5 (0)(Г);DKI/komatsu;16;22_1_5;0;гайка;тяжелая;false;false;null
20712-24-08;12 DKI/komatsu 74гр. 24х1,5 (0)(Г);DKI/komatsu;12;24_1_5;0;гайка;тяжелая;false;false;null
20712-24-10;16 DKI/komatsu 74гр. 24х1,5 (0)(Г);DKI/komatsu;16;24_1_5;0;гайка;тяжелая;false;false;null
20712-27-10;16 DKI/komatsu 74гр. 27х2 (0)(Г);DKI/komatsu;16;27_2;0;гайка;тяжелая;false;false;null
20712-30-12;20 DKI/komatsu 74гр. 30х2 (0)(Г);DKI/komatsu;20;30_2;0;гайка;тяжелая;false;false;null
20712-33-12;20 DKI/komatsu 74гр. 33х2 (0)(Г);DKI/komatsu;20;33_2;0;гайка;тяжелая;false;false;null
20712-33-16;25 DKI/komatsu 74гр. 33х2 (0)(Г);DKI/komatsu;25;33_2;0;гайка;тяжелая;false;false;null
20712-36-12;20 DKI/komatsu 74гр. 36х2 (0)(Г);DKI/komatsu;20;36_2;0;гайка;тяжелая;false;false;null
20712-39-16;25 DKI/komatsu 74гр. 39х2 (0)(Г);DKI/komatsu;25;39_2;0;гайка;тяжелая;false;false;null
20712-42-12;20 DKI/komatsu 74гр. 42х2 (0)(Г);DKI/komatsu;20;42_2;0;гайка;тяжелая;false;false;null
20712-42-16;25 DKI/komatsu 74гр. 42х2 (0)(Г);DKI/komatsu;25;42_2;0;гайка;тяжелая;false;false;null
20712-42-20;32 DKI/komatsu 74гр. 42х2 (0)(Г);DKI/komatsu;32;42_2;0;гайка;тяжелая;false;false;null
20712-45-20;32 DKI/komatsu 74гр. 45х2 (0)(Г);DKI/komatsu;32;45_2;0;гайка;тяжелая;false;false;null
20712-52-20;32 DKI/komatsu 74гр. 52х2 (0)(Г);DKI/komatsu;32;52_2;0;гайка;тяжелая;false;false;null
20712-52-24;38 DKI/komatsu 74гр. 52х2 (0)(Г);DKI/komatsu;38;52_2;0;гайка;тяжелая;false;false;null
20741-10-04;06 DKI/komatsu 74гр. 10х1 (45)(Г);DKI/komatsu;6;10_1;45;гайка;легкая;false;false;null
20741-12-04;06 DKI/komatsu 74гр. 12х1 (45)(Г);DKI/komatsu;6;12_1;45;гайка;легкая;false;false;null
20741-14-04;06 DKI/komatsu 74гр. 14х1 (45)(Г);DKI/komatsu;6;14_1;45;гайка;легкая;false;false;null
20741-14-05;08 DKI/komatsu 74гр. 14х1 (45)(Г);DKI/komatsu;8;14_1;45;гайка;легкая;false;false;null
20741-16-04;06 DKI/komatsu 74гр. 16х1 (45)(Г);DKI/komatsu;6;16_1;45;гайка;легкая;false;false;null
20741-16-05;08 DKI/komatsu 74гр. 16х1 (45)(Г);DKI/komatsu;8;16_1;45;гайка;легкая;false;false;null
20741-16-06;10 DKI/komatsu 74гр. 16х1 (45)(Г);DKI/komatsu;10;16_1;45;гайка;легкая;false;false;null
20741-18-04;06 DKI/komatsu 74гр. 18х1,5 (45)(Г);DKI/komatsu;6;18_1_5;45;гайка;легкая;false;false;null
20741-18-05;08 DKI/komatsu 74гр. 18х1,5 (45)(Г);DKI/komatsu;8;18_1_5;45;гайка;легкая;false;false;null
20741-18-06;10 DKI/komatsu 74гр. 18х1,5 (45)(Г);DKI/komatsu;10;18_1_5;45;гайка;легкая;false;false;null
20741-18-08;12 DKI/komatsu 74гр. 18х1,5 (45)(Г);DKI/komatsu;12;18_1_5;45;гайка;легкая;false;false;null
20741-20-06;10 DKI/komatsu 74гр. 20х1,5 (45)(Г);DKI/komatsu;10;20_1_5;45;гайка;легкая;false;false;null
20741-20-08;12 DKI/komatsu 74гр. 20х1,5 (45)(Г);DKI/komatsu;12;20_1_5;45;гайка;легкая;false;false;null
20741-22-06;10 DKI/komatsu 74гр. 22х1,5 (45)(Г);DKI/komatsu;10;22_1_5;45;гайка;легкая;false;false;null
20741-22-08;12 DKI/komatsu 74гр. 22х1,5 (45)(Г);DKI/komatsu;12;22_1_5;45;гайка;легкая;false;false;null
20741-22-10;16 DKI/komatsu 74гр. 22х1,5 (45)(Г);DKI/komatsu;16;22_1_5;45;гайка;легкая;false;false;null
20741-24-08;12 DKI/komatsu 74гр. 24х1,5 (45)(Г);DKI/komatsu;12;24_1_5;45;гайка;легкая;false;false;null
20741-24-10;16 DKI/komatsu 74гр. 24х1,5 (45)(Г);DKI/komatsu;16;24_1_5;45;гайка;легкая;false;false;null
20741-27-10;16 DKI/komatsu 74гр. 27х2 (45)(Г);DKI/komatsu;16;27_2;45;гайка;легкая;false;false;null
20741-30-12;20 DKI/komatsu 74гр. 30х2 (45)(Г);DKI/komatsu;20;30_2;45;гайка;легкая;false;false;null
20741-33-12;20 DKI/komatsu 74гр. 33х2 (45)(Г);DKI/komatsu;20;33_2;45;гайка;легкая;false;false;null
20741-33-16;25 DKI/komatsu 74гр. 33х2 (45)(Г);DKI/komatsu;25;33_2;45;гайка;легкая;false;false;null
20741-36-12;20 DKI/komatsu 74гр. 36х2 (45)(Г);DKI/komatsu;20;36_2;45;гайка;легкая;false;false;null
20741-39-16;25 DKI/komatsu 74гр. 39х2 (45)(Г);DKI/komatsu;25;39_2;45;гайка;легкая;false;false;null
20741-42-12;20 DKI/komatsu 74гр. 42х2 (45)(Г);DKI/komatsu;20;42_2;45;гайка;легкая;false;false;null
20741-42-16;25 DKI/komatsu 74гр. 42х2 (45)(Г);DKI/komatsu;25;42_2;45;гайка;легкая;false;false;null
20741-42-20;32 DKI/komatsu 74гр. 42х2 (45)(Г);DKI/komatsu;32;42_2;45;гайка;легкая;false;false;null
20741-45-20;32 DKI/komatsu 74гр. 45х2 (45)(Г);DKI/komatsu;32;45_2;45;гайка;легкая;false;false;null
20741-52-20;32 DKI/komatsu 74гр. 52х2 (45)(Г);DKI/komatsu;32;52_2;45;гайка;легкая;false;false;null
20741-52-24;38 DKI/komatsu 74гр. 52х2 (45)(Г);DKI/komatsu;38;52_2;45;гайка;легкая;false;false;null
20742-18-08;12 DKI/komatsu 74гр. 18х1,5 (45)(Г);DKI/komatsu;12;18_1_5;45;гайка;тяжелая;false;false;null
20742-20-08;12 DKI/komatsu 74гр. 20х1,5 (45)(Г);DKI/komatsu;12;20_1_5;45;гайка;тяжелая;false;false;null
20742-22-08;12 DKI/komatsu 74гр. 22х1,5 (45)(Г);DKI/komatsu;12;22_1_5;45;гайка;тяжелая;false;false;null
20742-22-10;16 DKI/komatsu 74гр. 22х1,5 (45)(Г);DKI/komatsu;16;22_1_5;45;гайка;тяжелая;false;false;null
20742-24-08;12 DKI/komatsu 74гр. 24х1,5 (45)(Г);DKI/komatsu;12;24_1_5;45;гайка;тяжелая;false;false;null
20742-24-10;16 DKI/komatsu 74гр. 24х1,5 (45)(Г);DKI/komatsu;16;24_1_5;45;гайка;тяжелая;false;false;null
20742-27-10;16 DKI/komatsu 74гр. 27х2 (45)(Г);DKI/komatsu;16;27_2;45;гайка;тяжелая;false;false;null
20742-30-12;20 DKI/komatsu 74гр. 30х2 (45)(Г);DKI/komatsu;20;30_2;45;гайка;тяжелая;false;false;null
20742-33-12;20 DKI/komatsu 74гр. 33х2 (45)(Г);DKI/komatsu;20;33_2;45;гайка;тяжелая;false;false;null
20742-33-16;25 DKI/komatsu 74гр. 33х2 (45)(Г);DKI/komatsu;25;33_2;45;гайка;тяжелая;false;false;null
20742-36-12;20 DKI/komatsu 74гр. 36х2 (45)(Г);DKI/komatsu;20;36_2;45;гайка;тяжелая;false;false;null
20742-39-16;25 DKI/komatsu 74гр. 39х2 (45)(Г);DKI/komatsu;25;39_2;45;гайка;тяжелая;false;false;null
20742-42-12;20 DKI/komatsu 74гр. 42х2 (45)(Г);DKI/komatsu;20;42_2;45;гайка;тяжелая;false;false;null
20742-42-16;25 DKI/komatsu 74гр. 42х2 (45)(Г);DKI/komatsu;25;42_2;45;гайка;тяжелая;false;false;null
20742-42-20;32 DKI/komatsu 74гр. 42х2 (45)(Г);DKI/komatsu;32;42_2;45;гайка;тяжелая;false;false;null
20742-45-20;32 DKI/komatsu 74гр. 45х2 (45)(Г);DKI/komatsu;32;45_2;45;гайка;тяжелая;false;false;null
20742-52-20;32 DKI/komatsu 74гр. 52х2 (45)(Г);DKI/komatsu;32;52_2;45;гайка;тяжелая;false;false;null
20742-52-24;38 DKI/komatsu 74гр. 52х2 (45)(Г);DKI/komatsu;38;52_2;45;гайка;тяжелая;false;false;null
20791-10-04;06 DKI/komatsu 74гр. 10х1 (90)(Г);DKI/komatsu;6;10_1;90;гайка;легкая;false;false;null
20791-12-04;06 DKI/komatsu 74гр. 12х1 (90)(Г);DKI/komatsu;6;12_1;90;гайка;легкая;false;false;null
20791-14-04;06 DKI/komatsu 74гр. 14х1 (90)(Г);DKI/komatsu;6;14_1;90;гайка;легкая;false;false;null
20791-14-05;08 DKI/komatsu 74гр. 14х1 (90)(Г);DKI/komatsu;8;14_1;90;гайка;легкая;false;false;null
20791-16-04;06 DKI/komatsu 74гр. 16х1 (90)(Г);DKI/komatsu;6;16_1;90;гайка;легкая;false;false;null
20791-16-05;08 DKI/komatsu 74гр. 16х1 (90)(Г);DKI/komatsu;8;16_1;90;гайка;легкая;false;false;null
20791-16-06;10 DKI/komatsu 74гр. 16х1 (90)(Г);DKI/komatsu;10;16_1;90;гайка;легкая;false;false;null
20791-18-04;06 DKI/komatsu 74гр. 18х1,5 (90)(Г);DKI/komatsu;6;18_1_5;90;гайка;легкая;false;false;null
20791-18-05;08 DKI/komatsu 74гр. 18х1,5 (90)(Г);DKI/komatsu;8;18_1_5;90;гайка;легкая;false;false;null
20791-18-06;10 DKI/komatsu 74гр. 18х1,5 (90)(Г);DKI/komatsu;10;18_1_5;90;гайка;легкая;false;false;null
20791-18-08;12 DKI/komatsu 74гр. 18х1,5 (90)(Г);DKI/komatsu;12;18_1_5;90;гайка;легкая;false;false;null
20791-20-06;10 DKI/komatsu 74гр. 20х1,5 (90)(Г);DKI/komatsu;10;20_1_5;90;гайка;легкая;false;false;null
20791-20-08;12 DKI/komatsu 74гр. 20х1,5 (90)(Г);DKI/komatsu;12;20_1_5;90;гайка;легкая;false;false;null
20791-22-06;10 DKI/komatsu 74гр. 22х1,5 (90)(Г);DKI/komatsu;10;22_1_5;90;гайка;легкая;false;false;null
20791-22-08;12 DKI/komatsu 74гр. 22х1,5 (90)(Г);DKI/komatsu;12;22_1_5;90;гайка;легкая;false;false;null
20791-22-10;16 DKI/komatsu 74гр. 22х1,5 (90)(Г);DKI/komatsu;16;22_1_5;90;гайка;легкая;false;false;null
20791-24-08;12 DKI/komatsu 74гр. 24х1,5 (90)(Г);DKI/komatsu;12;24_1_5;90;гайка;легкая;false;false;null
20791-24-10;16 DKI/komatsu 74гр. 24х1,5 (90)(Г);DKI/komatsu;16;24_1_5;90;гайка;легкая;false;false;null
20791-27-10;16 DKI/komatsu 74гр. 27х2 (90)(Г);DKI/komatsu;16;27_2;90;гайка;легкая;false;false;null
20791-30-12;20 DKI/komatsu 74гр. 30х2 (90)(Г);DKI/komatsu;20;30_2;90;гайка;легкая;false;false;null
20791-33-12;20 DKI/komatsu 74гр. 33х2 (90)(Г);DKI/komatsu;20;33_2;90;гайка;легкая;false;false;null
20791-33-16;25 DKI/komatsu 74гр. 33х2 (90)(Г);DKI/komatsu;25;33_2;90;гайка;легкая;false;false;null
20791-36-12;20 DKI/komatsu 74гр. 36х2 (90)(Г);DKI/komatsu;20;36_2;90;гайка;легкая;false;false;null
20791-39-16;25 DKI/komatsu 74гр. 39х2 (90)(Г);DKI/komatsu;25;39_2;90;гайка;легкая;false;false;null
20791-42-12;20 DKI/komatsu 74гр. 42х2 (90)(Г);DKI/komatsu;20;42_2;90;гайка;легкая;false;false;null
20791-42-16;25 DKI/komatsu 74гр. 42х2 (90)(Г);DKI/komatsu;25;42_2;90;гайка;легкая;false;false;null
20791-42-20;32 DKI/komatsu 74гр. 42х2 (90)(Г);DKI/komatsu;32;42_2;90;гайка;легкая;false;false;null
20791-45-20;32 DKI/komatsu 74гр. 45х2 (90)(Г);DKI/komatsu;32;45_2;90;гайка;легкая;false;false;null
20791-52-20;32 DKI/komatsu 74гр. 52х2 (90)(Г);DKI/komatsu;32;52_2;90;гайка;легкая;false;false;null
20791-52-24;38 DKI/komatsu 74гр. 52х2 (90)(Г);DKI/komatsu;38;52_2;90;гайка;легкая;false;false;null
20792-18-08;12 DKI/komatsu 74гр. 18х1,5 (90)(Г);DKI/komatsu;12;18_1_5;90;гайка;тяжелая;false;false;null
20792-20-08;12 DKI/komatsu 74гр. 20х1,5 (90)(Г);DKI/komatsu;12;20_1_5;90;гайка;тяжелая;false;false;null
20792-22-08;12 DKI/komatsu 74гр. 22х1,5 (90)(Г);DKI/komatsu;12;22_1_5;90;гайка;тяжелая;false;false;null
20792-22-10;16 DKI/komatsu 74гр. 22х1,5 (90)(Г);DKI/komatsu;16;22_1_5;90;гайка;тяжелая;false;false;null
20792-24-08;12 DKI/komatsu 74гр. 24х1,5 (90)(Г);DKI/komatsu;12;24_1_5;90;гайка;тяжелая;false;false;null
20792-24-10;16 DKI/komatsu 74гр. 24х1,5 (90)(Г);DKI/komatsu;16;24_1_5;90;гайка;тяжелая;false;false;null
20792-27-10;16 DKI/komatsu 74гр. 27х2 (90)(Г);DKI/komatsu;16;27_2;90;гайка;тяжелая;false;false;null
20792-30-12;20 DKI/komatsu 74гр. 30х2 (90)(Г);DKI/komatsu;20;30_2;90;гайка;тяжелая;false;false;null
20792-33-12;20 DKI/komatsu 74гр. 33х2 (90)(Г);DKI/komatsu;20;33_2;90;гайка;тяжелая;false;false;null
20792-33-16;25 DKI/komatsu 74гр. 33х2 (90)(Г);DKI/komatsu;25;33_2;90;гайка;тяжелая;false;false;null
20792-36-12;20 DKI/komatsu 74гр. 36х2 (90)(Г);DKI/komatsu;20;36_2;90;гайка;тяжелая;false;false;null
20792-39-16;25 DKI/komatsu 74гр. 39х2 (90)(Г);DKI/komatsu;25;39_2;90;гайка;тяжелая;false;false;null
20792-42-12;20 DKI/komatsu 74гр. 42х2 (90)(Г);DKI/komatsu;20;42_2;90;гайка;тяжелая;false;false;null
20792-42-16;25 DKI/komatsu 74гр. 42х2 (90)(Г);DKI/komatsu;25;42_2;90;гайка;тяжелая;false;false;null
20792-42-20;32 DKI/komatsu 74гр. 42х2 (90)(Г);DKI/komatsu;32;42_2;90;гайка;тяжелая;false;false;null
20792-45-20;32 DKI/komatsu 74гр. 45х2 (90)(Г);DKI/komatsu;32;45_2;90;гайка;тяжелая;false;false;null
20792-52-20;32 DKI/komatsu 74гр. 52х2 (90)(Г);DKI/komatsu;32;52_2;90;гайка;тяжелая;false;false;null
20792-52-24;38 DKI/komatsu 74гр. 52х2 (90)(Г);DKI/komatsu;38;52_2;90;гайка;тяжелая;false;false;null
10411-10-03;05 DKOL 10х1 (6) (Ш);DKOL;5;10_1;0;штуцер;легкая;false;false;null
10411-18-04 S19;06 DKОL 18х1,5 (12) (Ш) S=19;DKOL;6;18_1_5;0;штуцер;легкая;false;false;null
10411-18-05 S19;08 DKОL 18х1,5 (12) (Ш) S=19;DKOL;8;18_1_5;0;штуцер;легкая;false;false;null
10411-18-06 S19;10 DKOL 18х1,5 (12) (Ш) S=19;DKOL;10;18_1_5;0;штуцер;легкая;false;false;null
10411-18-08 S19;12 DKOL 18х1,5 (12) (Ш) S=19;DKOL;12;18_1_5;0;штуцер;легкая;false;false;null
10411-20-04;06 DKОL 20х1,5 (14) (Ш);DKOL;6;20_1_5;0;штуцер;легкая;false;false;null
10411-20-05;08 DKОL 20х1,5 (14) (Ш);DKOL;8;20_1_5;0;штуцер;легкая;false;false;null
10411-20-06;10 DKOL 20х1,5 (14) (Ш);DKOL;10;20_1_5;0;штуцер;легкая;false;false;null
10411-20-08;12 DKOL 20х1,5 (14) (Ш);DKOL;12;20_1_5;0;штуцер;легкая;false;false;null
10411-22-04;06 DKОL 22х1,5 (14) (Ш);DKOL;6;22_1_5;0;штуцер;легкая;false;false;null
10411-22-05;08 DKОL 22х1,5 (15) (Ш);DKOL;8;22_1_5;0;штуцер;легкая;false;false;null
10411-22-06 S22;10 DKОL 22х1,5 (15) (Ш) S=22;DKOL;10;22_1_5;0;штуцер;легкая;false;false;22
10411-22-06 S24;10 DKОL 22х1,5 (15) (Ш) S=24;DKOL;10;22_1_5;0;штуцер;легкая;false;false;24
10411-22-08;12 DKOL 22х1,5 (15) (Ш) S=22, 24, 27;DKOL;12;22_1_5;0;штуцер;легкая;false;false;22, 24, 27
10411-22-10;16 DKOL 22х1,5 (15) (Ш);DKOL;16;22_1_5;0;штуцер;легкая;false;false;null
10411-24-08 S27;12 DKOL 24х1,5 (18) (Ш) S=27;DKOL;12;24_1_5;0;штуцер;легкая;false;false;27
10411-27-10;16 DKOL 27х2 (18) (Ш);DKOL;16;27_2;0;штуцер;легкая;false;false;null
10411-30-10;16 DKOL 30х2 (22) (Ш);DKOL;16;30_2;0;штуцер;легкая;false;false;null
10411-30-12;20 DKOL 30х2 (22) (Ш);DKOL;20;30_2;0;штуцер;легкая;false;false;null
10411-30-16;25 DKOL 30х2 (22) (Ш);DKOL;25;30_2;0;штуцер;легкая;false;false;null
10411-33-12;20 DKOL 33х2 (25) (Ш);DKOL;20;33_2;0;штуцер;легкая;false;false;null
10411-33-16;25 DKOL 33х2 (25) (Ш);DKOL;25;33_2;0;штуцер;легкая;false;false;null
10411-36-10;16 DKOL 36х2 (28) (Ш);DKOL;16;36_2;0;штуцер;легкая;false;false;null
10411-36-12 S38;20 DKОL 36х2 (28) (Ш) S=38;DKOL;20;36_2;0;штуцер;легкая;false;false;null
10411-36-16;25 DKOL 36х2 (28) (Ш);DKOL;25;36_2;0;штуцер;легкая;false;false;null
10411-39-16;25 DKOL 39х2 (30) (Ш);DKOL;25;39_2;0;штуцер;легкая;false;false;null
10411-42-16;25 DKOL 42х2 (33) (Ш);DKOL;25;42_2;0;штуцер;легкая;false;false;null
10411-45-12;20 DKОL 45х2 (35) (Ш);DKOL;20;45_2;0;штуцер;легкая;false;false;null
10411-45-16;25 DKOL 45х2 (35) (Ш);DKOL;25;45_2;0;штуцер;легкая;false;false;null
10411-45-20 S46;32 DKOL 45х2 (35) (Ш) S=46;DKOL;32;45_2;0;штуцер;легкая;false;false;null
10411-45-24;38 DKOL 45х2 (35) (Ш);DKOL;38;45_2;0;штуцер;легкая;false;false;null
10411-52-20;32 DKOL 52х2 (42) (Ш);DKOL;32;52_2;0;штуцер;легкая;false;false;null
10411-52-24;38 DKOL 52х2 (42) (Ш);DKOL;38;52_2;0;штуцер;легкая;false;false;null
10411A-18-04;06 DKОL 18х1,5 (12) (Ш);DKOL;6;18_1_5;0;штуцер;легкая;true;false;null
10411A-18-05;08 DKОL 18х1,5 (12) (Ш);DKOL;8;18_1_5;0;штуцер;легкая;true;false;null
10411A-18-06;10 DKOL 18х1,5 (12) (Ш);DKOL;10;18_1_5;0;штуцер;легкая;true;false;null
10411A-18-08;12 DKOL 18х1,5 (12) (Ш);DKOL;12;18_1_5;0;штуцер;легкая;true;false;null
10411A-22-06;10 DKОL 22х1,5 (15) (Ш);DKOL;10;22_1_5;0;штуцер;легкая;true;false;null
10411A-24-08;12 DKOL 24х1,5 (18) (Ш);DKOL;12;24_1_5;0;штуцер;легкая;true;false;null
10411A-30-12;20 DKOL 30х2 (22) (Ш) S=36;DKOL;20;30_2;0;штуцер;легкая;true;false;null
10411A-36-12;20 DKОL 36х2 (28) (Ш);DKOL;20;36_2;0;штуцер;легкая;true;false;null
10411A-45-20;32 DKOL 45х2 (35) (Ш);DKOL;32;45_2;0;штуцер;легкая;true;false;null
10412-20-08;12 DKOL 20х1,5 (14) (Ш);DKOL;12;20_1_5;0;штуцер;тяжелая;false;false;null
10412-22-08;12 DKOL 22х1,5 (15) (Ш) S=22, 24, 27;DKOL;12;22_1_5;0;штуцер;тяжелая;false;false;22, 24, 27
10412-22-10;16 DKOL 22х1,5 (15) (Ш);DKOL;16;22_1_5;0;штуцер;тяжелая;false;false;null
10412-24-08 S27;12 DKOL 24х1,5 (18) (Ш) S=27;DKOL;12;24_1_5;0;штуцер;тяжелая;false;false;27
10412-27-10;16 DKOL 27х2 (18) (Ш);DKOL;16;27_2;0;штуцер;тяжелая;false;false;null
10412-30-10;16 DKOL 30х2 (22) (Ш);DKOL;16;30_2;0;штуцер;тяжелая;false;false;null
10412-30-12;20 DKOL 30х2 (22) (Ш);DKOL;20;30_2;0;штуцер;тяжелая;false;false;null
10412-30-16;25 DKOL 30х2 (22) (Ш);DKOL;25;30_2;0;штуцер;тяжелая;false;false;null
10412-33-12;20 DKOL 33х2 (25) (Ш);DKOL;20;33_2;0;штуцер;тяжелая;false;false;null
10412-33-16;25 DKOL 33х2 (25) (Ш);DKOL;25;33_2;0;штуцер;тяжелая;false;false;null
10412-36-10;16 DKOL 36х2 (28) (Ш);DKOL;16;36_2;0;штуцер;тяжелая;false;false;null
10412-36-12 S38;20 DKОL 36х2 (28) (Ш) S=38;DKOL;20;36_2;0;штуцер;тяжелая;false;false;null
10412-36-16;25 DKOL 36х2 (28) (Ш);DKOL;25;36_2;0;штуцер;тяжелая;false;false;null
10412-39-16;25 DKOL 39х2 (30) (Ш);DKOL;25;39_2;0;штуцер;тяжелая;false;false;null
10412-42-16;25 DKOL 42х2 (33) (Ш);DKOL;25;42_2;0;штуцер;тяжелая;false;false;null
10412-45-12;20 DKОL 45х2 (35) (Ш);DKOL;20;45_2;0;штуцер;тяжелая;false;false;null
10412-45-16;25 DKOL 45х2 (35) (Ш);DKOL;25;45_2;0;штуцер;тяжелая;false;false;null
10412-45-20 S46;32 DKOL 45х2 (35) (Ш) S=46;DKOL;32;45_2;0;штуцер;тяжелая;false;false;null
10412-45-24;38 DKOL 45х2 (35) (Ш);DKOL;38;45_2;0;штуцер;тяжелая;false;false;null
10412-52-20;32 DKOL 52х2 (42) (Ш);DKOL;32;52_2;0;штуцер;тяжелая;false;false;null
10412-52-24;38 DKOL 52х2 (42) (Ш);DKOL;38;52_2;0;штуцер;тяжелая;false;false;null
10412A-18-08;12 DKOL 18х1,5 (12) (Ш);DKOL;12;18_1_5;0;штуцер;тяжелая;true;false;null
10412A-24-08;12 DKOL 24х1,5 (18) (Ш);DKOL;12;24_1_5;0;штуцер;тяжелая;true;false;null
10412A-30-12;20 DKOL 30х2 (22) (Ш) S=36;DKOL;20;30_2;0;штуцер;тяжелая;true;false;null
10412A-36-12;20 DKОL 36х2 (28) (Ш);DKOL;20;36_2;0;штуцер;тяжелая;true;false;null
10412A-45-20;32 DKOL 45х2 (35) (Ш);DKOL;32;45_2;0;штуцер;тяжелая;true;false;null
20411-10-03;05 DKOL 10х1 (6) (0)(Г);DKOL;5;10_1;0;гайка;легкая;false;false;null
20411-12-04;06 DKOL 12х1 (6) (0)(Г);DKOL;6;12_1;0;гайка;легкая;false;false;null
20411-18-04;06 DKОL 18х1,5 (12) (0)(Г);DKOL;6;18_1_5;0;гайка;легкая;false;false;null
20411-18-05;08 DKОL 18х1,5 (12) (0)(Г);DKOL;8;18_1_5;0;гайка;легкая;false;false;null
20411-18-06;10 DKOL 18х1,5 (12) (0)(Г);DKOL;10;18_1_5;0;гайка;легкая;false;false;null
20411-18-08;12 DKOL 18х1,5 (12) (0)(Г);DKOL;12;18_1_5;0;гайка;легкая;false;false;null
20411-20-04;06 DKОL 20х1,5 (14) (0)(Г);DKOL;6;20_1_5;0;гайка;легкая;false;false;null
20411-20-05;08 DKОL 20х1,5 (14) (0)(Г);DKOL;8;20_1_5;0;гайка;легкая;false;false;null
20411-20-06;10 DKOL 20х1,5 (14) (0)(Г);DKOL;10;20_1_5;0;гайка;легкая;false;false;null
20411-20-08;12 DKOL 20х1,5 (14) (0)(Г);DKOL;12;20_1_5;0;гайка;легкая;false;false;null
20411-22-04;06 DKОL 22х1,5 (15) (0)(Г);DKOL;6;22_1_5;0;гайка;легкая;false;false;null
20411-22-05;08 DKОL 22х1,5 (15) (0)(Г);DKOL;8;22_1_5;0;гайка;легкая;false;false;null
20411-22-06;10 DKOL 22х1,5 (15) (0)(Г);DKOL;10;22_1_5;0;гайка;легкая;false;false;null
20411-22-08;12 DKOL 22х1,5 (15) (0)(Г);DKOL;12;22_1_5;0;гайка;легкая;false;false;null
20411-22-10;16 DKOL 22х1,5 (15) (0)(Г);DKOL;16;22_1_5;0;гайка;легкая;false;false;null
20411-24-08;12 DKOL 24х1,5 (18) (0)(Г);DKOL;12;24_1_5;0;гайка;легкая;false;false;null
20411-27-10;16 DKOL 27х2 (18) (0)(Г);DKOL;16;27_2;0;гайка;легкая;false;false;null
20411-30-10;16 DKOL 30х2 (22) (0)(Г);DKOL;16;30_2;0;гайка;легкая;false;false;null
20411-30-12;20 DKOL 30х2 (22) (0)(Г);DKOL;20;30_2;0;гайка;легкая;false;false;null
20411-30-16;25 DKOL 30х2 (22) (0)(Г);DKOL;25;30_2;0;гайка;легкая;false;false;null
20411-33-12;20 DKOL 33х2 (25) (0)(Г);DKOL;20;33_2;0;гайка;легкая;false;false;null
20411-33-16;25 DKOL 33х2 (25) (0)(Г);DKOL;25;33_2;0;гайка;легкая;false;false;null
20411-36-10;16 DKOL 36х2 (28) (0)(Г);DKOL;16;36_2;0;гайка;легкая;false;false;null
20411-36-12;20 DKOL 36х2 (28) (0)(Г);DKOL;20;36_2;0;гайка;легкая;false;false;null
20411-36-16;25 DKOL 36х2 (28) (0)(Г);DKOL;25;36_2;0;гайка;легкая;false;false;null
20411-39-16;25 DKOL 39х2 (30) (0)(Г);DKOL;25;39_2;0;гайка;легкая;false;false;null
20411-42-16;25 DKOL 42х2 (33) (0)(Г);DKOL;25;42_2;0;гайка;легкая;false;false;null
20411-42-20;32 DKOL 42х2 (33) (0)(Г);DKOL;32;42_2;0;гайка;легкая;false;false;null
20411-45-12;20 DKОL 45х2 (35) (0)(Г);DKOL;20;45_2;0;гайка;легкая;false;false;null
20411-45-16;25 DKOL 45х2 (35) (0)(Г);DKOL;25;45_2;0;гайка;легкая;false;false;null
20411-45-20;32 DKOL 45х2 (35) (0)(Г);DKOL;32;45_2;0;гайка;легкая;false;false;null
20411-45-24;38 DKOL 45х2 (35) (0)(Г);DKOL;38;45_2;0;гайка;легкая;false;false;null
20411-52-20;32 DKOL 52х2 (42) (0)(Г);DKOL;32;52_2;0;гайка;легкая;false;false;null
20411-52-24;38 DKOL 52х2 (42) (0)(Г);DKOL;38;52_2;0;гайка;легкая;false;false;null
20412-18-08;12 DKOL 18х1,5 (12) (0)(Г);DKOL;12;18_1_5;0;гайка;тяжелая;false;false;null
20412-20-08;12 DKOL 20х1,5 (14) (0)(Г);DKOL;12;20_1_5;0;гайка;тяжелая;false;false;null
20412-22-08;12 DKOL 22х1,5 (15) (0)(Г);DKOL;12;22_1_5;0;гайка;тяжелая;false;false;null
20412-22-10;16 DKOL 22х1,5 (15) (0)(Г);DKOL;16;22_1_5;0;гайка;тяжелая;false;false;null
20412-24-08;12 DKOL 24х1,5 (18) (0)(Г);DKOL;12;24_1_5;0;гайка;тяжелая;false;false;null
20412-27-10;16 DKOL 27х2 (18) (0)(Г);DKOL;16;27_2;0;гайка;тяжелая;false;false;null
20412-30-10;16 DKOL 30х2 (22) (0)(Г);DKOL;16;30_2;0;гайка;тяжелая;false;false;null
20412-30-12;20 DKOL 30х2 (22) (0)(Г);DKOL;20;30_2;0;гайка;тяжелая;false;false;null
20412-30-16;25 DKOL 30х2 (22) (0)(Г);DKOL;25;30_2;0;гайка;тяжелая;false;false;null
20412-33-12;20 DKOL 33х2 (25) (0)(Г);DKOL;20;33_2;0;гайка;тяжелая;false;false;null
20412-33-16;25 DKOL 33х2 (25) (0)(Г);DKOL;25;33_2;0;гайка;тяжелая;false;false;null
20412-36-10;16 DKOL 36х2 (28) (0)(Г);DKOL;16;36_2;0;гайка;тяжелая;false;false;null
20412-36-12;20 DKOL 36х2 (28) (0)(Г);DKOL;20;36_2;0;гайка;тяжелая;false;false;null
20412-36-16;25 DKOL 36х2 (28) (0)(Г);DKOL;25;36_2;0;гайка;тяжелая;false;false;null
20412-39-16;25 DKOL 39х2 (30) (0)(Г);DKOL;25;39_2;0;гайка;тяжелая;false;false;null
20412-42-16;25 DKOL 42х2 (33) (0)(Г);DKOL;25;42_2;0;гайка;тяжелая;false;false;null
20412-42-20;32 DKOL 42х2 (33) (0)(Г);DKOL;32;42_2;0;гайка;тяжелая;false;false;null
20412-45-12;20 DKОL 45х2 (35) (0)(Г);DKOL;20;45_2;0;гайка;тяжелая;false;false;null
20412-45-16;25 DKOL 45х2 (35) (0)(Г);DKOL;25;45_2;0;гайка;тяжелая;false;false;null
20412-45-20;32 DKOL 45х2 (35) (0)(Г);DKOL;32;45_2;0;гайка;тяжелая;false;false;null
20412-45-24;38 DKOL 45х2 (35) (0)(Г);DKOL;38;45_2;0;гайка;тяжелая;false;false;null
20412-52-20;32 DKOL 52х2 (42) (0)(Г);DKOL;32;52_2;0;гайка;тяжелая;false;false;null
20412-52-24;38 DKOL 52х2 (42) (0)(Г);DKOL;38;52_2;0;гайка;тяжелая;false;false;null
20441-10-03;05 DKOL 10х1 (6) (45)(Г);DKOL;5;10_1;45;гайка;легкая;false;false;null
20441-18-04;06 DKОL 18х1,5 (12) (45)(Г);DKOL;6;18_1_5;45;гайка;легкая;false;false;null
20441-18-05;08 DKОL 18х1,5 (12) (45)(Г);DKOL;8;18_1_5;45;гайка;легкая;false;false;null
20441-18-06;10 DKOL 18х1,5 (12) (45)(Г);DKOL;10;18_1_5;45;гайка;легкая;false;false;null
20441-18-08;12 DKOL 18х1,5 (12) (45)(Г);DKOL;12;18_1_5;45;гайка;легкая;false;false;null
20441-20-04;06 DKОL 20х1,5 (14) (45)(Г);DKOL;6;20_1_5;45;гайка;легкая;false;false;null
20441-20-05;08 DKОL 20х1,5 (14) (45)(Г);DKOL;8;20_1_5;45;гайка;легкая;false;false;null
20441-20-06;10 DKOL 20х1,5 (14) (45)(Г);DKOL;10;20_1_5;45;гайка;легкая;false;false;null
20441-20-08;12 DKOL 20х1,5 (14) (45)(Г);DKOL;12;20_1_5;45;гайка;легкая;false;false;null
20441-22-04;06 DKОL 22х1,5 (15) (45)(Г);DKOL;6;22_1_5;45;гайка;легкая;false;false;null
20441-22-05;08 DKОL 22х1,5 (15) (45)(Г);DKOL;8;22_1_5;45;гайка;легкая;false;false;null
20441-22-06;10 DKOL 22х1,5 (15) (45)(Г);DKOL;10;22_1_5;45;гайка;легкая;false;false;null
20441-22-08;12 DKOL 22х1,5 (15) (45)(Г);DKOL;12;22_1_5;45;гайка;легкая;false;false;null
20441-22-10;16 DKOL 22х1,5 (15) (45)(Г);DKOL;16;22_1_5;45;гайка;легкая;false;false;null
20441-24-08;12 DKOL 24х1,5 (18) (45)(Г);DKOL;12;24_1_5;45;гайка;легкая;false;false;null
20441-27-10;16 DKOL 27х2 (18) (45)(Г);DKOL;16;27_2;45;гайка;легкая;false;false;null
20441-30-10;16 DKOL 30х2 (22) (45)(Г);DKOL;16;30_2;45;гайка;легкая;false;false;null
20441-30-12;20 DKOL 30х2 (22) (45)(Г);DKOL;20;30_2;45;гайка;легкая;false;false;null
20441-30-16;25 DKOL 30х2 (22) (45)(Г);DKOL;25;30_2;45;гайка;легкая;false;false;null
20441-33-12;20 DKOL 33х2 (25) (45)(Г);DKOL;20;33_2;45;гайка;легкая;false;false;null
20441-33-16;25 DKOL 33х2 (25) (45)(Г);DKOL;25;33_2;45;гайка;легкая;false;false;null
20441-36-10;16 DKOL 36х2 (28) (45)(Г);DKOL;16;36_2;45;гайка;легкая;false;false;null
20441-36-12;20 DKОL 36х2 (28) (45)(Г);DKOL;20;36_2;45;гайка;легкая;false;false;null
20441-36-16;25 DKOL 36х2 (28) (45)(Г);DKOL;25;36_2;45;гайка;легкая;false;false;null
20441-39-16;25 DKOL 39х2 (30) (45)(Г);DKOL;25;39_2;45;гайка;легкая;false;false;null
20441-42-16;25 DKOL 42х2 (33) (45)(Г);DKOL;25;42_2;45;гайка;легкая;false;false;null
20441-42-20;32 DKOL 42х2 (33) (45)(Г);DKOL;32;42_2;45;гайка;легкая;false;false;null
20441-45-12;20 DKОL 45х2 (35) (45)(Г);DKOL;20;45_2;45;гайка;легкая;false;false;null
20441-45-16;25 DKOL 45х2 (35) (45)(Г);DKOL;25;45_2;45;гайка;легкая;false;false;null
20441-45-20;32 DKOL 45х2 (35) (45)(Г);DKOL;32;45_2;45;гайка;легкая;false;false;null
20441-45-24;38 DKOL 45х2 (35) (45)(Г);DKOL;38;45_2;45;гайка;легкая;false;false;null
20441-52-20;32 DKOL 52х2 (42) (45)(Г);DKOL;32;52_2;45;гайка;легкая;false;false;null
20441-52-24;38 DKOL 52х2 (42) (45)(Г);DKOL;38;52_2;45;гайка;легкая;false;false;null
20442-18-08;12 DKOL 18х1,5 (12) (45)(Г);DKOL;12;18_1_5;45;гайка;тяжелая;false;false;null
20442-20-08;12 DKOL 20х1,5 (14) (45)(Г);DKOL;12;20_1_5;45;гайка;тяжелая;false;false;null
20442-22-08;12 DKOL 22х1,5 (15) (45)(Г);DKOL;12;22_1_5;45;гайка;тяжелая;false;false;null
20442-22-10;16 DKOL 22х1,5 (15) (45)(Г);DKOL;16;22_1_5;45;гайка;тяжелая;false;false;null
20442-24-08;12 DKOL 24х1,5 (18) (45)(Г);DKOL;12;24_1_5;45;гайка;тяжелая;false;false;null
20442-27-10;16 DKOL 27х2 (18) (45)(Г);DKOL;16;27_2;45;гайка;тяжелая;false;false;null
20442-30-10;16 DKOL 30х2 (22) (45)(Г);DKOL;16;30_2;45;гайка;тяжелая;false;false;null
20442-30-12;20 DKOL 30х2 (22) (45)(Г);DKOL;20;30_2;45;гайка;тяжелая;false;false;null
20442-30-16;25 DKOL 30х2 (22) (45)(Г);DKOL;25;30_2;45;гайка;тяжелая;false;false;null
20442-33-12;20 DKOL 33х2 (25) (45)(Г);DKOL;20;33_2;45;гайка;тяжелая;false;false;null
20442-33-16;25 DKOL 33х2 (25) (45)(Г);DKOL;25;33_2;45;гайка;тяжелая;false;false;null
20442-36-10;16 DKOL 36х2 (28) (45)(Г);DKOL;16;36_2;45;гайка;тяжелая;false;false;null
20442-36-12;20 DKОL 36х2 (28) (45)(Г);DKOL;20;36_2;45;гайка;тяжелая;false;false;null
20442-36-16;25 DKOL 36х2 (28) (45)(Г);DKOL;25;36_2;45;гайка;тяжелая;false;false;null
20442-39-16;25 DKOL 39х2 (30) (45)(Г);DKOL;25;39_2;45;гайка;тяжелая;false;false;null
20442-42-16;25 DKOL 42х2 (33) (45)(Г);DKOL;25;42_2;45;гайка;тяжелая;false;false;null
20442-42-20;32 DKOL 42х2 (33) (45)(Г);DKOL;32;42_2;45;гайка;тяжелая;false;false;null
20442-45-12;20 DKОL 45х2 (35) (45)(Г);DKOL;20;45_2;45;гайка;тяжелая;false;false;null
20442-45-16;25 DKOL 45х2 (35) (45)(Г);DKOL;25;45_2;45;гайка;тяжелая;false;false;null
20442-45-20;32 DKOL 45х2 (35) (45)(Г);DKOL;32;45_2;45;гайка;тяжелая;false;false;null
20442-45-24;38 DKOL 45х2 (35) (45)(Г);DKOL;38;45_2;45;гайка;тяжелая;false;false;null
20442-52-20;32 DKOL 52х2 (42) (45)(Г);DKOL;32;52_2;45;гайка;тяжелая;false;false;null
20442-52-24;38 DKOL 52х2 (42) (45)(Г);DKOL;38;52_2;45;гайка;тяжелая;false;false;null
20491-10-03;05 DKOL 10х1 (6) (90)(Г);DKOL;5;10_1;90;гайка;легкая;false;false;null
20491-12-04;06 DKOL 12х1 (6) (90)(Г);DKOL;6;12_1;90;гайка;легкая;false;false;null
20491-18-04;06 DKОL 18х1,5 (12) (90)(Г);DKOL;6;18_1_5;90;гайка;легкая;false;false;null
20491-18-05;08 DKОL 18х1,5 (12) (90)(Г);DKOL;8;18_1_5;90;гайка;легкая;false;false;null
20491-18-06;10 DKOL 18х1,5 (12) (90)(Г);DKOL;10;18_1_5;90;гайка;легкая;false;false;null
20491-18-08;12 DKOL 18х1,5 (12) (90)(Г);DKOL;12;18_1_5;90;гайка;легкая;false;false;null
20491-20-04;06 DKОL 20х1,5 (14) (90)(Г);DKOL;6;20_1_5;90;гайка;легкая;false;false;null
20491-20-05;08 DKОL 20х1,5 (14) (90)(Г);DKOL;8;20_1_5;90;гайка;легкая;false;false;null
20491-20-06;10 DKOL 20х1,5 (14) (90)(Г);DKOL;10;20_1_5;90;гайка;легкая;false;false;null
20491-20-08;12 DKOL 20х1,5 (14) (90)(Г);DKOL;12;20_1_5;90;гайка;легкая;false;false;null
20491-22-04;06 DKОL 22х1,5 (15) (90)(Г);DKOL;6;22_1_5;90;гайка;легкая;false;false;null
20491-22-05;08 DKОL 22х1,5 (15) (90)(Г);DKOL;8;22_1_5;90;гайка;легкая;false;false;null
20491-22-06;10 DKOL 22х1,5 (15) (90)(Г);DKOL;10;22_1_5;90;гайка;легкая;false;false;null
20491-22-08;12 DKOL 22х1,5 (15) (90)(Г);DKOL;12;22_1_5;90;гайка;легкая;false;false;null
20491-22-10;16 DKOL 22х1,5 (15) (90)(Г);DKOL;16;22_1_5;90;гайка;легкая;false;false;null
20491-24-08;12 DKOL 24х1,5 (18) (90)(Г);DKOL;12;24_1_5;90;гайка;легкая;false;false;null
20491-27-10;16 DKOL 27х2 (18) (90)(Г);DKOL;16;27_2;90;гайка;легкая;false;false;null
20491-30-10;16 DKOL 30х2 (22) (90)(Г);DKOL;16;30_2;90;гайка;легкая;false;false;null
20491-30-12;20 DKOL 30х2 (22) (90)(Г);DKOL;20;30_2;90;гайка;легкая;false;false;null
20491-30-16;25 DKOL 30х2 (22) (90)(Г);DKOL;25;30_2;90;гайка;легкая;false;false;null
20491-33-12;20 DKOL 33х2 (25) (90)(Г);DKOL;20;33_2;90;гайка;легкая;false;false;null
20491-33-16;25 DKOL 33х2 (25) (90)(Г);DKOL;25;33_2;90;гайка;легкая;false;false;null
20491-36-10;16 DKOL 36х2 (28) (90)(Г);DKOL;16;36_2;90;гайка;легкая;false;false;null
20491-36-12;20 DKОL 36х2 (28) (90)(Г);DKOL;20;36_2;90;гайка;легкая;false;false;null
20491-36-16;25 DKOL 36х2 (28) (90)(Г);DKOL;25;36_2;90;гайка;легкая;false;false;null
20491-39-16;25 DKOL 39х2 (30) (90)(Г);DKOL;25;39_2;90;гайка;легкая;false;false;null
20491-42-16;25 DKOL 42х2 (33) (90)(Г);DKOL;25;42_2;90;гайка;легкая;false;false;null
20491-42-20;32 DKOL 42х2 (33) (90)(Г);DKOL;32;42_2;90;гайка;легкая;false;false;null
20491-45-12;20 DKОL 45х2 (35) (90)(Г);DKOL;20;45_2;90;гайка;легкая;false;false;null
20491-45-16;25 DKOL 45х2 (35) (90)(Г);DKOL;25;45_2;90;гайка;легкая;false;false;null
20491-45-20;32 DKOL 45х2 (35) (90)(Г);DKOL;32;45_2;90;гайка;легкая;false;false;null
20491-45-24;38 DKOL 45х2 (35) (90)(Г);DKOL;38;45_2;90;гайка;легкая;false;false;null
20491-52-20;32 DKOL 52х2 (42) (90)(Г);DKOL;32;52_2;90;гайка;легкая;false;false;null
20491-52-24;38 DKOL 52х2 (42) (90)(Г);DKOL;38;52_2;90;гайка;легкая;false;false;null
20492-18-08;12 DKOL 18х1,5 (12) (90)(Г);DKOL;12;18_1_5;90;гайка;тяжелая;false;false;null
20492-20-08;12 DKOL 20х1,5 (14) (90)(Г);DKOL;12;20_1_5;90;гайка;тяжелая;false;false;null
20492-22-08;12 DKOL 22х1,5 (15) (90)(Г);DKOL;12;22_1_5;90;гайка;тяжелая;false;false;null
20492-22-10;16 DKOL 22х1,5 (15) (90)(Г);DKOL;16;22_1_5;90;гайка;тяжелая;false;false;null
20492-24-08;12 DKOL 24х1,5 (18) (90)(Г);DKOL;12;24_1_5;90;гайка;тяжелая;false;false;null
20492-27-10;16 DKOL 27х2 (18) (90)(Г);DKOL;16;27_2;90;гайка;тяжелая;false;false;null
20492-30-10;16 DKOL 30х2 (22) (90)(Г);DKOL;16;30_2;90;гайка;тяжелая;false;false;null
20492-30-12;20 DKOL 30х2 (22) (90)(Г);DKOL;20;30_2;90;гайка;тяжелая;false;false;null
20492-30-16;25 DKOL 30х2 (22) (90)(Г);DKOL;25;30_2;90;гайка;тяжелая;false;false;null
20492-33-12;20 DKOL 33х2 (25) (90)(Г);DKOL;20;33_2;90;гайка;тяжелая;false;false;null
20492-33-16;25 DKOL 33х2 (25) (90)(Г);DKOL;25;33_2;90;гайка;тяжелая;false;false;null
20492-36-10;16 DKOL 36х2 (28) (90)(Г);DKOL;16;36_2;90;гайка;тяжелая;false;false;null
20492-36-12;20 DKОL 36х2 (28) (90)(Г);DKOL;20;36_2;90;гайка;тяжелая;false;false;null
20492-36-16;25 DKOL 36х2 (28) (90)(Г);DKOL;25;36_2;90;гайка;тяжелая;false;false;null
20492-39-16;25 DKOL 39х2 (30) (90)(Г);DKOL;25;39_2;90;гайка;тяжелая;false;false;null
20492-42-16;25 DKOL 42х2 (33) (90)(Г);DKOL;25;42_2;90;гайка;тяжелая;false;false;null
20492-42-20;32 DKOL 42х2 (33) (90)(Г);DKOL;32;42_2;90;гайка;тяжелая;false;false;null
20492-45-12;20 DKОL 45х2 (35) (90)(Г);DKOL;20;45_2;90;гайка;тяжелая;false;false;null
20492-45-16;25 DKOL 45х2 (35) (90)(Г);DKOL;25;45_2;90;гайка;тяжелая;false;false;null
20492-45-20;32 DKOL 45х2 (35) (90)(Г);DKOL;32;45_2;90;гайка;тяжелая;false;false;null
20492-45-24;38 DKOL 45х2 (35) (90)(Г);DKOL;38;45_2;90;гайка;тяжелая;false;false;null
20492-52-20;32 DKOL 52х2 (42) (90)(Г);DKOL;32;52_2;90;гайка;тяжелая;false;false;null
20492-52-24;38 DKOL 52х2 (42) (90)(Г);DKOL;38;52_2;90;гайка;тяжелая;false;false;null
10511-18-04 S19;06 DKОS 18х1,5 (10) (Ш) S=19;DKOS;6;18_1_5;0;штуцер;легкая;false;false;19
10511-18-05 S19;08 DKОS 18х1,5 (10) (Ш) S=19;DKOS;8;18_1_5;0;штуцер;легкая;false;false;19
10511-18-06 S19;10 DKOS 18х1,5 (10) (Ш) S=19;DKOS;10;18_1_5;0;штуцер;легкая;false;false;19
10511-20-04;06 DKОS 20х1,5 (12) (Ш);DKOS;6;20_1_5;0;штуцер;легкая;false;false;null
10511-20-05 S22;08 DKOS 20х1,5 (12) (Ш) S=22;DKOS;8;20_1_5;0;штуцер;легкая;false;false;22
10511-20-06 S22;10 DKOS 20х1,5 (12) (Ш) S=22;DKOS;10;20_1_5;0;штуцер;легкая;false;false;22
10511-20-08 S22;12 DKOS 20х1,5 (12) (Ш) S=22;DKOS;12;20_1_5;0;штуцер;легкая;false;false;22
10511-22-05;08 DKOS 22х1,5 (14) (Ш);DKOS;8;22_1_5;0;штуцер;легкая;false;false;null
10511-22-06 S24;10 DKOS 22х1,5 (14) (Ш) S=24;DKOS;10;22_1_5;0;штуцер;легкая;false;false;24
10511-22-08 S24;12 DKOS 22х1,5 (14) (Ш) S=24;DKOS;12;22_1_5;0;штуцер;легкая;false;false;24
10511-24-06;10 DKOS 24х1,5 (16) (Ш);DKOS;10;24_1_5;0;штуцер;легкая;false;false;null
10511-24-10;16 DKОS 24х1,5 (16) (Ш);DKOS;16;24_1_5;0;штуцер;легкая;false;false;null
10511-30-10;16 DKОS 30х2 (20) (Ш);DKOS;16;30_2;0;штуцер;легкая;false;false;null
10511-30-12;20 DKOS 30х2 (20) (Ш);DKOS;20;30_2;0;штуцер;легкая;false;false;null
10511-33-12;20 DKOS 33х2 (22) (Ш);DKOS;20;33_2;0;штуцер;легкая;false;false;null
10511-36-12;20 DKOS 36х2 (25) (Ш);DKOS;20;36_2;0;штуцер;легкая;false;false;null
10511-36-16;25 DKOS 36х2 (25) (Ш);DKOS;25;36_2;0;штуцер;легкая;false;false;null
10511-42-12;20 DKOS 42х2 (30) (Ш) ;DKOS;20;42_2;0;штуцер;легкая;false;false;null
10511-42-16;25 DKOS 42х2 (30) (Ш);DKOS;25;42_2;0;штуцер;легкая;false;false;null
10511-42-16 S46;25 DKOS 42х2 (30) (Ш) S=46;DKOS;25;42_2;0;штуцер;легкая;false;false;46
10511-42-20;32 DKOS 42х2 (30) (Ш);DKOS;32;42_2;0;штуцер;легкая;false;false;null
10511-52-16 S55;25 DKOS 52х2 (38) (Ш) S=55;DKOS;25;52_2;0;штуцер;легкая;false;false;55
10511-52-20 S55;32 DKOS 52х2 (38) (Ш) S=55;DKOS;32;52_2;0;штуцер;легкая;false;false;55
10511-52-24 S55;38 DKOS 52х2 (38) (Ш) S=55;DKOS;38;52_2;0;штуцер;легкая;false;false;55
10511A-18-04;06 DKОS 18х1,5 (10) (Ш);DKOS;6;18_1_5;0;штуцер;легкая;true;false;null
10511A-18-05;08 DKОS 18х1,5 (10) (Ш);DKOS;8;18_1_5;0;штуцер;легкая;true;false;null
10511A-18-06;10 DKOS 18х1,5 (10) (Ш);DKOS;10;18_1_5;0;штуцер;легкая;true;false;null
10511A-20-05;08 DKOS 20х1,5 (12) (Ш);DKOS;8;20_1_5;0;штуцер;легкая;true;false;null
10511A-20-06;10 DKOS 20х1,5 (12) (Ш);DKOS;10;20_1_5;0;штуцер;легкая;true;false;null
10511A-20-08;12 DKOS 20х1,5 (12) (Ш);DKOS;12;20_1_5;0;штуцер;легкая;true;false;null
10511A-22-06;10 DKOS 22х1,5 (14) (Ш);DKOS;10;22_1_5;0;штуцер;легкая;true;false;null
10511A-22-08;12 DKOS 22х1,5 (14) (Ш);DKOS;12;22_1_5;0;штуцер;легкая;true;false;null
10511A-24-08;12 DKОS 24х1,5 (16) (Ш);DKOS;12;24_1_5;0;штуцер;легкая;true;false;null
10511A-36-12;20 DKOS 36х2 (25) (Ш) S=41;DKOS;20;36_2;0;штуцер;легкая;true;false;41
10511A-36-16;25 DKOS 36х2 (25) (Ш) S=41;DKOS;25;36_2;0;штуцер;легкая;true;false;41
10511A-42-16;25 DKOS 42х2 (30) (Ш) S=50;DKOS;25;42_2;0;штуцер;легкая;true;false;50
10511A-52-16;25 DKOS 52х2 (38) (Ш);DKOS;25;52_2;0;штуцер;легкая;true;false;null
10511A-52-20;32 DKOS 52х2 (38) (Ш);DKOS;32;52_2;0;штуцер;легкая;true;false;null
10511A-52-24;38 DKOS 52х2 (38) (Ш);DKOS;38;52_2;0;штуцер;легкая;true;false;null
10512-20-08 S22;12 DKOS 20х1,5 (12) (Ш) S=22;DKOS;12;20_1_5;0;штуцер;тяжелая;false;false;22
10512-22-08 S24;12 DKOS 22х1,5 (14) (Ш) S=24;DKOS;12;22_1_5;0;штуцер;тяжелая;false;false;24
10512-24-10;16 DKОS 24х1,5 (16) (Ш);DKOS;16;24_1_5;0;штуцер;тяжелая;false;false;null
10512-30-10;16 DKОS 30х2 (20) (Ш);DKOS;16;30_2;0;штуцер;тяжелая;false;false;null
10512-30-12;20 DKOS 30х2 (20) (Ш);DKOS;20;30_2;0;штуцер;тяжелая;false;false;null
10512-33-12;20 DKOS 33х2 (22) (Ш);DKOS;20;33_2;0;штуцер;тяжелая;false;false;null
10512-36-12;20 DKOS 36х2 (25) (Ш);DKOS;20;36_2;0;штуцер;тяжелая;false;false;null
10512-36-16;25 DKOS 36х2 (25) (Ш);DKOS;25;36_2;0;штуцер;тяжелая;false;false;null
10512-42-12;20 DKOS 42х2 (30) (Ш) ;DKOS;20;42_2;0;штуцер;тяжелая;false;false;null
10512-42-16;25 DKOS 42х2 (30) (Ш);DKOS;25;42_2;0;штуцер;тяжелая;false;false;null
10512-42-16 S46;25 DKOS 42х2 (30) (Ш) S=46;DKOS;25;42_2;0;штуцер;тяжелая;false;false;46
10512-42-20;32 DKOS 42х2 (30) (Ш);DKOS;32;42_2;0;штуцер;тяжелая;false;false;null
10512-52-16 S55;25 DKOS 52х2 (38) (Ш) S=55;DKOS;25;52_2;0;штуцер;тяжелая;false;false;55
10512-52-20 S55;32 DKOS 52х2 (38) (Ш) S=55;DKOS;32;52_2;0;штуцер;тяжелая;false;false;55
10512-52-24 S55;38 DKOS 52х2 (38) (Ш) S=55;DKOS;38;52_2;0;штуцер;тяжелая;false;false;55
10512-52-32;50 DKOS 52х2 (38) (Ш);DKOS;50;52_2;0;штуцер;тяжелая;false;false;null
10512A-20-08;12 DKOS 20х1,5 (12) (Ш);DKOS;12;20_1_5;0;штуцер;тяжелая;true;false;null
10512A-22-08;12 DKOS 22х1,5 (14) (Ш);DKOS;12;22_1_5;0;штуцер;тяжелая;true;false;null
10512A-24-08;12 DKОS 24х1,5 (16) (Ш);DKOS;12;24_1_5;0;штуцер;тяжелая;true;false;null
10512A-36-12;20 DKOS 36х2 (25) (Ш) S=41;DKOS;20;36_2;0;штуцер;тяжелая;true;false;41
10512A-36-16;25 DKOS 36х2 (25) (Ш) S=41;DKOS;25;36_2;0;штуцер;тяжелая;true;false;41
10512A-42-16;25 DKOS 42х2 (30) (Ш) S=50;DKOS;25;42_2;0;штуцер;тяжелая;true;false;50
10512A-52-16;25 DKOS 52х2 (38) (Ш);DKOS;25;52_2;0;штуцер;тяжелая;true;false;null
10512A-52-20;32 DKOS 52х2 (38) (Ш);DKOS;32;52_2;0;штуцер;тяжелая;true;false;null
10512A-52-24;38 DKOS 52х2 (38) (Ш);DKOS;38;52_2;0;штуцер;тяжелая;true;false;null
10513-52-20;32 DKOS 52х2 (38) (Ш) Interlock;DKOS;32;52_2;0;штуцер;interlock;false;false;null
20511-18-04;06 DKОS 18х1,5 (10) (0)(Г);DKOS;6;18_1_5;0;гайка;легкая;false;false;null
20511-18-05;08 DKОS 18х1,5 (10) (0)(Г);DKOS;8;18_1_5;0;гайка;легкая;false;false;null
20511-18-06;10 DKOS 18х1,5 (10) (0)(Г);DKOS;10;18_1_5;0;гайка;легкая;false;false;null
20511-20-04;06 DKОS 20х1,5 (12) (0)(Г);DKOS;6;20_1_5;0;гайка;легкая;false;false;null
20511-20-05;08 DKOS 20х1,5 (12) (0)(Г);DKOS;8;20_1_5;0;гайка;легкая;false;false;null
20511-20-06;10 DKOS 20х1,5 (12) (0)(Г);DKOS;10;20_1_5;0;гайка;легкая;false;false;null
20511-20-08;12 DKOS 20х1,5 (12) (0)(Г);DKOS;12;20_1_5;0;гайка;легкая;false;false;null
20511-22-05;08 DKOS 22х1,5 (14) (0)(Г);DKOS;8;22_1_5;0;гайка;легкая;false;false;null
20511-22-06;10 DKOS 22х1,5 (14) (0)(Г);DKOS;10;22_1_5;0;гайка;легкая;false;false;null
20511-22-08;12 DKOS 22х1,5 (14) (0)(Г);DKOS;12;22_1_5;0;гайка;легкая;false;false;null
20511-24-06;10 DKOS 24х1,5 (16) (0)(Г);DKOS;10;24_1_5;0;гайка;легкая;false;false;null
20511-24-08;12 DKOS 24х1,5 (16) (0)(Г);DKOS;12;24_1_5;0;гайка;легкая;false;false;null
20511-24-10;16 DKОS 24х1,5 (16) (0)(Г);DKOS;16;24_1_5;0;гайка;легкая;false;false;null
20511-30-10;16 DKOS 30х2 (20) (0)(Г);DKOS;16;30_2;0;гайка;легкая;false;false;null
20511-30-12;20 DKOS 30х2 (20) (0)(Г);DKOS;20;30_2;0;гайка;легкая;false;false;null
20511-33-12;20 DKOS 33х2 (22) (0)(Г);DKOS;20;33_2;0;гайка;легкая;false;false;null
20511-33-16;25 DKOS 33х2 (22) (0)(Г);DKOS;25;33_2;0;гайка;легкая;false;false;null
20511-36-12;20 DKOS 36х2 (25) (0)(Г);DKOS;20;36_2;0;гайка;легкая;false;false;null
20511-36-16;25 DKOS 36х2 (25) (0)(Г);DKOS;25;36_2;0;гайка;легкая;false;false;null
20511-42-12;20 DKOS 42х2 (30) (0)(Г);DKOS;20;42_2;0;гайка;легкая;false;false;null
20511-42-16;25 DKOS 42х2 (30) (0)(Г);DKOS;25;42_2;0;гайка;легкая;false;false;null
20511-42-20;32 DKOS 42х2 (30) (0)(Г);DKOS;32;42_2;0;гайка;легкая;false;false;null
20511-52-16;25 DKOS 52х2 (38) (0)(Г);DKOS;25;52_2;0;гайка;легкая;false;false;null
20511-52-20;32 DKOS 52х2 (38) (0)(Г);DKOS;32;52_2;0;гайка;легкая;false;false;null
20511-52-24;38 DKOS 52х2 (38) (0)(Г);DKOS;38;52_2;0;гайка;легкая;false;false;null
20512-20-08;12 DKOS 20х1,5 (12) (0)(Г);DKOS;12;20_1_5;0;гайка;тяжелая;false;false;null
20512-22-08;12 DKOS 22х1,5 (14) (0)(Г);DKOS;12;22_1_5;0;гайка;тяжелая;false;false;null
20512-24-08;12 DKOS 24х1,5 (16) (0)(Г);DKOS;12;24_1_5;0;гайка;тяжелая;false;false;null
20512-24-10;16 DKОS 24х1,5 (16) (0)(Г);DKOS;16;24_1_5;0;гайка;тяжелая;false;false;null
20512-30-10;16 DKOS 30х2 (20) (0)(Г);DKOS;16;30_2;0;гайка;тяжелая;false;false;null
20512-30-12;20 DKOS 30х2 (20) (0)(Г);DKOS;20;30_2;0;гайка;тяжелая;false;false;null
20512-33-12;20 DKOS 33х2 (22) (0)(Г);DKOS;20;33_2;0;гайка;тяжелая;false;false;null
20512-33-16;25 DKOS 33х2 (22) (0)(Г);DKOS;25;33_2;0;гайка;тяжелая;false;false;null
20512-36-12;20 DKOS 36х2 (25) (0)(Г);DKOS;20;36_2;0;гайка;тяжелая;false;false;null
20512-36-16;25 DKOS 36х2 (25) (0)(Г);DKOS;25;36_2;0;гайка;тяжелая;false;false;null
20512-42-12;20 DKOS 42х2 (30) (0)(Г);DKOS;20;42_2;0;гайка;тяжелая;false;false;null
20512-42-16;25 DKOS 42х2 (30) (0)(Г);DKOS;25;42_2;0;гайка;тяжелая;false;false;null
20512-42-20;32 DKOS 42х2 (30) (0)(Г);DKOS;32;42_2;0;гайка;тяжелая;false;false;null
20512-52-16;25 DKOS 52х2 (38) (0)(Г);DKOS;25;52_2;0;гайка;тяжелая;false;false;null
20512-52-20;32 DKOS 52х2 (38) (0)(Г);DKOS;32;52_2;0;гайка;тяжелая;false;false;null
20512-52-24;38 DKOS 52х2 (38) (0)(Г);DKOS;38;52_2;0;гайка;тяжелая;false;false;null
20512-52-32;50 DKOS 52х2 (38) (0)(Г);DKOS;50;52_2;0;гайка;тяжелая;false;false;null
20513-52-24;38 DKOS 52х2 (38) (0)(Г) Interlock;DKOS;38;52_2;0;гайка;interlock;false;false;null
20541-18-04;06 DKОS 18х1,5 (10) (45)(Г);DKOS;6;18_1_5;45;гайка;легкая;false;false;null
20541-18-05;08 DKОS 18х1,5 (10) (45)(Г);DKOS;8;18_1_5;45;гайка;легкая;false;false;null
20541-18-06;10 DKOS 18х1,5 (10) (45)(Г);DKOS;10;18_1_5;45;гайка;легкая;false;false;null
20541-20-04;06 DKОS 20х1,5 (12) (45)(Г);DKOS;6;20_1_5;45;гайка;легкая;false;false;null
20541-20-05;08 DKOS 20х1,5 (12) (45)(Г);DKOS;8;20_1_5;45;гайка;легкая;false;false;null
20541-20-06;10 DKOS 20х1,5 (12) (45)(Г);DKOS;10;20_1_5;45;гайка;легкая;false;false;null
20541-20-08;12 DKOS 20х1,5 (12) (45)(Г);DKOS;12;20_1_5;45;гайка;легкая;false;false;null
20541-22-05;08 DKOS 22х1,5 (14) (45)(Г);DKOS;8;22_1_5;45;гайка;легкая;false;false;null
20541-22-06;10 DKOS 22х1,5 (14) (45)(Г);DKOS;10;22_1_5;45;гайка;легкая;false;false;null
20541-22-08;12 DKOS 22х1,5 (14) (45)(Г);DKOS;12;22_1_5;45;гайка;легкая;false;false;null
20541-24-06;10 DKOS 24х1,5 (16) (45)(Г);DKOS;10;24_1_5;45;гайка;легкая;false;false;null
20541-24-08;12 DKОS 24х1,5 (16) (45)(Г);DKOS;12;24_1_5;45;гайка;легкая;false;false;null
20541-24-10;16 DKОS 24х1,5 (16) (45)(Г);DKOS;16;24_1_5;45;гайка;легкая;false;false;null
20541-30-10;16 DKOS 30х2 (20) (45)(Г);DKOS;16;30_2;45;гайка;легкая;false;false;null
20541-30-12;20 DKOS 30х2 (20) (45)(Г);DKOS;20;30_2;45;гайка;легкая;false;false;null
20541-33-12;20 DKOS 33х2 (22) (45)(Г);DKOS;20;33_2;45;гайка;легкая;false;false;null
20541-36-12;20 DKOS 36х2 (25) (45)(Г);DKOS;20;36_2;45;гайка;легкая;false;false;null
20541-36-16;25 DKOS 36х2 (25) (45)(Г);DKOS;25;36_2;45;гайка;легкая;false;false;null
20541-42-12;20 DKOS 42х2 (30) (45)(Г);DKOS;20;42_2;45;гайка;легкая;false;false;null
20541-42-16;25 DKOS 42х2 (30) (45)(Г);DKOS;25;42_2;45;гайка;легкая;false;false;null
20541-42-20;32 DKOS 42х2 (30) (45)(Г);DKOS;32;42_2;45;гайка;легкая;false;false;null
20541-52-16;25 DKOS 52х2 (38) (45)(Г);DKOS;25;52_2;45;гайка;легкая;false;false;null
20541-52-20;32 DKOS 52х2 (38) (45)(Г);DKOS;32;52_2;45;гайка;легкая;false;false;null
20541-52-24;38 DKOS 52х2 (38) (45)(Г);DKOS;38;52_2;45;гайка;легкая;false;false;null
20542-20-08;12 DKOS 20х1,5 (12) (45)(Г);DKOS;12;20_1_5;45;гайка;тяжелая;false;false;null
20542-22-08;12 DKOS 22х1,5 (14) (45)(Г);DKOS;12;22_1_5;45;гайка;тяжелая;false;false;null
20542-24-08;12 DKОS 24х1,5 (16) (45)(Г);DKOS;12;24_1_5;45;гайка;тяжелая;false;false;null
20542-24-10;16 DKОS 24х1,5 (16) (45)(Г);DKOS;16;24_1_5;45;гайка;тяжелая;false;false;null
20542-30-10;16 DKOS 30х2 (20) (45)(Г);DKOS;16;30_2;45;гайка;тяжелая;false;false;null
20542-30-12;20 DKOS 30х2 (20) (45)(Г);DKOS;20;30_2;45;гайка;тяжелая;false;false;null
20542-33-12;20 DKOS 33х2 (22) (45)(Г);DKOS;20;33_2;45;гайка;тяжелая;false;false;null
20542-36-12;20 DKOS 36х2 (25) (45)(Г);DKOS;20;36_2;45;гайка;тяжелая;false;false;null
20542-36-16;25 DKOS 36х2 (25) (45)(Г);DKOS;25;36_2;45;гайка;тяжелая;false;false;null
20542-42-12;20 DKOS 42х2 (30) (45)(Г);DKOS;20;42_2;45;гайка;тяжелая;false;false;null
20542-42-16;25 DKOS 42х2 (30) (45)(Г);DKOS;25;42_2;45;гайка;тяжелая;false;false;null
20542-42-20;32 DKOS 42х2 (30) (45)(Г);DKOS;32;42_2;45;гайка;тяжелая;false;false;null
20542-52-16;25 DKOS 52х2 (38) (45)(Г);DKOS;25;52_2;45;гайка;тяжелая;false;false;null
20542-52-20;32 DKOS 52х2 (38) (45)(Г);DKOS;32;52_2;45;гайка;тяжелая;false;false;null
20542-52-24;38 DKOS 52х2 (38) (45)(Г);DKOS;38;52_2;45;гайка;тяжелая;false;false;null
20542-52-32;50 DKOS 52х2 (38) (45)(Г);DKOS;50;52_2;45;гайка;тяжелая;false;false;null
20591-18-04;06 DKОS 18х1,5 (10) (90)(Г);DKOS;6;18_1_5;90;гайка;легкая;false;false;null
20591-18-05;08 DKОS 18х1,5 (10) (90)(Г);DKOS;8;18_1_5;90;гайка;легкая;false;false;null
20591-18-06;10 DKOS 18х1,5 (10) (90)(Г);DKOS;10;18_1_5;90;гайка;легкая;false;false;null
20591-20-04;06 DKОS 20х1,5 (12) (90)(Г);DKOS;6;20_1_5;90;гайка;легкая;false;false;null
20591-20-05;08 DKOS 20х1,5 (12) (90)(Г);DKOS;8;20_1_5;90;гайка;легкая;false;false;null
20591-20-06;10 DKOS 20х1,5 (12) (90)(Г);DKOS;10;20_1_5;90;гайка;легкая;false;false;null
20591-20-08;12 DKOS 20х1,5 (12) (90)(Г);DKOS;12;20_1_5;90;гайка;легкая;false;false;null
20591-22-05;08 DKOS 22х1,5 (14) (90)(Г);DKOS;8;22_1_5;90;гайка;легкая;false;false;null
20591-22-06;10 DKOS 22х1,5 (14) (90)(Г);DKOS;10;22_1_5;90;гайка;легкая;false;false;null
20591-22-08;12 DKOS 22х1,5 (14) (90)(Г);DKOS;12;22_1_5;90;гайка;легкая;false;false;null
20591-24-06;10 DKOS 24х1,5 (16) (90)(Г);DKOS;10;24_1_5;90;гайка;легкая;false;false;null
20591-24-08;12 DKОS 24х1,5 (16) (90)(Г);DKOS;12;24_1_5;90;гайка;легкая;false;false;null
20591-24-10;16 DKОS 24х1,5 (16) (90)(Г);DKOS;16;24_1_5;90;гайка;легкая;false;false;null
20591-30-10;16 DKOS 30х2 (20) (90)(Г);DKOS;16;30_2;90;гайка;легкая;false;false;null
20591-30-12;20 DKOS 30х2 (20) (90)(Г);DKOS;20;30_2;90;гайка;легкая;false;false;null
20591-33-12;20 DKOS 33х2 (22) (90)(Г);DKOS;20;33_2;90;гайка;легкая;false;false;null
20591-36-12;20 DKOS 36х2 (25) (90)(Г);DKOS;20;36_2;90;гайка;легкая;false;false;null
20591-36-16;25 DKOS 36х2 (25) (90)(Г);DKOS;25;36_2;90;гайка;легкая;false;false;null
20591-42-12;20 DKOS 42х2 (30) (90)(Г);DKOS;20;42_2;90;гайка;легкая;false;false;null
20591-42-16;25 DKOS 42х2 (30) (90)(Г);DKOS;25;42_2;90;гайка;легкая;false;false;null
20591-42-20;32 DKOS 42х2 (30) (90)(Г);DKOS;32;42_2;90;гайка;легкая;false;false;null
20591-52-16;25 DKOS 52х2 (38) (90)(Г);DKOS;25;52_2;90;гайка;легкая;false;false;null
20591-52-20;32 DKOS 52х2 (38) (90)(Г);DKOS;32;52_2;90;гайка;легкая;false;false;null
20591-52-24;38 DKOS 52х2 (38) (90)(Г);DKOS;38;52_2;90;гайка;легкая;false;false;null
20592-20-08;12 DKOS 20х1,5 (12) (90)(Г);DKOS;12;20_1_5;90;гайка;тяжелая;false;false;null
20592-22-08;12 DKOS 22х1,5 (14) (90)(Г);DKOS;12;22_1_5;90;гайка;тяжелая;false;false;null
20592-24-08;12 DKОS 24х1,5 (16) (90)(Г);DKOS;12;24_1_5;90;гайка;тяжелая;false;false;null
20592-24-10;16 DKОS 24х1,5 (16) (90)(Г);DKOS;16;24_1_5;90;гайка;тяжелая;false;false;null
20592-30-10;16 DKOS 30х2 (20) (90)(Г);DKOS;16;30_2;90;гайка;тяжелая;false;false;null
20592-30-12;20 DKOS 30х2 (20) (90)(Г);DKOS;20;30_2;90;гайка;тяжелая;false;false;null
20592-33-12;20 DKOS 33х2 (22) (90)(Г);DKOS;20;33_2;90;гайка;тяжелая;false;false;null
20592-36-12;20 DKOS 36х2 (25) (90)(Г);DKOS;20;36_2;90;гайка;тяжелая;false;false;null
20592-36-16;25 DKOS 36х2 (25) (90)(Г);DKOS;25;36_2;90;гайка;тяжелая;false;false;null
20592-42-12;20 DKOS 42х2 (30) (90)(Г);DKOS;20;42_2;90;гайка;тяжелая;false;false;null
20592-42-16;25 DKOS 42х2 (30) (90)(Г);DKOS;25;42_2;90;гайка;тяжелая;false;false;null
20592-42-20;32 DKOS 42х2 (30) (90)(Г);DKOS;32;42_2;90;гайка;тяжелая;false;false;null
20592-52-16;25 DKOS 52х2 (38) (90)(Г);DKOS;25;52_2;90;гайка;тяжелая;false;false;null
20592-52-20;32 DKOS 52х2 (38) (90)(Г);DKOS;32;52_2;90;гайка;тяжелая;false;false;null
20592-52-24;38 DKOS 52х2 (38) (90)(Г);DKOS;38;52_2;90;гайка;тяжелая;false;false;null
20592-52-32;50 DKOS 52х2 (38) (90)(Г);DKOS;50;52_2;90;гайка;тяжелая;false;false;null
20593-52-24;38 DKOS 52х2 (38) (90)(Г) Interlock ;DKOS;38;52_2;90;гайка;interlock;false;false;null
16711-04-03;05 JIC 7/16 (Ш);JIC;5;7_16;0;штуцер;легкая;false;false;null
16711-04-04;06 JIC 7/16 (Ш);JIC;6;7_16;0;штуцер;легкая;false;false;null
16711-04-05;08 JIC 7/16 (Ш);JIC;8;7_16;0;штуцер;легкая;false;false;null
16711-04-06;10 JIC 7/16 (Ш);JIC;10;7_16;0;штуцер;легкая;false;false;null
16711-05-04;06 JIC 1/2 (Ш);JIC;6;1_2;0;штуцер;легкая;false;false;null
16711-05-05;08 JIC 1/2 (Ш);JIC;8;1_2;0;штуцер;легкая;false;false;null
16711-05-06;10 JIC 1/2 (Ш);JIC;10;1_2;0;штуцер;легкая;false;false;null
16711-06-04;06 JIC 9/16 (Ш);JIC;6;9_16;0;штуцер;легкая;false;false;null
16711-06-05;08 JIC 9/16 (Ш);JIC;8;9_16;0;штуцер;легкая;false;false;null
16711-06-06;10 JIC 9/16 (Ш);JIC;10;9_16;0;штуцер;легкая;false;false;null
16711-06-06 S17;10 JIC 9/16 (Ш) S=17;JIC;10;9_16;0;штуцер;легкая;false;false;17
16711-06-08;12 JIC 9/16 (Ш);JIC;12;9_16;0;штуцер;легкая;false;false;null
16711-07-05;08 JIC 5/8 (Ш);JIC;8;5_8;0;штуцер;легкая;false;false;null
16711-07-06;10 JIC 5/8 (Ш);JIC;10;5_8;0;штуцер;легкая;false;false;null
16711-07-08;12 JIC 5/8 (Ш);JIC;12;5_8;0;штуцер;легкая;false;false;null
16711-08-05;08 JIC 3/4 (Ш);JIC;8;3_4;0;штуцер;легкая;false;false;null
16711-08-06;10 JIC 3/4 (Ш);JIC;10;3_4;0;штуцер;легкая;false;false;null
16711-08-08;12 JIC 3/4 (Ш);JIC;12;3_4;0;штуцер;легкая;false;false;null
16711-08-10;16 JIC 3/4 (Ш);JIC;16;3_4;0;штуцер;легкая;false;false;null
16711-08-12;20 JIC 3/4 (Ш);JIC;20;3_4;0;штуцер;легкая;false;false;null
16711-10-06;10 JIC 7/8 (Ш);JIC;10;7_8;0;штуцер;легкая;false;false;null
16711-10-08;12 JIC 7/8 (Ш);JIC;12;7_8;0;штуцер;легкая;false;false;null
16711-10-10;16 JIC 7/8 (Ш);JIC;16;7_8;0;штуцер;легкая;false;false;null
16711-10-10 S24;16 JIC 7/8 (Ш) S=24;JIC;16;7_8;0;штуцер;легкая;false;false;24
16711-10-12;20 JIC 7/8 (Ш);JIC;20;7_8;0;штуцер;легкая;false;false;null
16711-12-08;12 JIC 1,1/16 (Ш);JIC;12;1_1_16;0;штуцер;легкая;false;false;null
16711-12-10;16 JIC 1,1/16 (Ш);JIC;16;1_1_16;0;штуцер;легкая;false;false;null
16711-12-12;20 JIC 1,1/16 (Ш);JIC;20;1_1_16;0;штуцер;легкая;false;false;null
16711-12-16;25 JIC 1,1/16 (Ш);JIC;25;1_1_16;0;штуцер;легкая;false;false;null
16711-14-10;16 JIC 1,3/16 (Ш);JIC;16;1_3_16;0;штуцер;легкая;false;false;null
16711-14-12;20 JIC 1,3/16 (Ш);JIC;20;1_3_16;0;штуцер;легкая;false;false;null
16711-14-16;25 JIC 1,3/16 (Ш);JIC;25;1_3_16;0;штуцер;легкая;false;false;null
16711-16-12;20 JIC 1,5/16 (Ш);JIC;20;1_5_16;0;штуцер;легкая;false;false;null
16711-16-16;25 JIC 1,5/16 (Ш);JIC;25;1_5_16;0;штуцер;легкая;false;false;null
16711-16-20;32 JIC 1,5/16 (Ш);JIC;32;1_5_16;0;штуцер;легкая;false;false;null
16711-20-16;25 JIC 1,5/8 (Ш);JIC;25;1_5_8;0;штуцер;легкая;false;false;null
16711-20-20;32 JIC 1,5/8 (Ш);JIC;32;1_5_8;0;штуцер;легкая;false;false;null
16711-24-20;32 JIC 1,7/8 (Ш);JIC;32;1_7_8;0;штуцер;легкая;false;false;null
16711-24-24;38 JIC 1,7/8 (Ш);JIC;38;1_7_8;0;штуцер;легкая;false;false;null
16711-32-32;50 JIC 2,1/2 (Ш);JIC;50;2_1_2;0;штуцер;легкая;false;false;null
16712-06-08;12 JIC 9/16 (Ш);JIC;12;9_16;0;штуцер;тяжелая;false;false;null
16712-07-08;12 JIC 5/8 (Ш);JIC;12;5_8;0;штуцер;тяжелая;false;false;null
16712-08-08;12 JIC 3/4 (Ш);JIC;12;3_4;0;штуцер;тяжелая;false;false;null
16712-08-10;16 JIC 3/4 (Ш);JIC;16;3_4;0;штуцер;тяжелая;false;false;null
16712-08-12;20 JIC 3/4 (Ш);JIC;20;3_4;0;штуцер;тяжелая;false;false;null
16712-10-08;12 JIC 7/8 (Ш);JIC;12;7_8;0;штуцер;тяжелая;false;false;null
16712-10-10;16 JIC 7/8 (Ш);JIC;16;7_8;0;штуцер;тяжелая;false;false;null
16712-10-10 S24;16 JIC 7/8 (Ш) S=24;JIC;16;7_8;0;штуцер;тяжелая;false;false;24
16712-10-12;20 JIC 7/8 (Ш);JIC;20;7_8;0;штуцер;тяжелая;false;false;null
16712-12-08;12 JIC 1,1/16 (Ш);JIC;12;1_1_16;0;штуцер;тяжелая;false;false;null
16712-12-10;16 JIC 1,1/16 (Ш);JIC;16;1_1_16;0;штуцер;тяжелая;false;false;null
16712-12-12;20 JIC 1,1/16 (Ш);JIC;20;1_1_16;0;штуцер;тяжелая;false;false;null
16712-12-16;25 JIC 1,1/16 (Ш);JIC;25;1_1_16;0;штуцер;тяжелая;false;false;null
16712-14-10;16 JIC 1,3/16 (Ш);JIC;16;1_3_16;0;штуцер;тяжелая;false;false;null
16712-14-12;20 JIC 1,3/16 (Ш);JIC;20;1_3_16;0;штуцер;тяжелая;false;false;null
16712-14-16;25 JIC 1,3/16 (Ш);JIC;25;1_3_16;0;штуцер;тяжелая;false;false;null
16712-16-12;20 JIC 1,5/16 (Ш);JIC;20;1_5_16;0;штуцер;тяжелая;false;false;null
16712-16-16;25 JIC 1,5/16 (Ш);JIC;25;1_5_16;0;штуцер;тяжелая;false;false;null
16712-16-20;32 JIC 1,5/16 (Ш);JIC;32;1_5_16;0;штуцер;тяжелая;false;false;null
16712-20-16;25 JIC 1,5/8 (Ш);JIC;25;1_5_8;0;штуцер;тяжелая;false;false;null
16712-20-20;32 JIC 1,5/8 (Ш);JIC;32;1_5_8;0;штуцер;тяжелая;false;false;null
16712-24-20;32 JIC 1,7/8 (Ш);JIC;32;1_7_8;0;штуцер;тяжелая;false;false;null
16712-24-24;38 JIC 1,7/8 (Ш);JIC;38;1_7_8;0;штуцер;тяжелая;false;false;null
16712-32-32;50 JIC 2,1/2 (Ш);JIC;50;2_1_2;0;штуцер;тяжелая;false;false;null
16713-16-16;25 JIC 1,5/16 (Ш) Interlock;JIC;25;1_5_16;0;штуцер;interlock;false;false;null
26711-04-03;05 JIC 7/16 (0)(Г);JIC;5;7_16;0;гайка;легкая;false;false;null
26711-04-04;06 JIC 7/16 (0)(Г);JIC;6;7_16;0;гайка;легкая;false;false;null
26711-04-05;08 JIC 7/16 (0)(Г);JIC;8;7_16;0;гайка;легкая;false;false;null
26711-04-06;10 JIC 7/16 (0)(Г);JIC;10;7_16;0;гайка;легкая;false;false;null
26711-05-04;06 JIC 1/2 (0)(Г);JIC;6;1_2;0;гайка;легкая;false;false;null
26711-05-05;08 JIC 1/2 (0)(Г);JIC;8;1_2;0;гайка;легкая;false;false;null
26711-05-06;10 JIC 1/2 (0)(Г);JIC;10;1_2;0;гайка;легкая;false;false;null
26711-06-04;06 JIC 9/16 (0)(Г);JIC;6;9_16;0;гайка;легкая;false;false;null
26711-06-05;08 JIC 9/16 (0)(Г);JIC;8;9_16;0;гайка;легкая;false;false;null
26711-06-06;10 JIC 9/16 (0)(Г);JIC;10;9_16;0;гайка;легкая;false;false;null
26711-06-08;12 JIC 9/16 (0)(Г);JIC;12;9_16;0;гайка;легкая;false;false;null
26711-07-05;08 JIC 5/8 (0)(Г);JIC;8;5_8;0;гайка;легкая;false;false;null
26711-07-06;10 JIC 5/8 (0)(Г);JIC;10;5_8;0;гайка;легкая;false;false;null
26711-07-08;12 JIC 5/8 (0)(Г);JIC;12;5_8;0;гайка;легкая;false;false;null
26711-08-05;08 JIC 3/4 (0)(Г);JIC;8;3_4;0;гайка;легкая;false;false;null
26711-08-06;10 JIC 3/4 (0)(Г);JIC;10;3_4;0;гайка;легкая;false;false;null
26711-08-08;12 JIC 3/4 (0)(Г);JIC;12;3_4;0;гайка;легкая;false;false;null
26711-08-10;16 JIC 3/4 (0)(Г);JIC;16;3_4;0;гайка;легкая;false;false;null
26711-08-12;20 JIC 3/4 (0)(Г);JIC;20;3_4;0;гайка;легкая;false;false;null
26711-10-06;10 JIC 7/8 (0)(Г);JIC;10;7_8;0;гайка;легкая;false;false;null
26711-10-08;12 JIC 7/8 (0)(Г);JIC;12;7_8;0;гайка;легкая;false;false;null
26711-10-10;16 JIC 7/8 (0)(Г);JIC;16;7_8;0;гайка;легкая;false;false;null
26711-10-12;20 JIC 7/8 (0)(Г);JIC;20;7_8;0;гайка;легкая;false;false;null
26711-12-08;12 JIC 1,1/16 (0)(Г);JIC;12;1_1_16;0;гайка;легкая;false;false;null
26711-12-10;16 JIC 1,1/16 (0)(Г);JIC;16;1_1_16;0;гайка;легкая;false;false;null
26711-12-12;20 JIC 1,1/16 (0)(Г);JIC;20;1_1_16;0;гайка;легкая;false;false;null
26711-12-16;25 JIC 1,1/16 (0)(Г);JIC;25;1_1_16;0;гайка;легкая;false;false;null
26711-14-10;16 JIC 1,3/16 (0)(Г);JIC;16;1_3_16;0;гайка;легкая;false;false;null
26711-14-12;20 JIC 1,3/16 (0)(Г);JIC;20;1_3_16;0;гайка;легкая;false;false;null
26711-14-16;25 JIC 1,3/16 (0)(Г);JIC;25;1_3_16;0;гайка;легкая;false;false;null
26711-16-12;20 JIC 1,5/16 (0)(Г);JIC;20;1_5_16;0;гайка;легкая;false;false;null
26711-16-16;25 JIC 1,5/16 (0)(Г);JIC;25;1_5_16;0;гайка;легкая;false;false;null
26711-16-20;32 JIC 1,5/16 (0)(Г);JIC;32;1_5_16;0;гайка;легкая;false;false;null
26711-20-16;25 JIC 1,5/8 (0)(Г);JIC;25;1_5_8;0;гайка;легкая;false;false;null
26711-20-20;32 JIC 1,5/8 (0)(Г);JIC;32;1_5_8;0;гайка;легкая;false;false;null
26711-24-20;32 JIC 1,7/8 (0)(Г);JIC;32;1_7_8;0;гайка;легкая;false;false;null
26711-24-24;38 JIC 1,7/8 (0)(Г);JIC;38;1_7_8;0;гайка;легкая;false;false;null
26711-32-32;50 JIC 2,1/2 (0)(Г);JIC;50;2_1_2;0;гайка;легкая;false;false;null
26712-06-08;12 JIC 9/16 (0)(Г);JIC;12;9_16;0;гайка;тяжелая;false;false;null
26712-07-08;12 JIC 5/8 (0)(Г);JIC;12;5_8;0;гайка;тяжелая;false;false;null
26712-08-08;12 JIC 3/4 (0)(Г);JIC;12;3_4;0;гайка;тяжелая;false;false;null
26712-08-10;16 JIC 3/4 (0)(Г);JIC;16;3_4;0;гайка;тяжелая;false;false;null
26712-08-12;20 JIC 3/4 (0)(Г);JIC;20;3_4;0;гайка;тяжелая;false;false;null
26712-10-08;12 JIC 7/8 (0)(Г);JIC;12;7_8;0;гайка;тяжелая;false;false;null
26712-10-10;16 JIC 7/8 (0)(Г);JIC;16;7_8;0;гайка;тяжелая;false;false;null
26712-10-12;20 JIC 7/8 (0)(Г);JIC;20;7_8;0;гайка;тяжелая;false;false;null
26712-12-08;12 JIC 1,1/16 (0)(Г);JIC;12;1_1_16;0;гайка;тяжелая;false;false;null
26712-12-10;16 JIC 1,1/16 (0)(Г);JIC;16;1_1_16;0;гайка;тяжелая;false;false;null
26712-12-12;20 JIC 1,1/16 (0)(Г);JIC;20;1_1_16;0;гайка;тяжелая;false;false;null
26712-12-16;25 JIC 1,1/16 (0)(Г);JIC;25;1_1_16;0;гайка;тяжелая;false;false;null
26712-14-10;16 JIC 1,3/16 (0)(Г);JIC;16;1_3_16;0;гайка;тяжелая;false;false;null
26712-14-12;20 JIC 1,3/16 (0)(Г);JIC;20;1_3_16;0;гайка;тяжелая;false;false;null
26712-14-16;25 JIC 1,3/16 (0)(Г);JIC;25;1_3_16;0;гайка;тяжелая;false;false;null
26712-16-12;20 JIC 1,5/16 (0)(Г);JIC;20;1_5_16;0;гайка;тяжелая;false;false;null
26712-16-16;25 JIC 1,5/16 (0)(Г);JIC;25;1_5_16;0;гайка;тяжелая;false;false;null
26712-16-20;32 JIC 1,5/16 (0)(Г);JIC;32;1_5_16;0;гайка;тяжелая;false;false;null
26712-20-16;25 JIC 1,5/8 (0)(Г);JIC;25;1_5_8;0;гайка;тяжелая;false;false;null
26712-20-20;32 JIC 1,5/8 (0)(Г);JIC;32;1_5_8;0;гайка;тяжелая;false;false;null
26712-24-20;32 JIC 1,7/8 (0)(Г);JIC;32;1_7_8;0;гайка;тяжелая;false;false;null
26712-24-24;38 JIC 1,7/8 (0)(Г);JIC;38;1_7_8;0;гайка;тяжелая;false;false;null
26712-32-24;38 JIC 2,1/2 (0)(Г);JIC;38;2_1_2;0;гайка;тяжелая;false;false;null
26712-32-32;50 JIC 2,1/2 (0)(Г);JIC;50;2_1_2;0;гайка;тяжелая;false;false;null
26713-20-20;32 JIC 1,5/8 (0)(Г) Interlock;JIC;32;1_5_8;0;гайка;interlock;false;false;null
26741-04-03;05 JIC 7/16 (45)(Г);JIC;5;7_16;45;гайка;легкая;false;false;null
26741-04-04;06 JIC 7/16 (45)(Г);JIC;6;7_16;45;гайка;легкая;false;false;null
26741-04-05;08 JIC 7/16 (45)(Г);JIC;8;7_16;45;гайка;легкая;false;false;null
26741-04-06;10 JIC 7/16 (45)(Г);JIC;10;7_16;45;гайка;легкая;false;false;null
26741-05-04;06 JIC 1/2 (45)(Г);JIC;6;1_2;45;гайка;легкая;false;false;null
26741-05-05;08 JIC 1/2 (45)(Г);JIC;8;1_2;45;гайка;легкая;false;false;null
26741-05-06;10 JIC 1/2 (45)(Г);JIC;10;1_2;45;гайка;легкая;false;false;null
26741-06-04;06 JIC 9/16 (45)(Г);JIC;6;9_16;45;гайка;легкая;false;false;null
26741-06-05;08 JIC 9/16 (45)(Г);JIC;8;9_16;45;гайка;легкая;false;false;null
26741-06-06;10 JIC 9/16 (45)(Г);JIC;10;9_16;45;гайка;легкая;false;false;null
26741-06-08;12 JIC 9/16 (45)(Г);JIC;12;9_16;45;гайка;легкая;false;false;null
26741-07-05;08 JIC 5/8 (45)(Г);JIC;8;5_8;45;гайка;легкая;false;false;null
26741-07-06;10 JIC 5/8 (45)(Г);JIC;10;5_8;45;гайка;легкая;false;false;null
26741-07-08;12 JIC 5/8 (45)(Г);JIC;12;5_8;45;гайка;легкая;false;false;null
26741-08-05;08 JIC 3/4 (45)(Г);JIC;8;3_4;45;гайка;легкая;false;false;null
26741-08-06;10 JIC 3/4 (45)(Г);JIC;10;3_4;45;гайка;легкая;false;false;null
26741-08-08;12 JIC 3/4 (45)(Г);JIC;12;3_4;45;гайка;легкая;false;false;null
26741-08-10;16 JIC 3/4 (45)(Г);JIC;16;3_4;45;гайка;легкая;false;false;null
26741-08-12;20 JIC 3/4 (45)(Г);JIC;20;3_4;45;гайка;легкая;false;false;null
26741-10-06;10 JIC 7/8 (45)(Г);JIC;10;7_8;45;гайка;легкая;false;false;null
26741-10-08;12 JIC 7/8 (45)(Г);JIC;12;7_8;45;гайка;легкая;false;false;null
26741-10-10;16 JIC 7/8 (45)(Г);JIC;16;7_8;45;гайка;легкая;false;false;null
26741-10-12;20 JIC 7/8 (45)(Г);JIC;20;7_8;45;гайка;легкая;false;false;null
26741-12-08;12 JIC 1,1/16 (45)(Г);JIC;12;1_1_16;45;гайка;легкая;false;false;null
26741-12-10;16 JIC 1,1/16 (45)(Г);JIC;16;1_1_16;45;гайка;легкая;false;false;null
26741-12-12;20 JIC 1,1/16 (45)(Г);JIC;20;1_1_16;45;гайка;легкая;false;false;null
26741-12-16;25 JIC 1,1/16 (45)(Г);JIC;25;1_1_16;45;гайка;легкая;false;false;null
26741-14-10;16 JIC 1,3/16 (45)(Г);JIC;16;1_3_16;45;гайка;легкая;false;false;null
26741-14-12;20 JIC 1,3/16 (45)(Г);JIC;20;1_3_16;45;гайка;легкая;false;false;null
26741-14-16;25 JIC 1,3/16 (45)(Г);JIC;25;1_3_16;45;гайка;легкая;false;false;null
26741-16-12;20 JIC 1,5/16 (45)(Г);JIC;20;1_5_16;45;гайка;легкая;false;false;null
26741-16-16;25 JIC 1,5/16 (45)(Г);JIC;25;1_5_16;45;гайка;легкая;false;false;null
26741-16-20;32 JIC 1,5/16 (45)(Г);JIC;32;1_5_16;45;гайка;легкая;false;false;null
26741-20-16;25 JIC 1,5/8 (45)(Г);JIC;25;1_5_8;45;гайка;легкая;false;false;null
26741-20-20;32 JIC 1,5/8 (45)(Г);JIC;32;1_5_8;45;гайка;легкая;false;false;null
26741-24-20;32 JIC 1,7/8 (45)(Г);JIC;32;1_7_8;45;гайка;легкая;false;false;null
26741-24-24;38 JIC 1,7/8 (45)(Г);JIC;38;1_7_8;45;гайка;легкая;false;false;null
26741-32-32;50 JIC 2,1/2 (45)(Г);JIC;50;2_1_2;45;гайка;легкая;false;false;null
26742-06-08;12 JIC 9/16 (45)(Г);JIC;12;9_16;45;гайка;тяжелая;false;false;null
26742-07-08;12 JIC 5/8 (45)(Г);JIC;12;5_8;45;гайка;тяжелая;false;false;null
26742-08-08;12 JIC 3/4 (45)(Г);JIC;12;3_4;45;гайка;тяжелая;false;false;null
26742-08-10;16 JIC 3/4 (45)(Г);JIC;16;3_4;45;гайка;тяжелая;false;false;null
26742-08-12;20 JIC 3/4 (45)(Г);JIC;20;3_4;45;гайка;тяжелая;false;false;null
26742-10-08;12 JIC 7/8 (45)(Г);JIC;12;7_8;45;гайка;тяжелая;false;false;null
26742-10-10;16 JIC 7/8 (45)(Г);JIC;16;7_8;45;гайка;тяжелая;false;false;null
26742-10-12;20 JIC 7/8 (45)(Г);JIC;20;7_8;45;гайка;тяжелая;false;false;null
26742-12-08;12 JIC 1,1/16 (45)(Г);JIC;12;1_1_16;45;гайка;тяжелая;false;false;null
26742-12-10;16 JIC 1,1/16 (45)(Г);JIC;16;1_1_16;45;гайка;тяжелая;false;false;null
26742-12-12;20 JIC 1,1/16 (45)(Г);JIC;20;1_1_16;45;гайка;тяжелая;false;false;null
26742-12-16;25 JIC 1,1/16 (45)(Г);JIC;25;1_1_16;45;гайка;тяжелая;false;false;null
26742-14-10;16 JIC 1,3/16 (45)(Г);JIC;16;1_3_16;45;гайка;тяжелая;false;false;null
26742-14-12;20 JIC 1,3/16 (45)(Г);JIC;20;1_3_16;45;гайка;тяжелая;false;false;null
26742-14-16;25 JIC 1,3/16 (45)(Г);JIC;25;1_3_16;45;гайка;тяжелая;false;false;null
26742-16-12;20 JIC 1,5/16 (45)(Г);JIC;20;1_5_16;45;гайка;тяжелая;false;false;null
26742-16-16;25 JIC 1,5/16 (45)(Г);JIC;25;1_5_16;45;гайка;тяжелая;false;false;null
26742-16-20;32 JIC 1,5/16 (45)(Г);JIC;32;1_5_16;45;гайка;тяжелая;false;false;null
26742-20-16;25 JIC 1,5/8 (45)(Г);JIC;25;1_5_8;45;гайка;тяжелая;false;false;null
26742-20-20;32 JIC 1,5/8 (45)(Г);JIC;32;1_5_8;45;гайка;тяжелая;false;false;null
26742-24-20;32 JIC 1,7/8 (45)(Г);JIC;32;1_7_8;45;гайка;тяжелая;false;false;null
26742-24-24;38 JIC 1,7/8 (45)(Г);JIC;38;1_7_8;45;гайка;тяжелая;false;false;null
26742-32-32;50 JIC 2,1/2 (45)(Г);JIC;50;2_1_2;45;гайка;тяжелая;false;false;null
26791-04-03;05 JIC 7/16 (90)(Г);JIC;5;7_16;90;гайка;легкая;false;false;null
26791-04-04;06 JIC 7/16 (90)(Г);JIC;6;7_16;90;гайка;легкая;false;false;null
26791-04-05;08 JIC 7/16 (90)(Г);JIC;8;7_16;90;гайка;легкая;false;false;null
26791-04-06;10 JIC 7/16 (90)(Г);JIC;10;7_16;90;гайка;легкая;false;false;null
26791-05-04;06 JIC 1/2 (90)(Г);JIC;6;1_2;90;гайка;легкая;false;false;null
26791-05-05;08 JIC 1/2 (90)(Г);JIC;8;1_2;90;гайка;легкая;false;false;null
26791-05-06;10 JIC 1/2 (90)(Г);JIC;10;1_2;90;гайка;легкая;false;false;null
26791-06-04;06 JIC 9/16 (90)(Г);JIC;6;9_16;90;гайка;легкая;false;false;null
26791-06-05;08 JIC 9/16 (90)(Г);JIC;8;9_16;90;гайка;легкая;false;false;null
26791-06-06;10 JIC 9/16 (90)(Г);JIC;10;9_16;90;гайка;легкая;false;false;null
26791-06-08;12 JIC 9/16 (90)(Г);JIC;12;9_16;90;гайка;легкая;false;false;null
26791-07-05;08 JIC 5/8 (90)(Г);JIC;8;5_8;90;гайка;легкая;false;false;null
26791-07-06;10 JIC 5/8 (90)(Г);JIC;10;5_8;90;гайка;легкая;false;false;null
26791-07-08;12 JIC 5/8 (90)(Г);JIC;12;5_8;90;гайка;легкая;false;false;null
26791-08-05;08 JIC 3/4 (90)(Г);JIC;8;3_4;90;гайка;легкая;false;false;null
26791-08-06;10 JIC 3/4 (90)(Г);JIC;10;3_4;90;гайка;легкая;false;false;null
26791-08-08;12 JIC 3/4 (90)(Г);JIC;12;3_4;90;гайка;легкая;false;false;null
26791-08-10;16 JIC 3/4 (90)(Г);JIC;16;3_4;90;гайка;легкая;false;false;null
26791-08-12;20 JIC 3/4 (90)(Г);JIC;20;3_4;90;гайка;легкая;false;false;null
26791-10-06;10 JIC 7/8 (90)(Г);JIC;10;7_8;90;гайка;легкая;false;false;null
26791-10-08;12 JIC 7/8 (90)(Г);JIC;12;7_8;90;гайка;легкая;false;false;null
26791-10-10;16 JIC 7/8 (90)(Г);JIC;16;7_8;90;гайка;легкая;false;false;null
26791-10-12;20 JIC 7/8 (90)(Г);JIC;20;7_8;90;гайка;легкая;false;false;null
26791-12-08;12 JIC 1,1/16 (90)(Г);JIC;12;1_1_16;90;гайка;легкая;false;false;null
26791-12-10;16 JIC 1,1/16 (90)(Г);JIC;16;1_1_16;90;гайка;легкая;false;false;null
26791-12-12;20 JIC 1,1/16 (90)(Г);JIC;20;1_1_16;90;гайка;легкая;false;false;null
26791-12-16;25 JIC 1,1/16 (90)(Г);JIC;25;1_1_16;90;гайка;легкая;false;false;null
26791-14-10;16 JIC 1,3/16 (90)(Г);JIC;16;1_3_16;90;гайка;легкая;false;false;null
26791-14-12;20 JIC 1,3/16 (90)(Г);JIC;20;1_3_16;90;гайка;легкая;false;false;null
26791-14-16;25 JIC 1,3/16 (90)(Г);JIC;25;1_3_16;90;гайка;легкая;false;false;null
26791-16-12;20 JIC 1,5/16 (90)(Г);JIC;20;1_5_16;90;гайка;легкая;false;false;null
26791-16-16;25 JIC 1,5/16 (90)(Г);JIC;25;1_5_16;90;гайка;легкая;false;false;null
26791-16-20;32 JIC 1,5/16 (90)(Г);JIC;32;1_5_16;90;гайка;легкая;false;false;null
26791-20-16;25 JIC 1,5/8 (90)(Г);JIC;25;1_5_8;90;гайка;легкая;false;false;null
26791-20-20;32 JIC 1,5/8 (90)(Г);JIC;32;1_5_8;90;гайка;легкая;false;false;null
26791-24-20;32 JIC 1,7/8 (90)(Г);JIC;32;1_7_8;90;гайка;легкая;false;false;null
26791-24-24;38 JIC 1,7/8 (90)(Г);JIC;38;1_7_8;90;гайка;легкая;false;false;null
26791-32-32;50 JIC 2,1/2 (90)(Г);JIC;50;2_1_2;90;гайка;легкая;false;false;null
26792-06-08;12 JIC 9/16 (90)(Г);JIC;12;9_16;90;гайка;тяжелая;false;false;null
26792-07-08;12 JIC 5/8 (90)(Г);JIC;12;5_8;90;гайка;тяжелая;false;false;null
26792-08-08;12 JIC 3/4 (90)(Г);JIC;12;3_4;90;гайка;тяжелая;false;false;null
26792-08-10;16 JIC 3/4 (90)(Г);JIC;16;3_4;90;гайка;тяжелая;false;false;null
26792-08-12;20 JIC 3/4 (90)(Г);JIC;20;3_4;90;гайка;тяжелая;false;false;null
26792-10-08;12 JIC 7/8 (90)(Г);JIC;12;7_8;90;гайка;тяжелая;false;false;null
26792-10-10;16 JIC 7/8 (90)(Г);JIC;16;7_8;90;гайка;тяжелая;false;false;null
26792-10-12;20 JIC 7/8 (90)(Г);JIC;20;7_8;90;гайка;тяжелая;false;false;null
26792-12-08;12 JIC 1,1/16 (90)(Г);JIC;12;1_1_16;90;гайка;тяжелая;false;false;null
26792-12-10;16 JIC 1,1/16 (90)(Г);JIC;16;1_1_16;90;гайка;тяжелая;false;false;null
26792-12-12;20 JIC 1,1/16 (90)(Г);JIC;20;1_1_16;90;гайка;тяжелая;false;false;null
26792-12-16;25 JIC 1,1/16 (90)(Г);JIC;25;1_1_16;90;гайка;тяжелая;false;false;null
26792-14-10;16 JIC 1,3/16 (90)(Г);JIC;16;1_3_16;90;гайка;тяжелая;false;false;null
26792-14-12;20 JIC 1,3/16 (90)(Г);JIC;20;1_3_16;90;гайка;тяжелая;false;false;null
26792-14-16;25 JIC 1,3/16 (90)(Г);JIC;25;1_3_16;90;гайка;тяжелая;false;false;null
26792-16-12;20 JIC 1,5/16 (90)(Г);JIC;20;1_5_16;90;гайка;тяжелая;false;false;null
26792-16-16;25 JIC 1,5/16 (90)(Г);JIC;25;1_5_16;90;гайка;тяжелая;false;false;null
26792-16-20;32 JIC 1,5/16 (90)(Г);JIC;32;1_5_16;90;гайка;тяжелая;false;false;null
26792-20-16;25 JIC 1,5/8 (90)(Г);JIC;25;1_5_8;90;гайка;тяжелая;false;false;null
26792-20-20;32 JIC 1,5/8 (90)(Г);JIC;32;1_5_8;90;гайка;тяжелая;false;false;null
26792-24-20;32 JIC 1,7/8 (90)(Г);JIC;32;1_7_8;90;гайка;тяжелая;false;false;null
26792-24-24;38 JIC 1,7/8 (90)(Г);JIC;38;1_7_8;90;гайка;тяжелая;false;false;null
26792-32-32;50 JIC 2,1/2 (90)(Г);JIC;50;2_1_2;90;гайка;тяжелая;false;false;null
26793-20-20;32 JIC 1,5/8 (90)(Г) Interlock;JIC;32;1_5_8;90;гайка;interlock;false;false;null
19611-02-04;06 JIS 60гр. 1/8 (Ш);JIS;6;1_8;0;штуцер;легкая;false;false;null
19611-04-04;06 JIS 60гр. 1/4 (Ш);JIS;6;1_4;0;штуцер;легкая;false;false;null
19611-04-05;08 JIS 60гр. 1/4 (Ш);JIS;8;1_4;0;штуцер;легкая;false;false;null
19611-06-05;08 JIS 60гр. 3/8 (Ш);JIS;8;3_8;0;штуцер;легкая;false;false;null
19611-06-06;10 JIS 60гр. 3/8 (Ш) ;JIS;10;3_8;0;штуцер;легкая;false;false;null
19611-06-08;12 JIS 60гр. 3/8 (Ш);JIS;12;3_8;0;штуцер;легкая;false;false;null
19611-08-08;12 JIS 60гр. 1/2 (Ш) ;JIS;12;1_2;0;штуцер;легкая;false;false;null
19611-10-10;16 JIS 60гр. 5/8 (Ш) ;JIS;16;5_8;0;штуцер;легкая;false;false;null
19611-12-12;20 JIS 60гр. 3/4 (Ш) ;JIS;20;3_4;0;штуцер;легкая;false;false;null
19611-16-16;25 JIS 60гр. 1 (Ш) ;JIS;25;1;0;штуцер;легкая;false;false;null
19611-20-16;25 JIS 60гр. 1.1/4 (Ш) ;JIS;25;1_1_4;0;штуцер;легкая;false;false;null
19611-20-20;32 JIS 60гр. 1.1/4 (Ш) ;JIS;32;1_1_4;0;штуцер;легкая;false;false;null
19611-24-24;38 JIS 60гр. 1.1/2 (Ш);JIS;38;1_1_2;0;штуцер;легкая;false;false;null
19611-32-32;50 JIS 60гр. 2 (Ш);JIS;50;2;0;штуцер;легкая;false;false;null
19612-06-08;12 JIS 60гр. 3/8 (Ш);JIS;12;3_8;0;штуцер;тяжелая;false;false;null
19612-08-08;12 JIS 60гр. 1/2 (Ш) ;JIS;12;1_2;0;штуцер;тяжелая;false;false;null
19612-10-10;16 JIS 60гр. 5/8 (Ш) ;JIS;16;5_8;0;штуцер;тяжелая;false;false;null
19612-12-12;20 JIS 60гр. 3/4 (Ш) ;JIS;20;3_4;0;штуцер;тяжелая;false;false;null
19612-16-16;25 JIS 60гр. 1 (Ш) ;JIS;25;1;0;штуцер;тяжелая;false;false;null
19612-20-16;25 JIS 60гр. 1.1/4 (Ш) ;JIS;25;1_1_4;0;штуцер;тяжелая;false;false;null
19612-20-20;32 JIS 60гр. 1.1/4 (Ш) ;JIS;32;1_1_4;0;штуцер;тяжелая;false;false;null
19612-24-24;38 JIS 60гр. 1.1/2 (Ш);JIS;38;1_1_2;0;штуцер;тяжелая;false;false;null
19612-32-32;50 JIS 60гр. 2 (Ш);JIS;50;2;0;штуцер;тяжелая;false;false;null
29611-02-04;06 JIS 60гр. 1/8 (0)(Г);JIS;6;1_8;0;гайка;легкая;false;false;null
29611-04-04;06 JIS 60гр. 1/4 (0)(Г);JIS;6;1_4;0;гайка;легкая;false;false;null
29611-04-05;08 JIS 60гр. 1/4 (0)(Г);JIS;8;1_4;0;гайка;легкая;false;false;null
29611-06-05;08 JIS 60гр. 3/8 (0)(Г);JIS;8;3_8;0;гайка;легкая;false;false;null
29611-06-06;10 JIS 60гр. 3/8 (0)(Г);JIS;10;3_8;0;гайка;легкая;false;false;null
29611-06-08;12 JIS 60гр. 3/8 (0)(Г);JIS;12;3_8;0;гайка;легкая;false;false;null
29611-08-08;12 JIS 60гр. 1/2 (0)(Г) ;JIS;12;1_2;0;гайка;легкая;false;false;null
29611-10-10;16 JIS 60гр. 5/8 (0)(Г) ;JIS;16;5_8;0;гайка;легкая;false;false;null
29611-12-12;20 JIS 60гр. 3/4 (0)(Г) ;JIS;20;3_4;0;гайка;легкая;false;false;null
29611-16-16;25 JIS 60гр. 1 (0)(Г);JIS;25;1;0;гайка;легкая;false;false;null
29611-20-16;25 JIS 60гр. 1.1/4 (0)(Г) ;JIS;25;1_1_4;0;гайка;легкая;false;false;null
29611-20-20;32 JIS 60гр. 1.1/4 (0)(Г) ;JIS;32;1_1_4;0;гайка;легкая;false;false;null
29611-24-24;38 JIS 60гр. 1.1/2 (0)(Г) ;JIS;38;1_1_2;0;гайка;легкая;false;false;null
29611-32-32;50 JIS 60гр. 2 (0)(Г);JIS;50;2;0;гайка;легкая;false;false;null
29612-06-08;12 JIS 60гр. 3/8 (0)(Г);JIS;12;3_8;0;гайка;тяжелая;false;false;null
29612-08-08;12 JIS 60гр. 1/2 (0)(Г) ;JIS;12;1_2;0;гайка;тяжелая;false;false;null
29612-10-10;16 JIS 60гр. 5/8 (0)(Г) ;JIS;16;5_8;0;гайка;тяжелая;false;false;null
29612-12-12;20 JIS 60гр. 3/4 (0)(Г) ;JIS;20;3_4;0;гайка;тяжелая;false;false;null
29612-16-16;25 JIS 60гр. 1 (0)(Г);JIS;25;1;0;гайка;тяжелая;false;false;null
29612-20-16;25 JIS 60гр. 1.1/4 (0)(Г) ;JIS;25;1_1_4;0;гайка;тяжелая;false;false;null
29612-20-20;32 JIS 60гр. 1.1/4 (0)(Г) ;JIS;32;1_1_4;0;гайка;тяжелая;false;false;null
29612-24-24;38 JIS 60гр. 1.1/2 (0)(Г) ;JIS;38;1_1_2;0;гайка;тяжелая;false;false;null
29612-32-32;50 JIS 60гр. 2 (0)(Г);JIS;50;2;0;гайка;тяжелая;false;false;null
29641-02-04;06 JIS 60гр. 1/8 (45)(Г);JIS;6;1_8;45;гайка;легкая;false;false;null
29641-04-04;06 JIS 60гр. 1/4 (45)(Г);JIS;6;1_4;45;гайка;легкая;false;false;null
29641-04-05;08 JIS 60гр. 1/4 (45)(Г);JIS;8;1_4;45;гайка;легкая;false;false;null
29641-06-05;08 JIS 60гр. 3/8 (45)(Г);JIS;8;3_8;45;гайка;легкая;false;false;null
29641-06-06;10 JIS 60гр. 3/8 (45)(Г);JIS;10;3_8;45;гайка;легкая;false;false;null
29641-06-08;12 JIS 60гр. 3/8 (45)(Г);JIS;12;3_8;45;гайка;легкая;false;false;null
29641-08-08;12 JIS 60гр. 1/2 (45)(Г) ;JIS;12;1_2;45;гайка;легкая;false;false;null
29641-10-10;16 JIS 60гр. 5/8 (45)(Г) ;JIS;16;5_8;45;гайка;легкая;false;false;null
29641-12-12;20 JIS 60гр. 3/4 (45)(Г) ;JIS;20;3_4;45;гайка;легкая;false;false;null
29641-16-16;25 JIS 60гр. 1 (45)(Г) ;JIS;25;1;45;гайка;легкая;false;false;null
29641-20-16;25 JIS 60гр. 1.1/4 (45)(Г) ;JIS;25;1_1_4;45;гайка;легкая;false;false;null
29641-20-20;32 JIS 60гр. 1.1/4 (45)(Г) ;JIS;32;1_1_4;45;гайка;легкая;false;false;null
29641-24-24;38 JIS 60гр. 1.1/2 (45)(Г);JIS;38;1_1_2;45;гайка;легкая;false;false;null
29641-32-32;50 JIS 60гр. 2 (45)(Г);JIS;50;2;45;гайка;легкая;false;false;null
29642-06-08;12 JIS 60гр. 3/8 (45)(Г);JIS;12;3_8;45;гайка;тяжелая;false;false;null
29642-08-08;12 JIS 60гр. 1/2 (45)(Г) ;JIS;12;1_2;45;гайка;тяжелая;false;false;null
29642-10-10;16 JIS 60гр. 5/8 (45)(Г) ;JIS;16;5_8;45;гайка;тяжелая;false;false;null
29642-12-12;20 JIS 60гр. 3/4 (45)(Г) ;JIS;20;3_4;45;гайка;тяжелая;false;false;null
29642-16-16;25 JIS 60гр. 1 (45)(Г) ;JIS;25;1;45;гайка;тяжелая;false;false;null
29642-20-16;25 JIS 60гр. 1.1/4 (45)(Г) ;JIS;25;1_1_4;45;гайка;тяжелая;false;false;null
29642-20-20;32 JIS 60гр. 1.1/4 (45)(Г) ;JIS;32;1_1_4;45;гайка;тяжелая;false;false;null
29642-24-24;38 JIS 60гр. 1.1/2 (45)(Г);JIS;38;1_1_2;45;гайка;тяжелая;false;false;null
29642-32-32;50 JIS 60гр. 2 (45)(Г);JIS;50;2;45;гайка;тяжелая;false;false;null
29691-02-04;06 JIS 60гр. 1/8 (90)(Г);JIS;6;1_8;90;гайка;легкая;false;false;null
29691-04-04;06 JIS 60гр. 1/4 (90)(Г) ;JIS;6;1_4;90;гайка;легкая;false;false;null
29691-04-05;08 JIS 60гр. 1/4 (90)(Г);JIS;8;1_4;90;гайка;легкая;false;false;null
29691-06-05;08 JIS 60гр. 3/8 (90)(Г);JIS;8;3_8;90;гайка;легкая;false;false;null
29691-06-06;10 JIS 60гр. 3/8 (90)(Г) ;JIS;10;3_8;90;гайка;легкая;false;false;null
29691-06-08;12 JIS 60гр. 3/8 (90)(Г);JIS;12;3_8;90;гайка;легкая;false;false;null
29691-08-08;12 JIS 60гр. 1/2 (90)(Г) ;JIS;12;1_2;90;гайка;легкая;false;false;null
29691-10-10;16 JIS 60гр. 5/8 (90)(Г) ;JIS;16;5_8;90;гайка;легкая;false;false;null
29691-12-12;20 JIS 60гр. 3/4 (90)(Г) ;JIS;20;3_4;90;гайка;легкая;false;false;null
29691-16-16;25 JIS 60гр. 1 (90)(Г) ;JIS;25;1;90;гайка;легкая;false;false;null
29691-20-16;25 JIS 60гр. 1.1/4 (90)(Г) ;JIS;25;1_1_4;90;гайка;легкая;false;false;null
29691-20-20;32 JIS 60гр. 1.1/4 (90)(Г) ;JIS;32;1_1_4;90;гайка;легкая;false;false;null
29691-24-24;38 JIS 60гр. 1.1/2 (90)(Г);JIS;38;1_1_2;90;гайка;легкая;false;false;null
29691-32-32;50 JIS 60гр. 2 (90)(Г);JIS;50;2;90;гайка;легкая;false;false;null
29692-06-08;12 JIS 60гр. 3/8 (90)(Г);JIS;12;3_8;90;гайка;тяжелая;false;false;null
29692-08-08;12 JIS 60гр. 1/2 (90)(Г) ;JIS;12;1_2;90;гайка;тяжелая;false;false;null
29692-10-10;16 JIS 60гр. 5/8 (90)(Г) ;JIS;16;5_8;90;гайка;тяжелая;false;false;null
29692-12-12;20 JIS 60гр. 3/4 (90)(Г) ;JIS;20;3_4;90;гайка;тяжелая;false;false;null
29692-16-16;25 JIS 60гр. 1 (90)(Г) ;JIS;25;1;90;гайка;тяжелая;false;false;null
29692-20-16;25 JIS 60гр. 1.1/4 (90)(Г) ;JIS;25;1_1_4;90;гайка;тяжелая;false;false;null
29692-20-20;32 JIS 60гр. 1.1/4 (90)(Г) ;JIS;32;1_1_4;90;гайка;тяжелая;false;false;null
29692-24-24;38 JIS 60гр. 1.1/2 (90)(Г);JIS;38;1_1_2;90;гайка;тяжелая;false;false;null
29692-32-32;50 JIS 60гр. 2 (90)(Г);JIS;50;2;90;гайка;тяжелая;false;false;null
18611-10-04;06 JIS METRIC 60гр. 10х1 (Ш);JIS;6;10_1;0;штуцер;легкая;false;false;null
18611-12-04;06 JIS METRIC 60гр. 12х1 (Ш);JIS;6;12_1;0;штуцер;легкая;false;false;null
18611-14-04;06 JIS METRIC 60гр. 14х1 (Ш);JIS;6;14_1;0;штуцер;легкая;false;false;null
18611-16-04;06 JIS METRIC 60гр. 16х1 (Ш);JIS;6;16_1;0;штуцер;легкая;false;false;null
18611-16-05;08 JIS METRIC 60гр. 16х1 (Ш);JIS;8;16_1;0;штуцер;легкая;false;false;null
18611-18-04;06 JIS METRIC 60гр. 18х1,5 (Ш);JIS;6;18_1_5;0;штуцер;легкая;false;false;null
18611-18-05;08 JIS METRIC 60гр. 18х1,5 (Ш);JIS;8;18_1_5;0;штуцер;легкая;false;false;null
18611-18-06;10 JIS METRIC 60гр. 18х1,5 (Ш);JIS;10;18_1_5;0;штуцер;легкая;false;false;null
18611-18-08;12 JIS METRIC 60гр. 18х1,5 (Ш) ;JIS;12;18_1_5;0;штуцер;легкая;false;false;null
18611-18-10;16 JIS METRIC 60гр. 18х1,5 (Ш);JIS;16;18_1_5;0;штуцер;легкая;false;false;null
18611-20-06;10 JIS METRIC 60гр. 20х1,5 (Ш) ;JIS;10;20_1_5;0;штуцер;легкая;false;false;null
18611-20-08;12 JIS METRIC 60гр. 20х1,5 (Ш) ;JIS;12;20_1_5;0;штуцер;легкая;false;false;null
18611-20-10;16 JIS METRIC 60гр. 20х1,5 (Ш);JIS;16;20_1_5;0;штуцер;легкая;false;false;null
18611-22-08;12 JIS METRIC 60гр. 22х1,5 (Ш);JIS;12;22_1_5;0;штуцер;легкая;false;false;null
18611-22-10;16 JIS METRIC 60гр. 22х1,5 (Ш);JIS;16;22_1_5;0;штуцер;легкая;false;false;null
18611-24-08;12 JIS METRIC 60гр. 24х1,5 (Ш) ;JIS;12;24_1_5;0;штуцер;легкая;false;false;null
18611-24-10;16 JIS METRIC 60гр. 24х1,5 (Ш);JIS;16;24_1_5;0;штуцер;легкая;false;false;null
18611-24-12;20 JIS METRIC 60гр. 24х1,5 (Ш);JIS;20;24_1_5;0;штуцер;легкая;false;false;null
18611-30-12;20 JIS METRIC 60гр. 30х2 (Ш);JIS;20;30_2;0;штуцер;легкая;false;false;null
18611-33-16;25 JIS METRIC 60гр. 33х2 (Ш);JIS;25;33_2;0;штуцер;легкая;false;false;null
18612-18-08;12 JIS METRIC 60гр. 18х1,5 (Ш) ;JIS;12;18_1_5;0;штуцер;тяжелая;false;false;null
18612-18-10;16 JIS METRIC 60гр. 18х1,5 (Ш);JIS;16;18_1_5;0;штуцер;тяжелая;false;false;null
18612-20-08;12 JIS METRIC 60гр. 20х1,5 (Ш) ;JIS;12;20_1_5;0;штуцер;тяжелая;false;false;null
18612-20-10;16 JIS METRIC 60гр. 20х1,5 (Ш);JIS;16;20_1_5;0;штуцер;тяжелая;false;false;null
18612-22-08;12 JIS METRIC 60гр. 22х1,5 (Ш);JIS;12;22_1_5;0;штуцер;тяжелая;false;false;null
18612-22-10;16 JIS METRIC 60гр. 22х1,5 (Ш);JIS;16;22_1_5;0;штуцер;тяжелая;false;false;null
18612-24-08;12 JIS METRIC 60гр. 24х1,5 (Ш) ;JIS;12;24_1_5;0;штуцер;тяжелая;false;false;null
18612-24-10;16 JIS METRIC 60гр. 24х1,5 (Ш);JIS;16;24_1_5;0;штуцер;тяжелая;false;false;null
18612-24-12;20 JIS METRIC 60гр. 24х1,5 (Ш);JIS;20;24_1_5;0;штуцер;тяжелая;false;false;null
18612-30-12;20 JIS METRIC 60гр. 30х2 (Ш);JIS;20;30_2;0;штуцер;тяжелая;false;false;null
18612-33-16;25 JIS METRIC 60гр. 33х2 (Ш);JIS;25;33_2;0;штуцер;тяжелая;false;false;null
28611-10-04;06 JIS METRIC 60гр. 10х1 (0)(Г);JIS;6;10_1;0;гайка;легкая;false;false;null
28611-12-04;06 JIS METRIC 60гр. 12х1 (0)(Г);JIS;6;12_1;0;гайка;легкая;false;false;null
28611-14-04;06 JIS METRIC 60гр. 14х1 (0)(Г);JIS;6;14_1;0;гайка;легкая;false;false;null
28611-16-04;06 JIS METRIC 60гр. 16х1 (0)(Г);JIS;6;16_1;0;гайка;легкая;false;false;null
28611-16-05;08 JIS METRIC 60гр. 16х1 (0)(Г);JIS;8;16_1;0;гайка;легкая;false;false;null
28611-18-04;06 JIS METRIC 60гр. 18х1,5 (0)(Г);JIS;6;18_1_5;0;гайка;легкая;false;false;null
28611-18-05;08 JIS METRIC 60гр. 18х1,5 (0)(Г);JIS;8;18_1_5;0;гайка;легкая;false;false;null
28611-18-06;10 JIS METRIC 60гр. 18х1,5 (0)(Г);JIS;10;18_1_5;0;гайка;легкая;false;false;null
28611-18-08;12 JIS METRIC 60гр. 18х1,5 (0)(Г);JIS;12;18_1_5;0;гайка;легкая;false;false;null
28611-18-10;16 JIS METRIC 60гр. 18х1,5 (0)(Г);JIS;16;18_1_5;0;гайка;легкая;false;false;null
28611-20-06;10 JIS METRIC 60гр. 20х1,5 (0)(Г);JIS;10;20_1_5;0;гайка;легкая;false;false;null
28611-20-08;12 JIS METRIC 60гр. 20х1,5 (0)(Г);JIS;12;20_1_5;0;гайка;легкая;false;false;null
28611-20-10;16 JIS METRIC 60гр. 20х1,5 (0)(Г);JIS;16;20_1_5;0;гайка;легкая;false;false;null
28611-22-08;12 JIS METRIC 60гр. 22х1,5 (0)(Г);JIS;12;22_1_5;0;гайка;легкая;false;false;null
28611-22-10;16 JIS METRIC 60гр. 22х1,5 (0)(Г);JIS;16;22_1_5;0;гайка;легкая;false;false;null
28611-24-08;12 JIS METRIC 60гр. 24х1,5 (0)(Г);JIS;12;24_1_5;0;гайка;легкая;false;false;null
28611-24-10;16 JIS METRIC 60гр. 24х1,5 (0)(Г);JIS;16;24_1_5;0;гайка;легкая;false;false;null
28611-24-12;20 JIS METRIC 60гр. 24х1,5 (0)(Г);JIS;20;24_1_5;0;гайка;легкая;false;false;null
28611-30-12;20 JIS METRIC 60гр. 30х2 (0)(Г);JIS;20;30_2;0;гайка;легкая;false;false;null
28611-33-16;25 JIS METRIC 60гр. 33х2 (0)(Г);JIS;25;33_2;0;гайка;легкая;false;false;null
28612-18-08;12 JIS METRIC 60гр. 18х1,5 (0)(Г);JIS;12;18_1_5;0;гайка;тяжелая;false;false;null
28612-18-10;16 JIS METRIC 60гр. 18х1,5 (0)(Г);JIS;16;18_1_5;0;гайка;тяжелая;false;false;null
28612-20-08;12 JIS METRIC 60гр. 20х1,5 (0)(Г);JIS;12;20_1_5;0;гайка;тяжелая;false;false;null
28612-20-10;16 JIS METRIC 60гр. 20х1,5 (0)(Г);JIS;16;20_1_5;0;гайка;тяжелая;false;false;null
28612-22-08;12 JIS METRIC 60гр. 22х1,5 (0)(Г);JIS;12;22_1_5;0;гайка;тяжелая;false;false;null
28612-22-10;16 JIS METRIC 60гр. 22х1,5 (0)(Г);JIS;16;22_1_5;0;гайка;тяжелая;false;false;null
28612-24-08;12 JIS METRIC 60гр. 24х1,5 (0)(Г);JIS;12;24_1_5;0;гайка;тяжелая;false;false;null
28612-24-10;16 JIS METRIC 60гр. 24х1,5 (0)(Г);JIS;16;24_1_5;0;гайка;тяжелая;false;false;null
28612-24-12;20 JIS METRIC 60гр. 24х1,5 (0)(Г);JIS;20;24_1_5;0;гайка;тяжелая;false;false;null
28612-30-12;20 JIS METRIC 60гр. 30х2 (0)(Г);JIS;20;30_2;0;гайка;тяжелая;false;false;null
28612-33-16;25 JIS METRIC 60гр. 33х2 (0)(Г);JIS;25;33_2;0;гайка;тяжелая;false;false;null
28641-10-04;06 JIS METRIC 60гр. 10х1 (45)(Г);JIS;6;10_1;45;гайка;легкая;false;false;null
28641-12-04;06 JIS METRIC 60гр. 12х1 (45)(Г);JIS;6;12_1;45;гайка;легкая;false;false;null
28641-14-04;06 JIS METRIC 60гр. 14х1 (45)(Г);JIS;6;14_1;45;гайка;легкая;false;false;null
28641-16-04;06 JIS METRIC 60гр. 16х1 (45)(Г);JIS;6;16_1;45;гайка;легкая;false;false;null
28641-16-05;08 JIS METRIC 60гр. 16х1 (45)(Г);JIS;8;16_1;45;гайка;легкая;false;false;null
28641-18-04;06 JIS METRIC 60гр. 18х1,5 (45)(Г);JIS;6;18_1_5;45;гайка;легкая;false;false;null
28641-18-05;08 JIS METRIC 60гр. 18х1,5 (45)(Г);JIS;8;18_1_5;45;гайка;легкая;false;false;null
28641-18-06;10 JIS METRIC 60гр. 18х1,5 (45)(Г);JIS;10;18_1_5;45;гайка;легкая;false;false;null
28641-18-08;12 JIS METRIC 60гр. 18х1,5 (45)(Г);JIS;12;18_1_5;45;гайка;легкая;false;false;null
28641-18-10;16 JIS METRIC 60гр. 18х1,5 (45)(Г);JIS;16;18_1_5;45;гайка;легкая;false;false;null
28641-20-06;10 JIS METRIC 60гр. 20х1,5 (45)(Г);JIS;10;20_1_5;45;гайка;легкая;false;false;null
28641-20-08;12 JIS METRIC 60гр. 20х1,5 (45)(Г);JIS;12;20_1_5;45;гайка;легкая;false;false;null
28641-20-10;16 JIS METRIC 60гр. 20х1,5 (45)(Г);JIS;16;20_1_5;45;гайка;легкая;false;false;null
28641-22-08;12 JIS METRIC 60гр. 22х1,5 (45)(Г);JIS;12;22_1_5;45;гайка;легкая;false;false;null
28641-22-10;16 JIS METRIC 60гр. 22х1,5 (45)(Г);JIS;16;22_1_5;45;гайка;легкая;false;false;null
28641-24-08;12 JIS METRIC 60гр. 24х1,5 (45)(Г);JIS;12;24_1_5;45;гайка;легкая;false;false;null
28641-24-10;16 JIS METRIC 60гр. 24х1,5 (45)(Г);JIS;16;24_1_5;45;гайка;легкая;false;false;null
28641-24-12;20 JIS METRIC 60гр. 24х1,5 (45)(Г);JIS;20;24_1_5;45;гайка;легкая;false;false;null
28641-30-12;20 JIS METRIC 60гр. 30х2 (45)(Г);JIS;20;30_2;45;гайка;легкая;false;false;null
28641-33-16;25 JIS METRIC 60гр. 33х2 (45)(Г);JIS;25;33_2;45;гайка;легкая;false;false;null
28642-18-08;12 JIS METRIC 60гр. 18х1,5 (45)(Г);JIS;12;18_1_5;45;гайка;тяжелая;false;false;null
28642-18-10;16 JIS METRIC 60гр. 18х1,5 (45)(Г);JIS;16;18_1_5;45;гайка;тяжелая;false;false;null
28642-20-08;12 JIS METRIC 60гр. 20х1,5 (45)(Г);JIS;12;20_1_5;45;гайка;тяжелая;false;false;null
28642-20-10;16 JIS METRIC 60гр. 20х1,5 (45)(Г);JIS;16;20_1_5;45;гайка;тяжелая;false;false;null
28642-22-08;12 JIS METRIC 60гр. 22х1,5 (45)(Г);JIS;12;22_1_5;45;гайка;тяжелая;false;false;null
28642-22-10;16 JIS METRIC 60гр. 22х1,5 (45)(Г);JIS;16;22_1_5;45;гайка;тяжелая;false;false;null
28642-24-08;12 JIS METRIC 60гр. 24х1,5 (45)(Г);JIS;12;24_1_5;45;гайка;тяжелая;false;false;null
28642-24-10;16 JIS METRIC 60гр. 24х1,5 (45)(Г);JIS;16;24_1_5;45;гайка;тяжелая;false;false;null
28642-24-12;20 JIS METRIC 60гр. 24х1,5 (45)(Г);JIS;20;24_1_5;45;гайка;тяжелая;false;false;null
28642-30-12;20 JIS METRIC 60гр. 30х2 (45)(Г);JIS;20;30_2;45;гайка;тяжелая;false;false;null
28642-33-16;25 JIS METRIC 60гр. 33х2 (45)(Г);JIS;25;33_2;45;гайка;тяжелая;false;false;null
28691-10-04;06 JIS METRIC 60гр. 10х1 (90)(Г);JIS;6;10_1;90;гайка;легкая;false;false;null
28691-12-04;06 JIS METRIC 60гр. 12х1 (90)(Г);JIS;6;12_1;90;гайка;легкая;false;false;null
28691-14-04;06 JIS METRIC 60гр. 14х1 (90)(Г);JIS;6;14_1;90;гайка;легкая;false;false;null
28691-16-04;06 JIS METRIC 60гр. 16х1 (90)(Г);JIS;6;16_1;90;гайка;легкая;false;false;null
28691-16-05;08 JIS METRIC 60гр. 16х1 (90)(Г);JIS;8;16_1;90;гайка;легкая;false;false;null
28691-18-04;06 JIS METRIC 60гр. 18х1,5 (90)(Г);JIS;6;18_1_5;90;гайка;легкая;false;false;null
28691-18-05;08 JIS METRIC 60гр. 18х1,5 (90)(Г);JIS;8;18_1_5;90;гайка;легкая;false;false;null
28691-18-06;10 JIS METRIC 60гр. 18х1,5 (90)(Г);JIS;10;18_1_5;90;гайка;легкая;false;false;null
28691-18-08;12 JIS METRIC 60гр. 18х1,5 (90)(Г);JIS;12;18_1_5;90;гайка;легкая;false;false;null
28691-18-10;16 JIS METRIC 60гр. 18х1,5 (90)(Г);JIS;16;18_1_5;90;гайка;легкая;false;false;null
28691-20-06;10 JIS METRIC 60гр. 20х1,5 (90)(Г);JIS;10;20_1_5;90;гайка;легкая;false;false;null
28691-20-08;12 JIS METRIC 60гр. 20х1,5 (90)(Г);JIS;12;20_1_5;90;гайка;легкая;false;false;null
28691-20-10;16 JIS METRIC 60гр. 20х1,5 (90)(Г);JIS;16;20_1_5;90;гайка;легкая;false;false;null
28691-22-08;12 JIS METRIC 60гр. 22х1,5 (90)(Г);JIS;12;22_1_5;90;гайка;легкая;false;false;null
28691-22-10;16 JIS METRIC 60гр. 22х1,5 (90)(Г);JIS;16;22_1_5;90;гайка;легкая;false;false;null
28691-24-08;12 JIS METRIC 60гр. 24х1,5 (90)(Г);JIS;12;24_1_5;90;гайка;легкая;false;false;null
28691-24-10;16 JIS METRIC 60гр. 24х1,5 (90)(Г);JIS;16;24_1_5;90;гайка;легкая;false;false;null
28691-24-12;20 JIS METRIC 60гр. 24х1,5 (90)(Г);JIS;20;24_1_5;90;гайка;легкая;false;false;null
28691-30-12;20 JIS METRIC 60гр. 30х2 (90)(Г);JIS;20;30_2;90;гайка;легкая;false;false;null
28691-33-12;20 JIS METRIC 60гр. 33х1,5 (90)(Г);JIS;20;33_1_5;90;гайка;легкая;false;false;null
28691-33-16;25 JIS METRIC 60гр. 33х2 (90)(Г);JIS;25;33_2;90;гайка;легкая;false;false;null
28692-18-08;12 JIS METRIC 60гр. 18х1,5 (90)(Г);JIS;12;18_1_5;90;гайка;тяжелая;false;false;null
28692-18-10;16 JIS METRIC 60гр. 18х1,5 (90)(Г);JIS;16;18_1_5;90;гайка;тяжелая;false;false;null
28692-20-08;12 JIS METRIC 60гр. 20х1,5 (90)(Г);JIS;12;20_1_5;90;гайка;тяжелая;false;false;null
28692-20-10;16 JIS METRIC 60гр. 20х1,5 (90)(Г);JIS;16;20_1_5;90;гайка;тяжелая;false;false;null
28692-22-08;12 JIS METRIC 60гр. 22х1,5 (90)(Г);JIS;12;22_1_5;90;гайка;тяжелая;false;false;null
28692-22-10;16 JIS METRIC 60гр. 22х1,5 (90)(Г);JIS;16;22_1_5;90;гайка;тяжелая;false;false;null
28692-24-08;12 JIS METRIC 60гр. 24х1,5 (90)(Г);JIS;12;24_1_5;90;гайка;тяжелая;false;false;null
28692-24-10;16 JIS METRIC 60гр. 24х1,5 (90)(Г);JIS;16;24_1_5;90;гайка;тяжелая;false;false;null
28692-24-12;20 JIS METRIC 60гр. 24х1,5 (90)(Г);JIS;20;24_1_5;90;гайка;тяжелая;false;false;null
28692-30-12;20 JIS METRIC 60гр. 30х2 (90)(Г);JIS;20;30_2;90;гайка;тяжелая;false;false;null
28692-33-12;20 JIS METRIC 60гр. 33х1,5 (90)(Г);JIS;20;33_1_5;90;гайка;тяжелая;false;false;null
28692-33-16;25 JIS METRIC 60гр. 33х2 (90)(Г);JIS;25;33_2;90;гайка;тяжелая;false;false;null
15611-02-04;06 NPTF 1/8 (Ш);NPTF;6;1_8;0;штуцер;легкая;false;false;null
15611-02-05;08 NPTF 1/8 (Ш);NPTF;8;1_8;0;штуцер;легкая;false;false;null
15611-04-04;06 NPTF 1/4 (Ш);NPTF;6;1_4;0;штуцер;легкая;false;false;null
15611-04-05;08 NPTF 1/4 (Ш);NPTF;8;1_4;0;штуцер;легкая;false;false;null
15611-04-06;10 NPTF 1/4 (Ш);NPTF;10;1_4;0;штуцер;легкая;false;false;null
15611-04-08;12 NPTF 1/4 (Ш);NPTF;12;1_4;0;штуцер;легкая;false;false;null
15611-06-04;06 NPTF 3/8 (Ш);NPTF;6;3_8;0;штуцер;легкая;false;false;null
15611-06-05;08 NPTF 3/8 (Ш);NPTF;8;3_8;0;штуцер;легкая;false;false;null
15611-06-06;10 NPTF 3/8 (Ш);NPTF;10;3_8;0;штуцер;легкая;false;false;null
15611-06-08;12 NPTF 3/8 (Ш);NPTF;12;3_8;0;штуцер;легкая;false;false;null
15611-08-06;10 NPTF 1/2 (Ш);NPTF;10;1_2;0;штуцер;легкая;false;false;null
15611-08-08;12 NPTF 1/2 (Ш);NPTF;12;1_2;0;штуцер;легкая;false;false;null
15611-08-10;16 NPTF 1/2 (Ш);NPTF;16;1_2;0;штуцер;легкая;false;false;null
15611-10-10;16 NPTF 5/8 (Ш);NPTF;16;5_8;0;штуцер;легкая;false;false;null
15611-12-08;12 NPTF 3/4 (Ш);NPTF;12;3_4;0;штуцер;легкая;false;false;null
15611-12-10;16 NPTF 3/4 (Ш);NPTF;16;3_4;0;штуцер;легкая;false;false;null
15611-12-12;20 NPTF 3/4 (Ш);NPTF;20;3_4;0;штуцер;легкая;false;false;null
15611-16-10;16 NPTF 1 (Ш);NPTF;16;1;0;штуцер;легкая;false;false;null
15611-16-12;20 NPTF 1 (Ш);NPTF;20;1;0;штуцер;легкая;false;false;null
15611-16-16;25 NPTF 1 (Ш);NPTF;25;1;0;штуцер;легкая;false;false;null
15611-20-16;25 NPTF 1.1/4 (Ш);NPTF;25;1_1_4;0;штуцер;легкая;false;false;null
15611-20-20;32 NPTF 1.1/4 (Ш);NPTF;32;1_1_4;0;штуцер;легкая;false;false;null
15611-24-20;32 NPTF 1.1/2 (Ш);NPTF;32;1_1_2;0;штуцер;легкая;false;false;null
15611-24-24;38 NPTF 1.1/2 (Ш);NPTF;38;1_1_2;0;штуцер;легкая;false;false;null
15611-32-32;50 NPTF 2 (Ш);NPTF;50;2;0;штуцер;легкая;false;false;null
15612-04-08;12 NPTF 1/4 (Ш);NPTF;12;1_4;0;штуцер;тяжелая;false;false;null
15612-06-08;12 NPTF 3/8 (Ш);NPTF;12;3_8;0;штуцер;тяжелая;false;false;null
15612-08-08;12 NPTF 1/2 (Ш);NPTF;12;1_2;0;штуцер;тяжелая;false;false;null
15612-08-10;16 NPTF 1/2 (Ш);NPTF;16;1_2;0;штуцер;тяжелая;false;false;null
15612-08-12;20 NPTF 1/2 (Ш);NPTF;20;1_2;0;штуцер;тяжелая;false;false;null
15612-10-10;16 NPTF 5/8 (Ш);NPTF;16;5_8;0;штуцер;тяжелая;false;false;null
15612-12-08;12 NPTF 3/4 (Ш);NPTF;12;3_4;0;штуцер;тяжелая;false;false;null
15612-12-10;16 NPTF 3/4 (Ш);NPTF;16;3_4;0;штуцер;тяжелая;false;false;null
15612-12-12;20 NPTF 3/4 (Ш);NPTF;20;3_4;0;штуцер;тяжелая;false;false;null
15612-12-16;25 NPTF 3/4 (Ш);NPTF;25;3_4;0;штуцер;тяжелая;false;false;null
15612-16-10;16 NPTF 1 (Ш);NPTF;16;1;0;штуцер;тяжелая;false;false;null
15612-16-12;20 NPTF 1 (Ш);NPTF;20;1;0;штуцер;тяжелая;false;false;null
15612-16-16;25 NPTF 1 (Ш);NPTF;25;1;0;штуцер;тяжелая;false;false;null
15612-16-20;32 NPTF 1 (Ш);NPTF;32;1;0;штуцер;тяжелая;false;false;null
15612-20-16;25 NPTF 1.1/4 (Ш);NPTF;25;1_1_4;0;штуцер;тяжелая;false;false;null
15612-20-20;32 NPTF 1.1/4 (Ш);NPTF;32;1_1_4;0;штуцер;тяжелая;false;false;null
15612-24-20;32 NPTF 1.1/2 (Ш);NPTF;32;1_1_2;0;штуцер;тяжелая;false;false;null
15612-24-24;38 NPTF 1.1/2 (Ш);NPTF;38;1_1_2;0;штуцер;тяжелая;false;false;null
15612-32-32;50 NPTF 2 (Ш);NPTF;50;2;0;штуцер;тяжелая;false;false;null
10211-30-12;20 ORFS 30х2 (Ш);ORFS;20;30_2;0;штуцер;легкая;false;false;null
10211-52-24;38 ORFS 52х2 (Ш);ORFS;38;52_2;0;штуцер;легкая;false;false;null
10212-30-12;20 ORFS 30х2 (Ш);ORFS;20;30_2;0;штуцер;тяжелая;false;false;null
10212-52-24;38 ORFS 52х2 (Ш);ORFS;38;52_2;0;штуцер;тяжелая;false;false;null
10311-18-06;10 ORFS 18х1,5 (Ш);ORFS;10;18_1_5;0;штуцер;легкая;false;false;null
10311-20-06;10 ORFS 20х1,5 (Ш);ORFS;10;20_1_5;0;штуцер;легкая;false;false;null
10311-20-08;12 ORFS 20х1,5 (Ш);ORFS;12;20_1_5;0;штуцер;легкая;false;false;null
10311-20-10;16 ORFS 20х1,5 (Ш);ORFS;16;20_1_5;0;штуцер;легкая;false;false;null
10311-22-06;10 ORFS 22х1,5 (Ш);ORFS;10;22_1_5;0;штуцер;легкая;false;false;null
10311-22-08;12 ORFS 22х1,5 (Ш);ORFS;12;22_1_5;0;штуцер;легкая;false;false;null
10311-24-08;12 ORFS 24х1,5 (Ш);ORFS;12;24_1_5;0;штуцер;легкая;false;false;null
10311-27-10;16 ORFS 27х1,5 (Ш);ORFS;16;27_1_5;0;штуцер;легкая;false;false;null
10311-33-12;20 ORFS 33х2 (Ш);ORFS;20;33_2;0;штуцер;легкая;false;false;null
10311-36-12;20 ORFS 36х2 (Ш);ORFS;20;36_2;0;штуцер;легкая;false;false;null
10311-36-16;25 ORFS 36х2 (Ш);ORFS;25;36_2;0;штуцер;легкая;false;false;null
10311-39-12;20 ORFS 39х2 (Ш);ORFS;20;39_2;0;штуцер;легкая;false;false;null
10311-39-16;25 ORFS 39х2 (Ш);ORFS;25;39_2;0;штуцер;легкая;false;false;null
10311-48-24;38 ORFS 48х2 (Ш);ORFS;38;48_2;0;штуцер;легкая;false;false;null
10312-20-08;12 ORFS 20х1,5 (Ш);ORFS;12;20_1_5;0;штуцер;тяжелая;false;false;null
10312-20-10;16 ORFS 20х1,5 (Ш);ORFS;16;20_1_5;0;штуцер;тяжелая;false;false;null
10312-22-08;12 ORFS 22х1,5 (Ш);ORFS;12;22_1_5;0;штуцер;тяжелая;false;false;null
10312-24-08;12 ORFS 24х1,5 (Ш);ORFS;12;24_1_5;0;штуцер;тяжелая;false;false;null
10312-27-10;16 ORFS 27х1,5 (Ш);ORFS;16;27_1_5;0;штуцер;тяжелая;false;false;null
10312-33-12;20 ORFS 33х2 (Ш);ORFS;20;33_2;0;штуцер;тяжелая;false;false;null
10312-36-12;20 ORFS 36х2 (Ш);ORFS;20;36_2;0;штуцер;тяжелая;false;false;null
10312-36-16;25 ORFS 36х2 (Ш);ORFS;25;36_2;0;штуцер;тяжелая;false;false;null
10312-39-12;20 ORFS 39х2 (Ш);ORFS;20;39_2;0;штуцер;тяжелая;false;false;null
10312-39-16;25 ORFS 39х2 (Ш);ORFS;25;39_2;0;штуцер;тяжелая;false;false;null
10312-48-24;38 ORFS 48х2 (Ш);ORFS;38;48_2;0;штуцер;тяжелая;false;false;null
20211-18-06;10 ORFS 18х1,5 (0)(Г);ORFS;10;18_1_5;0;гайка;легкая;false;false;null
20211-20-06;10 ORFS 20х1,5 (0)(Г);ORFS;10;20_1_5;0;гайка;легкая;false;false;null
20211-20-08;12 ORFS 20х1,5 (0)(Г);ORFS;12;20_1_5;0;гайка;легкая;false;false;null
20211-22-06;10 ORFS 22х1,5 (0)(Г);ORFS;10;22_1_5;0;гайка;легкая;false;false;null
20211-22-08;12 ORFS 22х1,5 (0)(Г);ORFS;12;22_1_5;0;гайка;легкая;false;false;null
20211-24-08;12 ORFS 24х1,5 (0)(Г);ORFS;12;24_1_5;0;гайка;легкая;false;false;null
20211-33-12;20 ORFS 33х2 (0)(Г);ORFS;20;33_2;0;гайка;легкая;false;false;null
20211-36-12;20 ORFS 36х2 (0)(Г);ORFS;20;36_2;0;гайка;легкая;false;false;null
20211-36-16;25 ORFS 36х2 (0)(Г);ORFS;25;36_2;0;гайка;легкая;false;false;null
20211-39-12;20 ORFS 39х2 (0)(Г);ORFS;20;39_2;0;гайка;легкая;false;false;null
20211-39-16;25 ORFS 39х2 (0)(Г);ORFS;25;39_2;0;гайка;легкая;false;false;null
20211-48-24;38 ORFS 48х2 (0)(Г);ORFS;38;48_2;0;гайка;легкая;false;false;null
20212-20-06;10 ORFS 20х1,5 (0)(Г);ORFS;10;20_1_5;0;гайка;тяжелая;false;false;null
20212-20-08;12 ORFS 20х1,5 (0)(Г);ORFS;12;20_1_5;0;гайка;тяжелая;false;false;null
20212-22-08;12 ORFS 22х1,5 (0)(Г);ORFS;12;22_1_5;0;гайка;тяжелая;false;false;null
20212-24-08;12 ORFS 24х1,5 (0)(Г);ORFS;12;24_1_5;0;гайка;тяжелая;false;false;null
20212-33-12;20 ORFS 33х2 (0)(Г);ORFS;20;33_2;0;гайка;тяжелая;false;false;null
20212-36-12;20 ORFS 36х2 (0)(Г);ORFS;20;36_2;0;гайка;тяжелая;false;false;null
20212-36-16;25 ORFS 36х2 (0)(Г);ORFS;25;36_2;0;гайка;тяжелая;false;false;null
20212-39-12;20 ORFS 39х2 (0)(Г);ORFS;20;39_2;0;гайка;тяжелая;false;false;null
20212-39-16;25 ORFS 39х2 (0)(Г);ORFS;25;39_2;0;гайка;тяжелая;false;false;null
20212-48-24;38 ORFS 48х2 (0)(Г);ORFS;38;48_2;0;гайка;тяжелая;false;false;null
20241-18-06;10 ORFS 18х1,5 (45)(Г);ORFS;10;18_1_5;45;гайка;легкая;false;false;null
20241-20-06;10 ORFS 20х1,5 (45)(Г);ORFS;10;20_1_5;45;гайка;легкая;false;false;null
20241-20-08;12 ORFS 20х1,5 (45)(Г);ORFS;12;20_1_5;45;гайка;легкая;false;false;null
20241-22-06;10 ORFS 22х1,5 (45)(Г);ORFS;10;22_1_5;45;гайка;легкая;false;false;null
20241-22-08;12 ORFS 22х1,5 (45)(Г);ORFS;12;22_1_5;45;гайка;легкая;false;false;null
20241-24-08;12 ORFS 24х1,5 (45)(Г);ORFS;12;24_1_5;45;гайка;легкая;false;false;null
20241-33-12;20 ORFS 33х2 (45)(Г);ORFS;20;33_2;45;гайка;легкая;false;false;null
20241-36-16;25 ORFS 36х2 (45)(Г);ORFS;25;36_2;45;гайка;легкая;false;false;null
20241-39-12;20 ORFS 39х2 (45)(Г);ORFS;20;39_2;45;гайка;легкая;false;false;null
20241-39-16;25 ORFS 39х2 (45)(Г);ORFS;25;39_2;45;гайка;легкая;false;false;null
20241-48-24;38 ORFS 48х2 (45)(Г);ORFS;38;48_2;45;гайка;легкая;false;false;null
20242-20-08;12 ORFS 20х1,5 (45)(Г);ORFS;12;20_1_5;45;гайка;тяжелая;false;false;null
20242-22-08;12 ORFS 22х1,5 (45)(Г);ORFS;12;22_1_5;45;гайка;тяжелая;false;false;null
20242-24-08;12 ORFS 24х1,5 (45)(Г);ORFS;12;24_1_5;45;гайка;тяжелая;false;false;null
20242-33-12;20 ORFS 33х2 (45)(Г);ORFS;20;33_2;45;гайка;тяжелая;false;false;null
20242-36-16;25 ORFS 36х2 (45)(Г);ORFS;25;36_2;45;гайка;тяжелая;false;false;null
20242-39-12;20 ORFS 39х2 (45)(Г);ORFS;20;39_2;45;гайка;тяжелая;false;false;null
20242-39-16;25 ORFS 39х2 (45)(Г);ORFS;25;39_2;45;гайка;тяжелая;false;false;null
20242-48-24;38 ORFS 48х2 (45)(Г);ORFS;38;48_2;45;гайка;тяжелая;false;false;null
20291-18-06;10 ORFS 18х1,5 (90)(Г);ORFS;10;18_1_5;90;гайка;легкая;false;false;null
20291-20-06;10 ORFS 20х1,5 (90)(Г);ORFS;10;20_1_5;90;гайка;легкая;false;false;null
20291-20-08;12 ORFS 20х1,5 (90)(Г);ORFS;12;20_1_5;90;гайка;легкая;false;false;null
20291-22-06;10 ORFS 22х1,5 (90)(Г);ORFS;10;22_1_5;90;гайка;легкая;false;false;null
20291-22-08;12 ORFS 22х1,5 (90)(Г);ORFS;12;22_1_5;90;гайка;легкая;false;false;null
20291-24-08;12 ORFS 24х1,5 (90)(Г);ORFS;12;24_1_5;90;гайка;легкая;false;false;null
20291-33-12;20 ORFS 33х2 (90)(Г);ORFS;20;33_2;90;гайка;легкая;false;false;null
20291-36-12;20 ORFS 36х2 (90)(Г);ORFS;20;36_2;90;гайка;легкая;false;false;null
20291-36-16;25 ORFS 36х2 (90)(Г);ORFS;25;36_2;90;гайка;легкая;false;false;null
20291-39-12;20 ORFS 39х2 (90)(Г);ORFS;20;39_2;90;гайка;легкая;false;false;null
20291-39-16;25 ORFS 39х2 (90)(Г);ORFS;25;39_2;90;гайка;легкая;false;false;null
20291-48-24;38 ORFS 48х2 (90)(Г);ORFS;38;48_2;90;гайка;легкая;false;false;null
20292-20-08;12 ORFS 20х1,5 (90)(Г);ORFS;12;20_1_5;90;гайка;тяжелая;false;false;null
20292-22-06;10 ORFS 22х1,5 (90)(Г);ORFS;10;22_1_5;90;гайка;тяжелая;false;false;null
20292-22-08;12 ORFS 22х1,5 (90)(Г);ORFS;12;22_1_5;90;гайка;тяжелая;false;false;null
20292-24-08;12 ORFS 24х1,5 (90)(Г);ORFS;12;24_1_5;90;гайка;тяжелая;false;false;null
20292-33-12;20 ORFS 33х2 (90)(Г);ORFS;20;33_2;90;гайка;тяжелая;false;false;null
20292-36-12;20 ORFS 36х2 (90)(Г);ORFS;20;36_2;90;гайка;тяжелая;false;false;null
20292-36-16;25 ORFS 36х2 (90)(Г);ORFS;25;36_2;90;гайка;тяжелая;false;false;null
20292-39-12;20 ORFS 39х2 (90)(Г);ORFS;20;39_2;90;гайка;тяжелая;false;false;null
20292-39-16;25 ORFS 39х2 (90)(Г);ORFS;25;39_2;90;гайка;тяжелая;false;false;null
20292-48-24;38 ORFS 48х2 (90)(Г);ORFS;38;48_2;90;гайка;тяжелая;false;false;null
14211-04-04;06 ORFS 9/16 (Ш);ORFS;6;9_16;0;штуцер;легкая;false;false;null
14211-04-05;08 ORFS 9/16 (Ш);ORFS;8;9_16;0;штуцер;легкая;false;false;null
14211-04-06;10 ORFS 9/16 (Ш);ORFS;10;9_16;0;штуцер;легкая;false;false;null
14211-06-04;06 ORFS 11/16 (Ш);ORFS;6;11_16;0;штуцер;легкая;false;false;null
14211-06-05;08 ORFS 11/16 (Ш);ORFS;8;11_16;0;штуцер;легкая;false;false;null
14211-06-06;10 ORFS 11/16 (Ш);ORFS;10;11_16;0;штуцер;легкая;false;false;null
14211-06-08;12 ORFS 11/16 (Ш);ORFS;12;11_16;0;штуцер;легкая;false;false;null
14211-08-04;06 ORFS 13/16 (Ш);ORFS;6;13_16;0;штуцер;легкая;false;false;null
14211-08-05;08 ORFS 13/16 (Ш);ORFS;8;13_16;0;штуцер;легкая;false;false;null
14211-08-06;10 ORFS 13/16 (Ш);ORFS;10;13_16;0;штуцер;легкая;false;false;null
14211-08-08;12 ORFS 13/16 (Ш);ORFS;12;13_16;0;штуцер;легкая;false;false;null
14211-08-10;16 ORFS 13/16 (Ш);ORFS;16;13_16;0;штуцер;легкая;false;false;null
14211-10-08;12 ORFS 1 (Ш);ORFS;12;1;0;штуцер;легкая;false;false;null
14211-10-10;16 ORFS 1 (Ш);ORFS;16;1;0;штуцер;легкая;false;false;null
14211-10-12;20 ORFS 1 (Ш);ORFS;20;1;0;штуцер;легкая;false;false;null
14211-12-08;12 ORFS 1,3/16 (Ш);ORFS;12;1_3_16;0;штуцер;легкая;false;false;null
14211-12-10;16 ORFS 1,3/16 (Ш);ORFS;16;1_3_16;0;штуцер;легкая;false;false;null
14211-12-12;20 ORFS 1,3/16 (Ш);ORFS;20;1_3_16;0;штуцер;легкая;false;false;null
14211-12-16;25 ORFS 1,3/16 (Ш);ORFS;25;1_3_16;0;штуцер;легкая;false;false;null
14211-16-12;20 ORFS 1,7/16 (Ш);ORFS;20;1_7_16;0;штуцер;легкая;false;false;null
14211-16-16;25 ORFS 1,7/16 (Ш);ORFS;25;1_7_16;0;штуцер;легкая;false;false;null
14211-16-20;32 ORFS 1,7/16 (Ш);ORFS;32;1_7_16;0;штуцер;легкая;false;false;null
14211-20-16;25 ORFS 1,11/16 (Ш);ORFS;25;1_11_16;0;штуцер;легкая;false;false;null
14211-20-20;32 ORFS 1,11/16 (Ш);ORFS;32;1_11_16;0;штуцер;легкая;false;false;null
14211-20-24;38 ORFS 1,11/16 (Ш);ORFS;38;1_11_16;0;штуцер;легкая;false;false;null
14211-24-24;38 ORFS 2 (Ш);ORFS;38;2;0;штуцер;легкая;false;false;null
14211-24-32;50 ORFS 2 (Ш);ORFS;50;2;0;штуцер;легкая;false;false;null
14212-06-08;12 ORFS 11/16 (Ш);ORFS;12;11_16;0;штуцер;тяжелая;false;false;null
14212-08-06;10 ORFS 13/16 (Ш);ORFS;10;13_16;0;штуцер;тяжелая;false;false;null
14212-08-08;12 ORFS 13/16 (Ш);ORFS;12;13_16;0;штуцер;тяжелая;false;false;null
14212-08-10;16 ORFS 13/16 (Ш);ORFS;16;13_16;0;штуцер;тяжелая;false;false;null
14212-10-08;12 ORFS 1 (Ш);ORFS;12;1;0;штуцер;тяжелая;false;false;null
14212-10-10;16 ORFS 1 (Ш);ORFS;16;1;0;штуцер;тяжелая;false;false;null
14212-10-12;20 ORFS 1 (Ш);ORFS;20;1;0;штуцер;тяжелая;false;false;null
14212-12-08;12 ORFS 1,3/16 (Ш);ORFS;12;1_3_16;0;штуцер;тяжелая;false;false;null
14212-12-10;16 ORFS 1,3/16 (Ш);ORFS;16;1_3_16;0;штуцер;тяжелая;false;false;null
14212-12-12;20 ORFS 1,3/16 (Ш);ORFS;20;1_3_16;0;штуцер;тяжелая;false;false;null
14212-12-16;25 ORFS 1,3/16 (Ш);ORFS;25;1_3_16;0;штуцер;тяжелая;false;false;null
14212-16-12;20 ORFS 1,7/16 (Ш);ORFS;20;1_7_16;0;штуцер;тяжелая;false;false;null
14212-16-16;25 ORFS 1,7/16 (Ш);ORFS;25;1_7_16;0;штуцер;тяжелая;false;false;null
14212-16-20;32 ORFS 1,7/16 (Ш);ORFS;32;1_7_16;0;штуцер;тяжелая;false;false;null
14212-20-16;25 ORFS 1,11/16 (Ш);ORFS;25;1_11_16;0;штуцер;тяжелая;false;false;null
14212-20-20;32 ORFS 1,11/16 (Ш);ORFS;32;1_11_16;0;штуцер;тяжелая;false;false;null
14212-20-24;38 ORFS 1,11/16 (Ш);ORFS;38;1_11_16;0;штуцер;тяжелая;false;false;null
14212-24-24;38 ORFS 2 (Ш);ORFS;38;2;0;штуцер;тяжелая;false;false;null
14212-24-32;50 ORFS 2 (Ш);ORFS;50;2;0;штуцер;тяжелая;false;false;null
24211-04-04;06 ORFS 9/16 (0)(Г);ORFS;6;9_16;0;гайка;легкая;false;false;null
24211-04-05;08 ORFS 9/16 (0)(Г);ORFS;8;9_16;0;гайка;легкая;false;false;null
24211-04-06;10 ORFS 9/16 (0)(Г);ORFS;10;9_16;0;гайка;легкая;false;false;null
24211-06-04;06 ORFS 11/16 (0)(Г);ORFS;6;11_16;0;гайка;легкая;false;false;null
24211-06-05;08 ORFS 11/16 (0)(Г);ORFS;8;11_16;0;гайка;легкая;false;false;null
24211-06-06;10 ORFS 11/16 (0)(Г);ORFS;10;11_16;0;гайка;легкая;false;false;null
24211-06-08;12 ORFS 11/16 (0)(Г);ORFS;12;11_16;0;гайка;легкая;false;false;null
24211-08-04;06 ORFS 13/16 (0)(Г);ORFS;6;13_16;0;гайка;легкая;false;false;null
24211-08-05;08 ORFS 13/16 (0)(Г);ORFS;8;13_16;0;гайка;легкая;false;false;null
24211-08-06;10 ORFS 13/16 (0)(Г);ORFS;10;13_16;0;гайка;легкая;false;false;null
24211-08-08;12 ORFS 13/16 (0)(Г);ORFS;12;13_16;0;гайка;легкая;false;false;null
24211-08-10;16 ORFS 13/16 (0)(Г);ORFS;16;13_16;0;гайка;легкая;false;false;null
24211-10-08;12 ORFS 1 (0)(Г);ORFS;12;1;0;гайка;легкая;false;false;null
24211-10-10;16 ORFS 1 (0)(Г);ORFS;16;1;0;гайка;легкая;false;false;null
24211-10-12;20 ORFS 1 (0)(Г);ORFS;20;1;0;гайка;легкая;false;false;null
24211-12-08;12 ORFS 1,3/16 (0)(Г);ORFS;12;1_3_16;0;гайка;легкая;false;false;null
24211-12-10;16 ORFS 1,3/16 (0)(Г);ORFS;16;1_3_16;0;гайка;легкая;false;false;null
24211-12-12;20 ORFS 1,3/16 (0)(Г);ORFS;20;1_3_16;0;гайка;легкая;false;false;null
24211-12-16;25 ORFS 1,3/16 (0)(Г);ORFS;25;1_3_16;0;гайка;легкая;false;false;null
24211-16-12;20 ORFS 1,7/16 (0)(Г);ORFS;20;1_7_16;0;гайка;легкая;false;false;null
24211-16-16;25 ORFS 1,7/16 (0)(Г);ORFS;25;1_7_16;0;гайка;легкая;false;false;null
24211-16-20;32 ORFS 1,7/16 (0)(Г);ORFS;32;1_7_16;0;гайка;легкая;false;false;null
24211-20-16;25 ORFS 1,11/16 (0)(Г);ORFS;25;1_11_16;0;гайка;легкая;false;false;null
24211-20-20;32 ORFS 1,11/16 (0)(Г);ORFS;32;1_11_16;0;гайка;легкая;false;false;null
24211-20-24;38 ORFS 1,11/16 (0)(Г);ORFS;38;1_11_16;0;гайка;легкая;false;false;null
24211-24-20;32 ORFS 2 (0)(Г);ORFS;32;2;0;гайка;легкая;false;false;null
24211-24-24;38 ORFS 2 (0)(Г);ORFS;38;2;0;гайка;легкая;false;false;null
24211-24-32;50 ORFS 2 (0)(Г);ORFS;50;2;0;гайка;легкая;false;false;null
24212-06-08;12 ORFS 11/16 (0)(Г);ORFS;12;11_16;0;гайка;тяжелая;false;false;null
24212-08-06;10 ORFS 13/16 (0)(Г);ORFS;10;13_16;0;гайка;тяжелая;false;false;null
24212-08-08;12 ORFS 13/16 (0)(Г);ORFS;12;13_16;0;гайка;тяжелая;false;false;null
24212-08-10;16 ORFS 13/16 (0)(Г);ORFS;16;13_16;0;гайка;тяжелая;false;false;null
24212-10-08;12 ORFS 1 (0)(Г);ORFS;12;1;0;гайка;тяжелая;false;false;null
24212-10-10;16 ORFS 1 (0)(Г);ORFS;16;1;0;гайка;тяжелая;false;false;null
24212-10-12;20 ORFS 1 (0)(Г);ORFS;20;1;0;гайка;тяжелая;false;false;null
24212-12-08;12 ORFS 1,3/16 (0)(Г);ORFS;12;1_3_16;0;гайка;тяжелая;false;false;null
24212-12-10;16 ORFS 1,3/16 (0)(Г);ORFS;16;1_3_16;0;гайка;тяжелая;false;false;null
24212-12-12;20 ORFS 1,3/16 (0)(Г);ORFS;20;1_3_16;0;гайка;тяжелая;false;false;null
24212-12-16;25 ORFS 1,3/16 (0)(Г);ORFS;25;1_3_16;0;гайка;тяжелая;false;false;null
24212-16-12;20 ORFS 1,7/16 (0)(Г);ORFS;20;1_7_16;0;гайка;тяжелая;false;false;null
24212-16-16;25 ORFS 1,7/16 (0)(Г);ORFS;25;1_7_16;0;гайка;тяжелая;false;false;null
24212-16-20;32 ORFS 1,7/16 (0)(Г);ORFS;32;1_7_16;0;гайка;тяжелая;false;false;null
24212-20-16;25 ORFS 1,11/16 (0)(Г);ORFS;25;1_11_16;0;гайка;тяжелая;false;false;null
24212-20-20;32 ORFS 1,11/16 (0)(Г);ORFS;32;1_11_16;0;гайка;тяжелая;false;false;null
24212-20-24;38 ORFS 1,11/16 (0)(Г);ORFS;38;1_11_16;0;гайка;тяжелая;false;false;null
24212-24-20;32 ORFS 2 (0)(Г);ORFS;32;2;0;гайка;тяжелая;false;false;null
24212-24-24;38 ORFS 2 (0)(Г);ORFS;38;2;0;гайка;тяжелая;false;false;null
24212-24-32;50 ORFS 2 (0)(Г);ORFS;50;2;0;гайка;тяжелая;false;false;null
24213-12-12;20 ORFS 1,3/16 (0)(Г) Interlock;ORFS;20;1_3_16;0;гайка;interlock;false;false;null
24213-16-16;25 ORFS 1,7/16 (0)(Г) Interlock;ORFS;25;1_7_16;0;гайка;interlock;false;false;null
24213-20-20;32 ORFS 1,11/16 (0)(Г) Interlock;ORFS;32;1_11_16;0;гайка;interlock;false;false;null
24241-04-04;06 ORFS 9/16 (45)(Г);ORFS;6;9_16;45;гайка;легкая;false;false;null
24241-04-05;08 ORFS 9/16 (45)(Г);ORFS;8;9_16;45;гайка;легкая;false;false;null
24241-04-06;10 ORFS 9/16 (45)(Г);ORFS;10;9_16;45;гайка;легкая;false;false;null
24241-06-04;06 ORFS 11/16 (45)(Г);ORFS;6;11_16;45;гайка;легкая;false;false;null
24241-06-05;08 ORFS 11/16 (45)(Г);ORFS;8;11_16;45;гайка;легкая;false;false;null
24241-06-06;10 ORFS 11/16 (45)(Г);ORFS;10;11_16;45;гайка;легкая;false;false;null
24241-06-08;12 ORFS 11/16 (45)(Г);ORFS;12;11_16;45;гайка;легкая;false;false;null
24241-08-04;06 ORFS 13/16 (45)(Г);ORFS;6;13_16;45;гайка;легкая;false;false;null
24241-08-05;08 ORFS 13/16 (45)(Г);ORFS;8;13_16;45;гайка;легкая;false;false;null
24241-08-06;10 ORFS 13/16 (45)(Г);ORFS;10;13_16;45;гайка;легкая;false;false;null
24241-08-08;12 ORFS 13/16 (45)(Г);ORFS;12;13_16;45;гайка;легкая;false;false;null
24241-08-10;16 ORFS 13/16 (45)(Г);ORFS;16;13_16;45;гайка;легкая;false;false;null
24241-10-08;12 ORFS 1 (45)(Г);ORFS;12;1;45;гайка;легкая;false;false;null
24241-10-10;16 ORFS 1 (45)(Г);ORFS;16;1;45;гайка;легкая;false;false;null
24241-10-12;20 ORFS 1 (45)(Г);ORFS;20;1;45;гайка;легкая;false;false;null
24241-12-08;12 ORFS 1,3/16 (45)(Г);ORFS;12;1_3_16;45;гайка;легкая;false;false;null
24241-12-10;16 ORFS 1,3/16 (45)(Г);ORFS;16;1_3_16;45;гайка;легкая;false;false;null
24241-12-12;20 ORFS 1,3/16 (45)(Г);ORFS;20;1_3_16;45;гайка;легкая;false;false;null
24241-12-16;25 ORFS 1,3/16 (45)(Г);ORFS;25;1_3_16;45;гайка;легкая;false;false;null
24241-16-12;20 ORFS 1,7/16 (45)(Г);ORFS;20;1_7_16;45;гайка;легкая;false;false;null
24241-16-16;25 ORFS 1,7/16 (45)(Г);ORFS;25;1_7_16;45;гайка;легкая;false;false;null
24241-16-20;32 ORFS 1,7/16 (45)(Г);ORFS;32;1_7_16;45;гайка;легкая;false;false;null
24241-20-16;25 ORFS 1,11/16 (45)(Г);ORFS;25;1_11_16;45;гайка;легкая;false;false;null
24241-20-20;32 ORFS 1,11/16 (45)(Г);ORFS;32;1_11_16;45;гайка;легкая;false;false;null
24241-20-24;38 ORFS 1,11/16 (45)(Г);ORFS;38;1_11_16;45;гайка;легкая;false;false;null
24241-24-24;38 ORFS 2 (45)(Г);ORFS;38;2;45;гайка;легкая;false;false;null
24241-24-32;50 ORFS 2 (45)(Г);ORFS;50;2;45;гайка;легкая;false;false;null
24242-06-06;10 ORFS 11/16 (45)(Г);ORFS;10;11_16;45;гайка;тяжелая;false;false;null
24242-06-08;12 ORFS 11/16 (45)(Г);ORFS;12;11_16;45;гайка;тяжелая;false;false;null
24242-08-06;10 ORFS 13/16 (45)(Г);ORFS;10;13_16;45;гайка;тяжелая;false;false;null
24242-08-08;12 ORFS 13/16 (45)(Г);ORFS;12;13_16;45;гайка;тяжелая;false;false;null
24242-08-10;16 ORFS 13/16 (45)(Г);ORFS;16;13_16;45;гайка;тяжелая;false;false;null
24242-10-08;12 ORFS 1 (45)(Г);ORFS;12;1;45;гайка;тяжелая;false;false;null
24242-10-10;16 ORFS 1 (45)(Г);ORFS;16;1;45;гайка;тяжелая;false;false;null
24242-10-12;20 ORFS 1 (45)(Г);ORFS;20;1;45;гайка;тяжелая;false;false;null
24242-12-08;12 ORFS 1,3/16 (45)(Г);ORFS;12;1_3_16;45;гайка;тяжелая;false;false;null
24242-12-10;16 ORFS 1,3/16 (45)(Г);ORFS;16;1_3_16;45;гайка;тяжелая;false;false;null
24242-12-12;20 ORFS 1,3/16 (45)(Г);ORFS;20;1_3_16;45;гайка;тяжелая;false;false;null
24242-12-16;25 ORFS 1,3/16 (45)(Г);ORFS;25;1_3_16;45;гайка;тяжелая;false;false;null
24242-16-12;20 ORFS 1,7/16 (45)(Г);ORFS;20;1_7_16;45;гайка;тяжелая;false;false;null
24242-16-16;25 ORFS 1,7/16 (45)(Г);ORFS;25;1_7_16;45;гайка;тяжелая;false;false;null
24242-16-20;32 ORFS 1,7/16 (45)(Г);ORFS;32;1_7_16;45;гайка;тяжелая;false;false;null
24242-20-16;25 ORFS 1,11/16 (45)(Г);ORFS;25;1_11_16;45;гайка;тяжелая;false;false;null
24242-20-20;32 ORFS 1,11/16 (45)(Г);ORFS;32;1_11_16;45;гайка;тяжелая;false;false;null
24242-20-24;38 ORFS 1,11/16 (45)(Г);ORFS;38;1_11_16;45;гайка;тяжелая;false;false;null
24242-24-24;38 ORFS 2 (45)(Г);ORFS;38;2;45;гайка;тяжелая;false;false;null
24242-24-32;50 ORFS 2 (45)(Г);ORFS;50;2;45;гайка;тяжелая;false;false;null
24243-12-12;20 ORFS 1,3/16 (45)(Г) Interlock;ORFS;20;1_3_16;45;гайка;interlock;false;false;null
24243-16-16;25 ORFS 1,7/16 (45)(Г) Interlock;ORFS;25;1_7_16;45;гайка;interlock;false;false;null
24243-20-20;32 ORFS 1,11/16 (45)(Г) Interlock;ORFS;32;1_11_16;45;гайка;interlock;false;false;null
24291-04-04;06 ORFS 9/16 (90)(Г);ORFS;6;9_16;90;гайка;легкая;false;false;null
24291-04-05;08 ORFS 9/16 (90)(Г);ORFS;8;9_16;90;гайка;легкая;false;false;null
24291-04-06;10 ORFS 9/16 (90)(Г);ORFS;10;9_16;90;гайка;легкая;false;false;null
24291-06-04;06 ORFS 11/16 (90)(Г);ORFS;6;11_16;90;гайка;легкая;false;false;null
24291-06-05;08 ORFS 11/16 (90)(Г);ORFS;8;11_16;90;гайка;легкая;false;false;null
24291-06-06;10 ORFS 11/16 (90)(Г);ORFS;10;11_16;90;гайка;легкая;false;false;null
24291-06-08;12 ORFS 11/16 (90)(Г);ORFS;12;11_16;90;гайка;легкая;false;false;null
24291-08-04;06 ORFS 13/16 (90)(Г);ORFS;6;13_16;90;гайка;легкая;false;false;null
24291-08-05;08 ORFS 13/16 (90)(Г);ORFS;8;13_16;90;гайка;легкая;false;false;null
24291-08-06;10 ORFS 13/16 (90)(Г);ORFS;10;13_16;90;гайка;легкая;false;false;null
24291-08-08;12 ORFS 13/16 (90)(Г);ORFS;12;13_16;90;гайка;легкая;false;false;null
24291-08-10;16 ORFS 13/16 (90)(Г);ORFS;16;13_16;90;гайка;легкая;false;false;null
24291-10-08;12 ORFS 1 (90)(Г);ORFS;12;1;90;гайка;легкая;false;false;null
24291-10-10;16 ORFS 1 (90)(Г);ORFS;16;1;90;гайка;легкая;false;false;null
24291-10-12;20 ORFS 1 (90)(Г);ORFS;20;1;90;гайка;легкая;false;false;null
24291-12-08;12 ORFS 1,3/16 (90)(Г);ORFS;12;1_3_16;90;гайка;легкая;false;false;null
24291-12-10;16 ORFS 1,3/16 (90)(Г);ORFS;16;1_3_16;90;гайка;легкая;false;false;null
24291-12-12;20 ORFS 1,3/16 (90)(Г);ORFS;20;1_3_16;90;гайка;легкая;false;false;null
24291-12-16;25 ORFS 1,3/16 (90)(Г);ORFS;25;1_3_16;90;гайка;легкая;false;false;null
24291-16-12;20 ORFS 1,7/16 (90)(Г);ORFS;20;1_7_16;90;гайка;легкая;false;false;null
24291-16-16;25 ORFS 1,7/16 (90)(Г);ORFS;25;1_7_16;90;гайка;легкая;false;false;null
24291-16-20;32 ORFS 1,7/16 (90)(Г);ORFS;32;1_7_16;90;гайка;легкая;false;false;null
24291-20-16;25 ORFS 1,11/16 (90)(Г);ORFS;25;1_11_16;90;гайка;легкая;false;false;null
24291-20-20;32 ORFS 1,11/16 (90)(Г);ORFS;32;1_11_16;90;гайка;легкая;false;false;null
24291-20-24;38 ORFS 1,11/16 (90)(Г);ORFS;38;1_11_16;90;гайка;легкая;false;false;null
24291-24-24;38 ORFS 2 (90)(Г);ORFS;38;2;90;гайка;легкая;false;false;null
24291-24-32;50 ORFS 2 (90)(Г);ORFS;50;2;90;гайка;легкая;false;false;null
24292-06-08;12 ORFS 11/16 (90)(Г);ORFS;12;11_16;90;гайка;тяжелая;false;false;null
24292-08-08;12 ORFS 13/16 (90)(Г);ORFS;12;13_16;90;гайка;тяжелая;false;false;null
24292-08-10;16 ORFS 13/16 (90)(Г);ORFS;16;13_16;90;гайка;тяжелая;false;false;null
24292-10-08;12 ORFS 1 (90)(Г);ORFS;12;1;90;гайка;тяжелая;false;false;null
24292-10-10;16 ORFS 1 (90)(Г);ORFS;16;1;90;гайка;тяжелая;false;false;null
24292-10-12;20 ORFS 1 (90)(Г);ORFS;20;1;90;гайка;тяжелая;false;false;null
24292-12-08;12 ORFS 1,3/16 (90)(Г);ORFS;12;1_3_16;90;гайка;тяжелая;false;false;null
24292-12-10;16 ORFS 1,3/16 (90)(Г);ORFS;16;1_3_16;90;гайка;тяжелая;false;false;null
24292-12-12;20 ORFS 1,3/16 (90)(Г);ORFS;20;1_3_16;90;гайка;тяжелая;false;false;null
24292-12-16;25 ORFS 1,3/16 (90)(Г);ORFS;25;1_3_16;90;гайка;тяжелая;false;false;null
24292-16-12;20 ORFS 1,7/16 (90)(Г);ORFS;20;1_7_16;90;гайка;тяжелая;false;false;null
24292-16-16;25 ORFS 1,7/16 (90)(Г);ORFS;25;1_7_16;90;гайка;тяжелая;false;false;null
24292-16-20;32 ORFS 1,7/16 (90)(Г);ORFS;32;1_7_16;90;гайка;тяжелая;false;false;null
24292-20-16;25 ORFS 1,11/16 (90)(Г);ORFS;25;1_11_16;90;гайка;тяжелая;false;false;null
24292-20-20;32 ORFS 1,11/16 (90)(Г);ORFS;32;1_11_16;90;гайка;тяжелая;false;false;null
24292-20-24;38 ORFS 1,11/16 (90)(Г);ORFS;38;1_11_16;90;гайка;тяжелая;false;false;null
24292-24-24;38 ORFS 2 (90)(Г);ORFS;38;2;90;гайка;тяжелая;false;false;null
24292-24-32;50 ORFS 2 (90)(Г);ORFS;50;2;90;гайка;тяжелая;false;false;null
24293-12-12;20 ORFS 1,3/16 (90)(Г) Interlock;ORFS;20;1_3_16;90;гайка;interlock;false;false;null
24293-16-16;25 ORFS 1,7/16 (90)(Г) Interlock;ORFS;25;1_7_16;90;гайка;interlock;false;false;null
24293-20-20;32 ORFS 1,11/16 (90)(Г) Interlock;ORFS;32;1_11_16;90;гайка;interlock;false;false;null
